order_id,customer_id,order_date,product,category,quantity,amount,status
1,eAB08E4653ebd90,2024-08-20,Jeans,Clothing,4,741.78,cancelled
2,FDBbdC7DA75a0c6,2025-10-29,SQL Guide,Books,1,2660.38,cancelled
3,cFAc1a9313B4B92,2024-10-06,iPhone,Electronics,1,1575.17,cancelled
4,Cbaf97Db22dB710,2026-03-17,Keyboard,Electronics,1,576.59,created
5,c2c569dB2EC9841,2024-05-08,T-Shirt,Clothing,4,310.84,created
6,31baACdA94f03aF,2025-11-13,SQL Guide,Books,5,847.03,delivered
7,A3f4755e75887f1,2024-12-24,Python Book,Books,5,1793.42,delivered
8,adec99FF9A83eF3,2025-11-06,T-Shirt,Clothing,5,2341.35,created
9,EadbB5c79a1e2Ee,2025-08-06,Jeans,Clothing,2,1021.89,paid
10,a92eDdfd0135Cbc,2025-06-26,T-Shirt,Clothing,2,669.19,delivered
11,B806Ba17d4cC9e4,2024-06-20,Sneakers,Clothing,5,1441.85,delivered
12,5d03eF37EEBF136,2025-07-04,Laptop,Electronics,5,2411.66,paid
13,1b2c3d4A9Aa7CAB,2024-10-22,Monitor,Electronics,5,2780.98,created
14,B2B1561aDCEc9d7,2024-11-19,Sneakers,Clothing,3,1885.77,shipped
15,2F6AB5eEc19dADC,2024-09-18,Data Engineering,Books,4,954.1,delivered
16,8e4eCBa5124c226,2026-02-23,SQL Guide,Books,5,2561.96,shipped
17,e3e6ebd1BDcc7E4,2025-11-11,T-Shirt,Clothing,1,2918.97,cancelled
18,83aDBA066af62E3,2024-10-01,Jeans,Clothing,4,611.54,cancelled
19,CAac2F1fbDcC586,2024-12-14,Python Book,Books,1,929.52,delivered
20,3Cd026bBC729df6,2024-09-27,iPhone,Electronics,1,1180.77,paid
21,D9ddeAdF3d8477b,2025-07-06,Data Engineering,Books,4,1828.09,created
22,E4F9c9fE0a02A8A,2026-03-25,T-Shirt,Clothing,3,2104.41,delivered
23,C9466b7F9249eDF,2025-05-27,Monitor,Electronics,2,521.99,paid
24,bC69AC660AFe6A7,2024-07-02,Python Book,Books,2,223.42,cancelled
25,a3Fe5F07eeCd0Ce,2025-12-24,SQL Guide,Books,1,2492.97,created
26,3Bb57098C6a9743,2025-03-29,Laptop,Electronics,5,1197.04,shipped
27,A9148ca7e8C4BBA,2025-12-28,Sneakers,Clothing,4,1981.69,paid
28,d69e7e4ABF0Fd15,2024-06-13,Jeans,Clothing,3,210.84,shipped
29,121bb0E4D1e19f3,2026-01-03,T-Shirt,Clothing,3,991.72,paid
30,Ef83437FF6cEfdc,2025-09-17,T-Shirt,Clothing,4,2729.63,cancelled
31,01dBdF24b6cb4f0,2025-10-13,Sneakers,Clothing,3,648.73,paid
32,F69037FaCc0fc1d,2024-06-14,Python Book,Books,1,2237.55,paid
33,52E01CCCA1Fc59E,2025-09-29,Machine Learning,Books,4,1210.9,cancelled
34,EeB6BE5cdc99AbF,2026-04-26,Monitor,Electronics,2,1642.25,shipped
35,2dD9120f2904d15,2025-05-23,Jeans,Clothing,5,2693.99,created
36,1AD33a4FD830d36,2025-05-22,Keyboard,Electronics,3,2161.22,created
37,BFBbd9A06e7D76E,2024-07-20,Jeans,Clothing,4,2954.56,delivered
38,b41Cbeb3Edc1055,2025-02-16,SQL Guide,Books,5,1498.87,paid
39,Ba68DCcFF7f5da6,2025-10-09,Sneakers,Clothing,1,2973.78,shipped
40,E7E5CC790DEeAFE,2025-09-05,Jeans,Clothing,3,824.94,delivered
41,feDF54FFB266Dd3,2024-10-18,Keyboard,Electronics,2,1369.49,delivered
42,e24f6Ed19c7FeDD,2025-10-10,Jeans,Clothing,5,1388.39,shipped
43,B0cfcDdf06D0B31,2024-12-19,Jeans,Clothing,1,2453.67,shipped
44,fd3a5ca77fbEdB9,2025-07-05,Data Engineering,Books,4,2799.97,cancelled
45,bDbdcAcCCea109F,2026-05-02,Keyboard,Electronics,4,1356.4,delivered
46,6Fa28843ebdBF9F,2026-01-29,Data Engineering,Books,4,63.65,cancelled
47,ebFb2A59ebfFe8D,2025-10-10,SQL Guide,Books,1,2359.4,delivered
48,b59CeDBF4bE4BaD,2025-09-02,T-Shirt,Clothing,1,789.38,delivered
49,5acF5329e1Af375,2025-02-15,Python Book,Books,1,500.54,delivered
50,9070bBBEd4CCD0D,2025-12-30,Machine Learning,Books,3,884.23,delivered
51,2caCBbEB7aab54a,2025-12-18,Jeans,Clothing,3,330.69,shipped
52,964eB6D72BeEabC,2024-06-29,Jacket,Clothing,4,982.64,paid
53,fD3f7676bb631B8,2024-12-05,iPhone,Electronics,3,2711.39,created
54,82d58B1e53FC8bB,2025-03-16,Data Engineering,Books,2,1268.93,paid
55,Bfeb7a976D01BdA,2024-12-07,Jacket,Clothing,4,1552.69,created
56,62BCF1bFFd0E27f,2025-11-05,SQL Guide,Books,2,2425.89,created
57,6fA0DEfAcaa3e1b,2024-11-02,Jacket,Clothing,2,2285.07,paid
58,163b39F75ccc4Af,2025-06-17,iPhone,Electronics,4,630.73,delivered
59,AFfF19d35aFb5fc,2024-08-18,Jacket,Clothing,5,2028.87,shipped
60,Ba4cdbC217b0c3C,2025-01-05,Sneakers,Clothing,3,1164.13,created
61,8ABAD8cAdbE5988,2024-08-17,Monitor,Electronics,1,743.92,delivered
62,B6FC004dA243AF4,2026-01-09,T-Shirt,Clothing,5,804.57,created
63,6eEa6EbfCfE150F,2024-10-09,Machine Learning,Books,2,62.21,delivered
64,DDe331A8cC65280,2025-10-21,SQL Guide,Books,2,1946.92,paid
65,4Efc9DBb60EfDce,2025-10-26,Data Engineering,Books,2,2795.88,paid
66,DAb2462f7aEbffB,2026-04-12,Keyboard,Electronics,5,900.52,delivered
67,EE754fcC72c0d4D,2026-04-29,Monitor,Electronics,3,826.43,created
68,32CA62a344d1e1C,2025-07-16,Python Book,Books,2,257.55,cancelled
69,0705FeC4e3FB6Bc,2026-04-07,Data Engineering,Books,2,728.15,delivered
70,F8B27004a51f8bF,2025-02-27,Python Book,Books,4,724.78,shipped
71,fA2F98A64CEBF1b,2025-12-13,Jeans,Clothing,3,2952.43,shipped
72,138C71Dd0620744,2025-03-19,Keyboard,Electronics,3,2724.4,created
73,72Df28060f5d6B4,2025-08-15,Jacket,Clothing,2,1155.68,delivered
74,dDD2ba3aa36aaf0,2025-09-02,iPhone,Electronics,5,2858.73,paid
75,42eB5d7a868247b,2024-06-12,Monitor,Electronics,2,289.52,paid
76,84edeADAa6f4bA0,2025-11-23,Sneakers,Clothing,2,1248.62,paid
77,1cCB16AE706c9a6,2024-09-16,Headphones,Electronics,5,2826.4,delivered
78,cF3C1DcAE3bcF8d,2025-08-01,Jacket,Clothing,1,1723.35,delivered
79,84C78F98416A3A0,2025-05-17,Keyboard,Electronics,2,2432.64,shipped
80,4FAe1eB96b1CE4b,2024-05-20,SQL Guide,Books,5,2102.35,cancelled
81,ACaAEdD3Aaddf33,2026-05-01,T-Shirt,Clothing,2,59.41,created
82,C8958edFcfeA7d3,2025-11-04,SQL Guide,Books,5,1135.08,cancelled
83,6EBe1e1C8f6EDfC,2025-06-07,SQL Guide,Books,3,940.44,created
84,61C6bF9e6ffc4Af,2025-01-08,Python Book,Books,2,86.72,created
85,81fF0c0A21F6d68,2024-06-14,Python Book,Books,5,956.71,delivered
86,EA34EcF614FF7fa,2025-02-24,Data Engineering,Books,5,1774.53,shipped
87,babA3ab7ADED12A,2025-06-23,Headphones,Electronics,1,2560.0,delivered
88,aBeC6Dc5aF704e7,2026-03-19,Keyboard,Electronics,5,29.14,paid
89,CeA5D861Dae543A,2025-05-07,Laptop,Electronics,3,406.72,paid
90,C5Af54cbE6Dd6aF,2025-09-18,SQL Guide,Books,5,399.92,paid
91,cdE062Dde0c89C4,2024-12-31,iPhone,Electronics,1,2795.43,paid
92,0aF0eD54E9D3cFa,2026-02-15,Jeans,Clothing,1,1904.55,created
93,9e662A5e26aac3C,2025-05-05,Data Engineering,Books,5,2926.99,paid
94,1bE90D35bcf0c17,2025-08-18,Jacket,Clothing,3,854.66,created
95,02ee9DC86Ce9c79,2024-12-04,Jeans,Clothing,4,1217.2,delivered
96,f1a95c2cbbAbd13,2025-08-29,Headphones,Electronics,1,1541.01,shipped
97,2cEc3faBcF56d5e,2025-06-15,SQL Guide,Books,1,1166.87,cancelled
98,ef3B41f50EeAeCA,2024-05-24,Machine Learning,Books,2,2481.42,cancelled
99,9285D4257150323,2025-10-09,Laptop,Electronics,4,248.13,created
100,CDc0AbA1C5DF2e3,2025-11-15,Keyboard,Electronics,1,1789.87,created
101,e23AD75D588FFFA,2024-11-05,Sneakers,Clothing,4,2604.44,shipped
102,F2FAaa81466f59c,2025-10-14,SQL Guide,Books,5,85.97,delivered
103,2803BdAE88cFB2A,2026-03-28,Python Book,Books,1,2958.21,cancelled
104,2ACaA0baa786Bca,2025-03-22,Python Book,Books,2,1799.84,shipped
105,c5A22ed0Fe7A1E4,2026-03-10,Data Engineering,Books,4,1395.2,cancelled
106,7025B6f3C945CDc,2025-12-19,Jacket,Clothing,1,2067.13,delivered
107,E1DEE3d28ea343C,2025-05-18,Monitor,Electronics,1,643.65,paid
108,A1B7bFa4df57B5a,2025-03-25,Python Book,Books,3,2637.62,delivered
109,4E2012FF32A19a8,2025-12-31,Monitor,Electronics,2,2814.26,paid
110,98020cB3A1f8Ecb,2024-10-18,Machine Learning,Books,3,543.33,shipped
111,FCE103Ef8C1A4f3,2026-04-06,Machine Learning,Books,4,2758.06,delivered
112,0d5689A3A51Ff3d,2024-05-25,Headphones,Electronics,2,2540.72,delivered
113,e642c29A7CC842b,2026-02-06,Headphones,Electronics,2,103.43,paid
114,B97BE6D7BCaF22D,2024-10-18,Headphones,Electronics,3,2753.41,paid
115,Fc18aFCe1BCfC9d,2025-02-28,Jacket,Clothing,2,926.07,created
116,0AeDADf636deE82,2025-02-26,Machine Learning,Books,2,2613.84,delivered
117,F60DBEdDaCBaA1d,2025-02-21,Keyboard,Electronics,4,2611.29,cancelled
118,1aA10dd1C0f9C09,2025-02-27,Data Engineering,Books,5,914.11,paid
119,CEf0Ef6cEDbEaBA,2026-04-22,Machine Learning,Books,1,1771.79,delivered
120,8e75Fd47d591fAe,2026-04-02,Keyboard,Electronics,3,1712.79,shipped
121,b8Bc2Cbba4FC4a0,2025-03-30,Data Engineering,Books,3,1965.24,delivered
122,eAFc0bDEf37885a,2025-12-28,Headphones,Electronics,1,217.62,cancelled
123,2D69B6c552e0897,2024-11-26,Machine Learning,Books,5,807.45,paid
124,1fF4dD2FC1f2962,2024-11-07,Jacket,Clothing,1,2821.09,shipped
125,c7F20ec2A6f591D,2026-03-07,Headphones,Electronics,1,681.48,created
126,FaDB308FaE411cd,2026-01-30,Monitor,Electronics,2,2320.69,paid
127,DC7D5DC8ff6Ea27,2026-04-12,Machine Learning,Books,2,968.15,shipped
128,e8e68BcFA2CDA2b,2026-04-27,Laptop,Electronics,2,946.94,delivered
129,5D3439208Ee1CEa,2024-06-21,Laptop,Electronics,4,1983.86,paid
130,78e33FbbcA3bDaB,2025-06-15,SQL Guide,Books,1,1117.84,created
131,267EEbb3a43A78b,2024-06-24,Python Book,Books,1,1749.37,cancelled
132,335FecbE97A0Dc1,2025-12-23,T-Shirt,Clothing,4,992.66,cancelled
133,aba2d0b3eaB15a4,2025-02-02,Jacket,Clothing,1,2633.41,paid
134,8Dd0828F40bbb67,2024-12-28,Data Engineering,Books,2,1076.8,created
135,de867E4f1a9C6d4,2024-09-01,Machine Learning,Books,4,2246.0,cancelled
136,ADD02feFd7bbD46,2025-03-29,Python Book,Books,3,2466.69,paid
137,49E0453800aCbE0,2026-04-01,Headphones,Electronics,4,1737.96,cancelled
138,EdC8DCDd72b625f,2025-07-29,Python Book,Books,4,2419.41,shipped
139,c1c9a2Bc517F4BD,2025-09-28,SQL Guide,Books,1,2918.5,delivered
140,cD8E5C5AF3aa877,2024-11-16,Data Engineering,Books,5,1114.35,delivered
141,0adceA5bb4b97E1,2025-11-03,SQL Guide,Books,4,1321.74,cancelled
142,4aaC25E9C60d60B,2026-02-15,Machine Learning,Books,2,1045.73,shipped
143,dC6b80ddAEf7AC4,2024-11-23,Sneakers,Clothing,3,67.9,cancelled
144,af6Cd91ACF2a685,2024-08-16,Sneakers,Clothing,4,2315.5,cancelled
145,D734Ab413AcCC51,2025-03-15,Sneakers,Clothing,1,753.78,delivered
146,4e8Ab04ea6E0E6D,2024-09-18,Jeans,Clothing,5,2884.46,delivered
147,daEBf08A160d0CE,2024-12-24,Jacket,Clothing,4,865.13,paid
148,fAAe7d6fbA0DE7c,2025-11-30,Headphones,Electronics,3,196.86,cancelled
149,8bE9F6890Ec09dF,2024-10-29,T-Shirt,Clothing,4,2219.28,paid
150,EF5D6f6c9fF21c1,2024-06-25,iPhone,Electronics,3,203.44,created
151,afEdb4BEA2801d3,2025-04-25,Jacket,Clothing,1,1381.02,created
152,8bC2Dc6BE322bfC,2024-05-26,Jacket,Clothing,2,1524.0,shipped
153,6E681ef22187BF5,2025-06-20,Machine Learning,Books,5,2956.7,paid
154,4eECC69e80BCDEe,2025-06-26,Headphones,Electronics,3,799.24,cancelled
155,2D70eB3ceA1E42f,2026-01-18,Headphones,Electronics,4,2255.51,created
156,9b102Dc9Ab8bA5C,2024-09-30,Jeans,Clothing,4,1726.6,delivered
157,b479FfcCa76AE8D,2026-01-17,Headphones,Electronics,2,2494.95,delivered
158,C56ADEC0bD0adc0,2026-03-01,Sneakers,Clothing,4,867.07,delivered
159,Bc59dF90DaDa3Ed,2025-03-10,Jeans,Clothing,3,2409.65,paid
160,EDbbaDeaEd45cf8,2025-05-12,Monitor,Electronics,1,2993.19,shipped
161,C4DbBfdC75C5CAd,2024-09-14,Machine Learning,Books,3,1861.46,cancelled
162,b17b37EAA92fC77,2026-01-22,T-Shirt,Clothing,4,2422.95,cancelled
163,0040eb3dC6ee5b6,2025-05-14,Jeans,Clothing,5,2748.2,delivered
164,6E97F086F1A0ee9,2024-09-01,SQL Guide,Books,4,358.44,delivered
165,db9cc905DF6557D,2025-10-17,Headphones,Electronics,3,855.41,delivered
166,A6fbc6b7FFaf8d2,2026-04-11,Keyboard,Electronics,1,2682.3,shipped
167,4F686efd5bfeF8f,2024-07-03,Monitor,Electronics,4,809.73,created
168,eEA25ed933AE3cA,2024-11-21,Keyboard,Electronics,1,1838.3,shipped
169,12F7144A14f04DB,2025-09-23,SQL Guide,Books,5,121.99,created
170,c3eA0acFd9964aa,2025-11-13,Laptop,Electronics,2,866.58,paid
171,cDE9Ddc1bF5F9A7,2024-12-22,Headphones,Electronics,4,307.03,shipped
172,B79CA25cebB2a04,2025-08-24,T-Shirt,Clothing,5,575.58,delivered
173,1C7BAC2eDC55be2,2026-02-04,Python Book,Books,1,2661.99,cancelled
174,b21EBC6b6EBf3CD,2024-11-13,Machine Learning,Books,2,228.8,created
175,9F5AbAc768F9479,2025-03-30,T-Shirt,Clothing,5,2553.86,created
176,81Ee2fa7C41adA0,2024-05-23,Jeans,Clothing,4,2444.88,cancelled
177,061e47aCDEfB6Fa,2024-06-01,T-Shirt,Clothing,1,2028.11,paid
178,adCcADcfeb6fb4f,2025-04-11,Machine Learning,Books,1,2505.85,paid
179,9ABB55c97A3c4B4,2025-06-20,Python Book,Books,5,2479.41,paid
180,CDCFDb936C3dAf1,2026-04-09,SQL Guide,Books,3,398.16,delivered
181,553A09E25c4baa1,2024-10-14,Data Engineering,Books,4,1528.53,delivered
182,001Cdd6C1363a9c,2025-11-12,Sneakers,Clothing,5,334.23,cancelled
183,31398354B7d892B,2024-06-05,Machine Learning,Books,5,22.83,cancelled
184,Eb06B7B0c9EFDDe,2024-09-03,SQL Guide,Books,1,2541.62,delivered
185,8b51A6E136ddd88,2024-10-09,SQL Guide,Books,3,540.6,cancelled
186,37B72800600061A,2024-05-16,Python Book,Books,4,1807.19,paid
187,071D6e16d6FBfcb,2025-11-01,Machine Learning,Books,1,851.26,created
188,3D32E5B3b4E3acD,2025-08-06,Headphones,Electronics,5,34.35,created
189,f914B5197760d50,2025-12-03,Monitor,Electronics,4,2375.26,cancelled
190,D84E3A5a8fc42fC,2025-05-26,Jeans,Clothing,4,2121.5,shipped
191,FCdc3487d6eaAfA,2025-10-23,Data Engineering,Books,2,966.73,paid
192,CCaAabbACB3F7D2,2024-07-30,Jeans,Clothing,3,1439.65,created
193,2D5Fda35a4C55EA,2026-03-19,Keyboard,Electronics,2,2102.86,delivered
194,89A0AAE32a3d5fd,2025-07-05,Python Book,Books,5,1444.61,cancelled
195,EAA7B0dE9Bca98e,2024-08-20,Monitor,Electronics,1,192.63,delivered
196,dd63aD1DD600cAe,2024-06-05,Sneakers,Clothing,2,1066.52,delivered
197,9F9A70025e11c5f,2024-05-10,Headphones,Electronics,2,605.66,cancelled
198,88BdE4899d0F282,2026-03-05,Python Book,Books,2,1218.35,shipped
199,b20c060718d87D9,2024-07-15,SQL Guide,Books,5,92.61,shipped
200,A2Db859935fF14B,2025-12-11,Machine Learning,Books,1,2360.93,paid
201,AD511Fe1d8e68F1,2025-08-02,Keyboard,Electronics,4,1206.9,created
202,7225aDeCE6ABeB5,2026-01-06,Monitor,Electronics,1,2597.53,delivered
203,ecE1B06f9DbD1Dc,2026-04-06,SQL Guide,Books,2,2498.19,shipped
204,D50E951D6b07fF7,2025-12-11,Sneakers,Clothing,5,677.6,shipped
205,392C6E3eaAaF03A,2025-11-15,Monitor,Electronics,3,237.49,cancelled
206,d483c3e681Aa662,2025-05-07,Jeans,Clothing,2,2548.93,shipped
207,6c95BcD7A5EB0A7,2025-12-15,Keyboard,Electronics,3,1810.09,cancelled
208,eB5C5DBdD3eE8c1,2025-08-26,Data Engineering,Books,2,1221.48,shipped
209,503493900209082,2024-07-14,Jeans,Clothing,4,704.59,created
210,3D51eBd732C70E3,2025-05-14,Keyboard,Electronics,2,2996.92,cancelled
211,781f86D74A9D93D,2024-08-10,Python Book,Books,5,358.58,shipped
212,af86F8d4CDA7ad9,2026-04-22,Headphones,Electronics,2,1776.42,paid
213,2DCB10f519CbFEB,2025-09-29,Keyboard,Electronics,1,2105.57,paid
214,EA715ACF1C3DbB7,2026-02-26,Laptop,Electronics,5,867.27,paid
215,36ea59BD728Af20,2025-11-14,Monitor,Electronics,4,2451.69,created
216,4C6ee3e5fe3D9c1,2024-05-20,T-Shirt,Clothing,4,225.93,paid
217,c0F0fbCE2ADebae,2025-12-08,Jeans,Clothing,5,1335.83,delivered
218,a3Ab6cC7bfC732d,2025-03-15,Machine Learning,Books,5,2350.33,shipped
219,F8f2139E03FaFc8,2025-05-14,Laptop,Electronics,2,889.2,created
220,71bEaCdCcCDafBC,2025-11-10,Python Book,Books,1,108.44,shipped
221,b165f6148CB8EdA,2024-09-08,iPhone,Electronics,2,325.86,created
222,Cb2DF8b90dED1Eb,2025-10-30,Machine Learning,Books,3,1496.59,delivered
223,DCEDA0AAd398E71,2025-05-20,iPhone,Electronics,2,982.95,shipped
224,1acaB1C0BcAb9B1,2025-01-22,Keyboard,Electronics,1,1247.94,paid
225,b3bEf5f134cB162,2024-10-21,Sneakers,Clothing,3,1705.78,cancelled
226,c200CfaC1fb16fE,2025-03-10,T-Shirt,Clothing,1,64.76,cancelled
227,915b84cc68cBDca,2025-05-26,Data Engineering,Books,2,686.37,shipped
228,0aA8c9eD7eA81DC,2025-01-17,Keyboard,Electronics,5,1661.97,cancelled
229,a2dd9b1Ca944cD3,2025-12-26,Sneakers,Clothing,5,550.16,created
230,a152996EDEC59ad,2024-11-26,Data Engineering,Books,4,525.79,paid
231,AAEac12d7bC8c71,2025-09-26,Machine Learning,Books,2,239.53,cancelled
232,BbeACa829CDBf59,2024-05-10,Jeans,Clothing,2,461.96,paid
233,D9BECc77cb97AeD,2024-11-28,Jeans,Clothing,2,2302.24,created
234,bAABecF8B137fFd,2025-12-26,Data Engineering,Books,2,34.07,cancelled
235,D0FD51298eb45c9,2024-11-08,Jacket,Clothing,2,2187.91,cancelled
236,0B3A32cAa8cB62d,2024-06-22,Headphones,Electronics,4,1231.48,paid
237,aeafd54A8fFb62E,2024-10-13,T-Shirt,Clothing,3,1432.56,created
238,E0a4F2C8a0DF772,2024-08-23,SQL Guide,Books,3,2660.58,paid
239,A6D6d52dB7bC836,2025-04-04,iPhone,Electronics,1,2479.95,delivered
240,8cCDb024fa6Bcd2,2024-10-28,Keyboard,Electronics,1,2854.89,shipped
241,CFf1A4b87667F1F,2024-09-02,Data Engineering,Books,1,1572.64,created
242,fa84CE3C4Ce73eA,2025-02-18,Headphones,Electronics,1,1717.3,created
243,dB2fe5acC794DBD,2024-06-14,Data Engineering,Books,3,2196.43,created
244,5f3652DED09AE2F,2025-10-13,SQL Guide,Books,3,1186.99,paid
245,9ade82bF80D212B,2024-09-20,Python Book,Books,2,773.63,paid
246,EbdEbb8d7FbDB61,2025-04-04,Machine Learning,Books,1,1413.85,paid
247,199D50bCc055a7B,2024-11-24,Python Book,Books,2,956.31,created
248,0BDD440D0fFC5Db,2026-03-24,Sneakers,Clothing,4,766.33,created
249,5Fa0Efe7C0DdDBA,2025-05-06,Headphones,Electronics,3,13.23,created
250,8ff952fAbcdbAef,2025-12-25,Sneakers,Clothing,1,2387.0,cancelled
251,aE9290Ec9B659d4,2026-02-10,Data Engineering,Books,1,1043.86,delivered
252,F11753F547E5f67,2024-10-22,Jeans,Clothing,1,2879.63,cancelled
253,CdcCC0Ea42bB0eF,2025-09-21,Jacket,Clothing,2,1178.79,paid
254,1b29BeaEdD8Ac01,2026-04-13,Jacket,Clothing,4,770.22,created
255,5Ee652E97E6FD15,2026-02-10,Sneakers,Clothing,3,517.97,paid
256,Ebe6C2dbcEE9525,2024-08-29,Python Book,Books,3,435.55,shipped
257,210C0B7CE0E41aa,2025-03-27,SQL Guide,Books,1,218.01,delivered
258,74a1f1C71eFDbca,2026-03-16,Data Engineering,Books,1,2930.47,shipped
259,A6097B9E4cDeeA6,2024-09-21,Python Book,Books,3,1934.08,paid
260,0bf0c46F8F1EFF3,2024-07-11,Laptop,Electronics,5,172.85,shipped
261,ebcc62D7D0a1B8E,2026-04-15,Jacket,Clothing,4,739.63,delivered
262,1D250C24a3e4cab,2024-09-03,Monitor,Electronics,1,1665.02,shipped
263,005fce1735cfAEF,2025-10-16,Python Book,Books,2,1335.67,delivered
264,20cFbBcdC7776e3,2025-07-22,Jacket,Clothing,1,1821.18,paid
265,835C3D8e6d0eCD7,2024-06-15,Sneakers,Clothing,1,1717.84,paid
266,5254A2eDa6DcC9e,2026-04-11,Data Engineering,Books,1,2224.96,shipped
267,31C49A72AE29f61,2025-02-26,Python Book,Books,1,539.83,paid
268,dEcab1E2eA59b78,2025-05-05,Laptop,Electronics,3,624.98,shipped
269,15Aa41E36B899cB,2024-09-16,Monitor,Electronics,4,835.69,shipped
270,B6aEF8D8DC0EADA,2025-03-17,Machine Learning,Books,5,1097.37,delivered
271,0BfeAfd1Afcc3E5,2024-09-23,iPhone,Electronics,5,1148.89,cancelled
272,9847659b6Eda0AA,2024-09-30,T-Shirt,Clothing,3,2290.65,created
273,cdaC1aa69eCff71,2024-05-10,Sneakers,Clothing,5,2557.12,paid
274,7F85BF8060019BE,2025-05-29,SQL Guide,Books,4,2106.96,paid
275,6b40F75Cb3EAFcD,2024-12-27,iPhone,Electronics,3,991.95,cancelled
276,f797a63Da4dEf5b,2025-01-28,Laptop,Electronics,2,558.71,delivered
277,dfAe94820f3b743,2024-08-01,Monitor,Electronics,5,2901.68,shipped
278,B5FDB5b7cf71CF9,2025-09-27,Jacket,Clothing,1,1594.61,paid
279,330789a0c52fD71,2025-10-13,Sneakers,Clothing,3,1294.4,shipped
280,823A2abEBf0fB0b,2025-09-03,SQL Guide,Books,4,180.59,paid
281,DB413feCfBea0F8,2024-11-05,Jeans,Clothing,5,1854.38,delivered
282,cCd05DC4da7efd1,2024-07-21,Monitor,Electronics,4,1340.68,paid
283,aD21Bb5c5Fc4eAf,2025-12-18,Data Engineering,Books,4,747.02,created
284,Bd7316bE5df36aB,2025-09-07,T-Shirt,Clothing,2,226.39,shipped
285,440Ef2c7560E8ba,2025-07-25,Monitor,Electronics,1,2590.33,delivered
286,F8Adc7FDC45Fc50,2024-11-01,Machine Learning,Books,5,1234.04,paid
287,Fc82d9559Af3C2d,2025-07-10,Headphones,Electronics,3,359.1,paid
288,406F7Ac1Caabf9C,2025-12-11,Machine Learning,Books,1,1487.72,delivered
289,acA97EC578E5e7F,2025-05-29,iPhone,Electronics,2,660.6,cancelled
290,a73feD4dc70CdCb,2026-01-15,Sneakers,Clothing,4,1940.24,cancelled
291,D7CCe7F6EE62169,2025-10-09,T-Shirt,Clothing,2,1542.05,delivered
292,649aBcbFb1debbC,2024-12-20,SQL Guide,Books,2,2870.42,paid
293,6d524d7bd64C0ae,2026-01-21,SQL Guide,Books,5,744.1,cancelled
294,dbB9dafc1D1325C,2024-11-16,Jacket,Clothing,1,91.05,paid
295,BCe4C0C1C2F2bdf,2024-08-05,Data Engineering,Books,2,89.69,cancelled
296,9Db30E73abD4AE8,2025-04-04,Machine Learning,Books,5,702.72,paid
297,AF87b9a8Ee93a8e,2024-05-30,SQL Guide,Books,5,186.86,cancelled
298,De41C84a1bb8feB,2024-07-31,SQL Guide,Books,5,2856.07,created
299,b41faBCEE0353cD,2025-06-25,Python Book,Books,3,911.6,delivered
300,e8a1d8ec930b267,2025-11-27,Laptop,Electronics,5,1929.14,shipped
301,17BA1834C7eAACC,2024-08-06,Jacket,Clothing,1,600.82,shipped
302,cC1cbb56Eb83C6D,2024-07-16,iPhone,Electronics,4,837.25,shipped
303,cB9Db7cFfFFBFFc,2025-02-02,Machine Learning,Books,1,2332.12,paid
304,f4c9Dc2d66B7Cd9,2024-07-23,Machine Learning,Books,1,2316.52,shipped
305,92CE509BF76D951,2026-02-24,Headphones,Electronics,4,884.06,delivered
306,C02Eda00221ad6d,2024-10-24,Machine Learning,Books,1,591.2,cancelled
307,44DE18c4D32ABfF,2026-02-06,Python Book,Books,4,699.69,shipped
308,001bD934eD2f3FE,2025-08-22,Python Book,Books,5,2324.22,delivered
309,8bb66a2bD9BFfF2,2024-06-03,Jacket,Clothing,1,1440.25,created
310,4DFff52dB4B5C77,2026-04-24,Machine Learning,Books,4,2467.03,shipped
311,0BDaE588FD2E6B2,2025-09-09,Data Engineering,Books,2,62.75,created
312,C61b5dec618D9a4,2025-11-04,Monitor,Electronics,5,650.03,shipped
313,fe73A889402CE71,2026-03-05,Machine Learning,Books,1,1306.92,paid
314,d8FECBfC99Dd2D1,2025-05-28,Monitor,Electronics,3,2443.69,paid
315,cf093fB43BfA1F1,2025-11-17,Keyboard,Electronics,1,508.76,paid
316,abb92db892658cF,2026-04-09,Monitor,Electronics,3,1549.32,cancelled
317,83ce5FDDE3d9877,2025-11-08,Python Book,Books,4,2294.24,created
318,AD92BfB7dAEaaf7,2025-12-16,Laptop,Electronics,1,574.85,created
319,2EDC29Dbc9e2C15,2026-03-12,iPhone,Electronics,5,508.61,cancelled
320,679EdAabd6f2f5A,2025-05-30,Jacket,Clothing,4,1517.61,created
321,5E1AFf3544d673E,2025-02-11,Data Engineering,Books,4,2002.51,delivered
322,BF76F8DEf9cDFfc,2026-01-20,SQL Guide,Books,4,2624.38,delivered
323,AFAf44B1B1Bc395,2026-04-15,Data Engineering,Books,2,1956.48,created
324,EB9B26Ec0F61A98,2025-11-14,Laptop,Electronics,2,810.46,created
325,1D1A9ebbdCF3dDb,2025-11-16,Jacket,Clothing,5,857.62,created
326,91dDBef6B5eBD5e,2026-02-27,Machine Learning,Books,1,2833.21,created
327,455Ca4134FD9e21,2026-01-12,Jeans,Clothing,4,377.03,cancelled
328,59c2dAccf9e5196,2024-12-09,iPhone,Electronics,5,2700.3,paid
329,4F247D92b5fAA7F,2025-09-11,Keyboard,Electronics,3,2973.14,cancelled
330,6BCd82A2bB6c3d9,2024-08-24,Headphones,Electronics,4,543.92,shipped
331,22DD9c3C2D6782B,2024-09-12,Sneakers,Clothing,4,24.03,shipped
332,239Cc1616fEb2CA,2025-08-18,Keyboard,Electronics,4,1597.44,cancelled
333,f8FfbFeF0Ee5cF6,2024-11-13,Keyboard,Electronics,1,288.03,cancelled
334,C5BF35FfFbc0eb7,2025-09-14,Python Book,Books,4,1575.96,shipped
335,Bc66FC8c7E66Dcb,2024-12-11,Jeans,Clothing,1,2555.26,delivered
336,7ab9f8E6aafACff,2024-05-10,Python Book,Books,5,534.19,cancelled
337,ecaFC8e32E0Da84,2025-07-03,Data Engineering,Books,5,268.62,created
338,8e40A2c50d9476e,2024-11-11,Monitor,Electronics,2,29.18,paid
339,A31D95475732ac1,2024-05-19,Machine Learning,Books,3,2974.6,created
340,31019bfbbeA85b5,2024-12-21,Sneakers,Clothing,3,1902.71,cancelled
341,7E25b2eC27c2b94,2025-09-23,Jacket,Clothing,1,327.9,delivered
342,ecE7C31baDBb830,2025-01-02,Machine Learning,Books,1,768.43,created
343,2ec9eA02eA1d0df,2025-03-08,SQL Guide,Books,3,1058.45,created
344,E7A3Cbb8AFa36C3,2025-04-05,Laptop,Electronics,2,755.36,shipped
345,8Ba52153CCcbE4E,2026-05-05,Laptop,Electronics,3,2547.49,created
346,FB2bB78DeFFACB2,2024-06-14,Jacket,Clothing,2,2661.88,created
347,4AeEE1179ec8F84,2024-12-20,Jeans,Clothing,5,117.27,created
348,2643089Cc34A08b,2024-12-30,SQL Guide,Books,4,943.24,created
349,F9CC5a0c28d3832,2024-06-07,Headphones,Electronics,5,2344.35,delivered
350,66c9E77Ed9b36dd,2026-01-21,Jeans,Clothing,3,2083.06,created
351,433255a07820de9,2024-10-08,Monitor,Electronics,3,1934.41,shipped
352,AacA5Dbd4fDBcfe,2026-03-11,Jacket,Clothing,5,1205.08,cancelled
353,35EeE278aFc22AE,2024-07-14,Monitor,Electronics,4,2921.99,cancelled
354,5f49d07Df3087d4,2025-10-26,Machine Learning,Books,2,2936.76,shipped
355,1B593238Bc2fABc,2025-10-31,Keyboard,Electronics,4,986.47,delivered
356,754eF2d48Ebc179,2025-10-03,Laptop,Electronics,1,1615.12,shipped
357,Ca9eA3fB8EF5a38,2024-10-17,Headphones,Electronics,1,2562.18,delivered
358,b8fA62CDad4EC4E,2024-07-19,T-Shirt,Clothing,2,2028.86,delivered
359,De4DbEdC5FD45AD,2024-12-15,Data Engineering,Books,4,93.08,created
360,06A4eD4fd2Aa7BD,2024-12-30,Jacket,Clothing,5,2184.28,created
361,BFC3dE762accc35,2025-08-18,Keyboard,Electronics,1,2722.57,shipped
362,eBF5b6C1C2bDBED,2025-08-24,SQL Guide,Books,3,1519.72,cancelled
363,5D0feb55c1A5153,2024-06-15,iPhone,Electronics,5,2212.76,shipped
364,aAF141Cb328d241,2024-09-29,iPhone,Electronics,5,2364.05,created
365,6EF7EA5b1E79420,2024-05-15,Jeans,Clothing,2,1913.38,cancelled
366,Adc0ef2dF3bA1a4,2026-02-08,Keyboard,Electronics,1,1604.8,created
367,c2a0839E047E1A3,2025-06-12,Sneakers,Clothing,2,715.36,delivered
368,FD8F0F41bDbe47d,2025-03-10,Data Engineering,Books,2,2467.63,paid
369,c79Ba5c083b2Ff9,2026-03-18,Machine Learning,Books,2,2831.39,shipped
370,dcDd2F3a5A8dd9d,2024-10-19,Sneakers,Clothing,3,1692.87,cancelled
371,830b057ceFc14ca,2025-07-06,Machine Learning,Books,1,568.38,shipped
372,AfEC867843C780d,2025-11-17,Keyboard,Electronics,2,2194.37,paid
373,a5F7550096114Dc,2025-12-18,SQL Guide,Books,4,271.5,paid
374,5f39E6f102d88bb,2024-12-23,Sneakers,Clothing,2,2414.58,paid
375,DB4EC75Fa6a5ecb,2024-12-13,T-Shirt,Clothing,1,1254.05,created
376,Bcb03FeAD6bf492,2026-03-12,T-Shirt,Clothing,4,2043.9,cancelled
377,ba83bEdbf1fBFC4,2025-07-28,Python Book,Books,3,2320.0,created
378,2ADEa5AAf4eCfBF,2024-07-24,Laptop,Electronics,4,713.25,cancelled
379,6F1c57Cc7Bb8F4A,2024-07-16,SQL Guide,Books,5,975.04,shipped
380,2Bbd2C2A7a0Be1E,2024-11-08,T-Shirt,Clothing,5,938.34,paid
381,6f60Ddd143C20Ca,2024-10-27,Python Book,Books,1,2491.44,shipped
382,A3e9b77c92fE9fd,2025-11-23,Machine Learning,Books,5,298.18,shipped
383,974bB4dE04a980E,2025-11-15,Data Engineering,Books,4,1339.45,shipped
384,6b7Dc2dB2dA3a91,2025-04-04,Jacket,Clothing,3,311.47,created
385,c5fb59AED5FEa97,2025-07-09,Sneakers,Clothing,1,2220.89,shipped
386,c0aa74BcD4662D5,2025-05-02,Laptop,Electronics,3,2772.22,created
387,fF7C43DCc330Feb,2024-06-30,Sneakers,Clothing,1,2391.36,shipped
388,eD3DA8e0484F4A0,2024-11-27,SQL Guide,Books,1,631.53,shipped
389,9a9ddF2BcE38cEe,2025-08-04,Python Book,Books,3,362.95,created
390,3b6A3D1DaA6E42c,2026-01-27,T-Shirt,Clothing,5,2096.31,paid
391,6a73DdaFD42E90E,2026-04-07,Machine Learning,Books,3,496.8,created
392,afDAE165bc37dCE,2025-04-27,Data Engineering,Books,4,396.23,shipped
393,88048Ff7B3Aa71E,2024-11-12,T-Shirt,Clothing,2,2970.84,paid
394,b83FCeAf0b16a58,2025-03-21,Sneakers,Clothing,3,1215.85,created
395,8CFdBFE2CDa5500,2024-07-16,Machine Learning,Books,3,1102.7,shipped
396,154CEc7CCfA0Bd3,2025-06-15,Sneakers,Clothing,4,1966.85,paid
397,B4E0eC27eceBfa3,2024-05-08,SQL Guide,Books,4,947.35,shipped
398,3C3204A13c663Ab,2025-02-11,Python Book,Books,2,333.18,shipped
399,2D0b7fCEa10AAF2,2025-10-22,Jacket,Clothing,3,2648.45,delivered
400,1C729eBdbE636Cf,2025-11-15,Jacket,Clothing,3,2537.84,created
401,CA59B4D63971E7c,2024-12-01,SQL Guide,Books,5,769.55,created
402,5fa8776a9Dcc3E3,2024-06-28,Data Engineering,Books,2,181.63,created
403,D5E57BCDCe03D9E,2025-05-27,Sneakers,Clothing,3,1385.59,created
404,5A2BBfEbE7cA958,2025-04-25,T-Shirt,Clothing,5,268.12,delivered
405,7cC272A7C000b1F,2024-12-09,iPhone,Electronics,5,2240.75,cancelled
406,AEB8D39b6fc29af,2025-04-08,iPhone,Electronics,4,1741.44,created
407,226091A0b63c0eE,2025-12-30,Jeans,Clothing,3,2317.65,created
408,1B795DC5DaDd6db,2024-12-11,Python Book,Books,5,2925.84,paid
409,aBef66152AbBd9c,2026-03-07,Data Engineering,Books,2,873.59,shipped
410,3A9cd7357c9d11E,2026-01-04,Data Engineering,Books,3,302.58,cancelled
411,cb0c0C1dda5d436,2024-10-18,Machine Learning,Books,5,154.24,delivered
412,b56c11DAdAD187B,2025-05-09,Machine Learning,Books,1,802.32,delivered
413,BE1b0FB1B9Affea,2025-11-06,Jacket,Clothing,4,2693.76,shipped
414,A2a3d2c54Fffc7a,2026-04-12,iPhone,Electronics,1,2896.92,delivered
415,e9a717dc43Fae9a,2026-04-24,Jeans,Clothing,3,1185.8,shipped
416,AfD840c0B4E56A6,2025-03-12,Jacket,Clothing,1,1122.84,cancelled
417,830a17eFACC0C0b,2025-11-08,Sneakers,Clothing,5,1377.02,created
418,3dE2F7c5a0feC3F,2024-11-28,SQL Guide,Books,2,2342.23,shipped
419,d2efdDa3AA0c46e,2025-01-14,Monitor,Electronics,1,2573.05,created
420,d3b48C7267bfAB4,2024-11-14,Jacket,Clothing,2,2674.59,paid
421,a860B805dfa018C,2025-01-09,Jeans,Clothing,2,338.88,created
422,67b13D0C7b6CCd3,2025-04-08,Jeans,Clothing,2,1814.1,cancelled
423,b9FD1EDfbdd0FBD,2026-04-11,Monitor,Electronics,2,781.93,delivered
424,B92b6B6b969c60A,2024-06-16,Monitor,Electronics,3,1429.49,cancelled
425,EaffE9d0c07D8Ff,2024-12-05,iPhone,Electronics,2,2019.54,paid
426,B6D3Eaf444f4e15,2025-09-26,Jacket,Clothing,2,255.42,delivered
427,2e014310baC0aee,2026-02-06,Keyboard,Electronics,3,2903.92,delivered
428,a1E3f32AFe8F53A,2024-11-18,Monitor,Electronics,3,591.4,cancelled
429,989A0a7815bb318,2025-12-23,Keyboard,Electronics,4,2492.85,delivered
430,05A6C37FcF1fdc8,2025-12-29,SQL Guide,Books,2,2647.38,delivered
431,7298C2d63d8f0eF,2024-12-18,Machine Learning,Books,2,1451.64,shipped
432,aede81Bd0A583D2,2024-08-26,Jeans,Clothing,3,2145.79,shipped
433,Ff6145C7ce34D09,2026-01-14,Machine Learning,Books,5,2420.59,delivered
434,7Bd7B61Cf5f2fB4,2025-09-17,SQL Guide,Books,2,2259.16,created
435,0d2a9EeCb47A967,2025-12-14,Jacket,Clothing,4,431.7,paid
436,BF1629D4BcDf39A,2026-03-10,Machine Learning,Books,4,775.71,delivered
437,bBb1E71b7a1CD41,2025-02-01,Data Engineering,Books,4,2337.68,shipped
438,cBEccc9DE3017CD,2024-11-25,iPhone,Electronics,3,2673.26,delivered
439,f58088ceDafcdc4,2024-09-13,Laptop,Electronics,3,2697.09,shipped
440,7bFae7C17ED04Fd,2024-10-14,SQL Guide,Books,2,1094.1,created
441,baD31AAefC6DD16,2026-02-12,T-Shirt,Clothing,2,2785.98,shipped
442,EB9bfBCDeBc70a3,2025-05-21,Sneakers,Clothing,2,2452.22,created
443,43CCfFaFdbC2a3a,2025-04-19,Machine Learning,Books,4,446.99,paid
444,BEb5eFFcDD1e83F,2025-10-30,Jeans,Clothing,4,1525.72,shipped
445,f2eBeFcF59Eb8EC,2024-12-07,Monitor,Electronics,5,1823.4,created
446,b92bFEcD3E7E8f9,2025-01-29,Headphones,Electronics,3,72.0,shipped
447,Ea2F2FAa14Fc198,2025-01-22,SQL Guide,Books,4,2160.32,created
448,01a1edabAbbaf3a,2025-03-04,Jacket,Clothing,4,952.54,created
449,363d14b6a0bfdBC,2026-03-30,Keyboard,Electronics,3,1538.01,created
450,CC0B6DEffba7Bbb,2025-03-06,Keyboard,Electronics,2,1104.71,created
451,e7C4d4Cf8Bd2544,2025-09-30,Headphones,Electronics,2,117.78,shipped
452,5ac3DEd209A533a,2024-07-10,Data Engineering,Books,4,408.55,shipped
453,fE8beCAeBDC64DC,2024-12-23,Headphones,Electronics,1,1210.69,created
454,4b99cE1D2C1E96A,2025-03-23,SQL Guide,Books,1,1460.32,paid
455,aa1D2f2DFC43A40,2024-11-29,iPhone,Electronics,2,85.41,cancelled
456,F3fe0f2dce8cE32,2025-10-11,Keyboard,Electronics,1,1534.05,cancelled
457,EA8f78f0323840e,2025-01-19,Python Book,Books,1,1415.51,paid
458,a32eB73dACEa984,2024-06-17,Data Engineering,Books,5,1616.23,paid
459,9bFD6Da6f7ED28D,2024-08-10,T-Shirt,Clothing,2,1306.19,shipped
460,F7aE4cE5d8313c1,2025-09-29,Monitor,Electronics,2,1781.37,shipped
461,E89bBF55a56af0a,2025-05-22,T-Shirt,Clothing,2,752.1,delivered
462,db972276EFd33CD,2025-12-08,Machine Learning,Books,1,2586.98,paid
463,c3918296e22038c,2026-01-10,Python Book,Books,3,934.19,delivered
464,afd3F64FCDa5c11,2026-01-28,SQL Guide,Books,4,2972.8,paid
465,EE9DE6dFbECaEBc,2024-10-12,T-Shirt,Clothing,3,409.27,paid
466,1Dd502A0AcEbEEb,2025-01-01,Sneakers,Clothing,3,2970.54,delivered
467,2a8a33b0BF7fcEe,2025-10-25,Keyboard,Electronics,1,2844.63,paid
468,Fa335220FB93b27,2024-08-17,T-Shirt,Clothing,1,1611.29,shipped
469,bb5C26C6B4aD8FB,2024-12-09,Machine Learning,Books,5,2348.19,created
470,2ecE64AE092FdA5,2025-06-15,Laptop,Electronics,5,1484.67,cancelled
471,cB8c77CFFdB2c00,2026-05-01,T-Shirt,Clothing,5,1021.62,paid
472,f3BDaaB33cC1Ab5,2025-07-17,SQL Guide,Books,2,2683.07,created
473,33c551Ea5C93384,2025-05-07,Data Engineering,Books,1,2681.6,created
474,71faFd9eea599E1,2024-11-05,Jeans,Clothing,5,1072.3,cancelled
475,4D70B72cf3DEDCC,2026-05-08,Machine Learning,Books,2,1494.75,created
476,cbCF98f2ea99d0c,2024-10-24,Jeans,Clothing,2,649.99,created
477,de7316cd6E0fC81,2025-05-25,Headphones,Electronics,1,2351.47,cancelled
478,92affA6B8df166D,2024-12-25,Jacket,Clothing,4,1448.55,paid
479,8d7FBfe83e87A44,2025-01-12,Monitor,Electronics,1,1134.3,created
480,Bad4E47eFD1fc4D,2024-12-11,Keyboard,Electronics,2,2118.92,delivered
481,Ff8Db1cdAEfebfA,2024-06-04,Sneakers,Clothing,2,1384.65,delivered
482,FCc4ae976Bf0306,2025-03-14,Python Book,Books,5,1622.7,paid
483,Ea4039ae00DDE90,2025-05-18,Headphones,Electronics,3,1982.93,created
484,BBFbA99a5e8Aeb2,2025-03-10,T-Shirt,Clothing,3,390.29,created
485,91BAA4e0f19e708,2025-06-20,Jacket,Clothing,2,651.18,paid
486,6fdeBf89F7fC19c,2026-04-19,SQL Guide,Books,2,291.69,paid
487,eba53B33A97CFE4,2025-09-09,Sneakers,Clothing,1,739.16,cancelled
488,f281F82f496628b,2026-03-09,Machine Learning,Books,2,2029.36,cancelled
489,7f9bbaa7A9bfb29,2025-03-25,Machine Learning,Books,1,560.36,paid
490,b803C91eA2eeFF7,2026-02-10,Data Engineering,Books,5,507.03,shipped
491,fBEd2a56D600aA9,2024-09-02,Keyboard,Electronics,1,726.48,delivered
492,EE7df6CeFeF7f2E,2025-09-25,Headphones,Electronics,2,1166.23,created
493,e1da667d50E47B1,2026-01-11,Headphones,Electronics,1,813.04,shipped
494,7D0bb54dd9ba12A,2026-04-16,Machine Learning,Books,4,2905.77,paid
495,079CDbf1Ad5F4dC,2025-05-05,Sneakers,Clothing,4,1613.98,paid
496,8De1Ea03fFBf42d,2024-08-20,Headphones,Electronics,3,1856.13,shipped
497,50bF15b19327815,2026-01-25,Jeans,Clothing,4,2002.89,shipped
498,D64FDD3dDe93e0B,2024-07-04,T-Shirt,Clothing,1,798.06,shipped
499,CffC9b6caB7b562,2025-01-22,Python Book,Books,3,2952.12,cancelled
500,c74d5d5c04c60eA,2024-05-28,Jacket,Clothing,3,2067.05,paid
501,BdAfD60C51541ee,2026-01-24,Jeans,Clothing,4,1332.69,created
502,6CE0eBdDa6d432c,2025-07-01,Jacket,Clothing,2,2330.56,paid
503,72B791DF77ffcA4,2025-12-12,Jacket,Clothing,1,2995.47,cancelled
504,b9fA53C52d86adb,2025-06-03,Monitor,Electronics,1,2076.38,paid
505,66fC6eACdaDbB1e,2026-05-08,Data Engineering,Books,1,1571.74,cancelled
506,bBc5cCD3f90F4f7,2025-12-23,Data Engineering,Books,2,2415.62,shipped
507,fe779fBF9e7DEaF,2025-10-01,Data Engineering,Books,4,910.56,shipped
508,9d0FC6Fb75A996C,2026-04-28,Headphones,Electronics,4,168.87,delivered
509,fc6111BFDF61B81,2025-05-21,Jeans,Clothing,2,2314.64,delivered
510,bD5AaaE2dAC1eCA,2025-05-09,Python Book,Books,1,182.72,paid
511,7C9CBffEEAaA663,2025-07-05,Sneakers,Clothing,1,749.32,delivered
512,F30E79FBe14B280,2025-12-11,Python Book,Books,4,1455.1,shipped
513,0730Fdf714eefca,2024-11-15,T-Shirt,Clothing,2,2527.18,delivered
514,3BbDa2f2E938b60,2024-06-17,Machine Learning,Books,4,2770.84,created
515,c1f5d69beEB3e47,2025-02-11,Keyboard,Electronics,1,2137.12,paid
516,B6d501a2eA3F541,2024-10-13,T-Shirt,Clothing,5,1181.02,paid
517,Bdf30BCA81dF7D8,2024-09-18,Jacket,Clothing,3,2753.21,paid
518,Fa87A53a92Db55f,2024-08-01,Headphones,Electronics,3,1169.09,delivered
519,dEf11C59870ff20,2025-10-07,Laptop,Electronics,3,1699.66,shipped
520,5a73aBDa40abdAB,2025-12-28,T-Shirt,Clothing,3,1826.35,paid
521,34250C6Fb26DCdC,2025-10-31,Sneakers,Clothing,5,1424.85,delivered
522,45517C1BBF8BEcE,2025-03-20,iPhone,Electronics,1,1340.83,delivered
523,a713EEa6cBBFF68,2025-04-25,Laptop,Electronics,4,590.57,shipped
524,EEFBfeCAb40faa3,2026-01-04,Data Engineering,Books,5,1542.35,created
525,c9e430b9a1760ee,2025-01-29,Monitor,Electronics,4,917.25,paid
526,beDDbbfCCaFd83a,2024-09-07,Jeans,Clothing,4,1390.5,cancelled
527,9DEbFbFec3cDfF6,2025-02-16,Laptop,Electronics,3,875.72,shipped
528,f867cf7339Ae392,2025-07-16,Jeans,Clothing,1,1107.55,created
529,3650F2BD6DEf0E7,2025-02-01,Sneakers,Clothing,1,2960.77,cancelled
530,a3Ed3d0aB7Becf9,2024-08-24,Keyboard,Electronics,1,1365.11,shipped
531,3e46Fe8eef1C9f6,2025-03-07,Keyboard,Electronics,4,2743.93,cancelled
532,FBDb5A3e17Fad50,2025-01-14,Headphones,Electronics,5,279.7,shipped
533,07EcB60cAD1a365,2025-08-16,Jeans,Clothing,2,2495.8,shipped
534,0fd18E4ac8a4fc4,2025-01-18,Machine Learning,Books,2,1632.32,shipped
535,9B6885f824dEaFa,2026-02-08,Headphones,Electronics,3,1076.12,cancelled
536,4e10f1e5cD1F7f9,2025-03-22,Data Engineering,Books,1,1512.52,cancelled
537,Bf1B1DcF9FDaf1B,2024-07-09,Python Book,Books,4,227.61,paid
538,bebaAB118566CbA,2025-01-05,Jacket,Clothing,1,952.07,shipped
539,b9AA917B15A4EBb,2024-09-16,T-Shirt,Clothing,5,1402.1,paid
540,d4dBCaAe3B6268B,2025-02-18,T-Shirt,Clothing,1,1277.3,shipped
541,FADf1A06620c030,2024-12-17,Monitor,Electronics,1,1382.71,cancelled
542,c3b5e077d3149C0,2025-06-21,Sneakers,Clothing,1,1646.76,created
543,38FFcBD58A1FB6b,2025-02-21,Laptop,Electronics,4,1405.71,delivered
544,9BDD3Ac90e886EC,2024-05-24,Keyboard,Electronics,4,2314.16,shipped
545,7c16f1ec918c77d,2024-06-22,Python Book,Books,2,1810.29,cancelled
546,ddFFA8e7D8cca5b,2026-03-09,Monitor,Electronics,2,2690.99,delivered
547,9A7eF992Ae23A0d,2025-01-30,Python Book,Books,4,2435.81,created
548,67f06Cd8DfC729e,2026-03-28,Headphones,Electronics,1,497.7,paid
549,39E72A7aF8EBa13,2025-09-26,SQL Guide,Books,5,1384.18,cancelled
550,9a9fD0CbCD47524,2025-12-04,Monitor,Electronics,3,1391.67,created
551,Ad9C58164710867,2024-10-10,Python Book,Books,1,1232.33,cancelled
552,81a6F4bBd4aB7ED,2026-02-26,Sneakers,Clothing,4,2438.68,shipped
553,08ecea5ded7EACF,2024-06-29,Python Book,Books,2,2216.89,cancelled
554,E0beb778E46eC01,2025-11-16,Laptop,Electronics,5,1565.89,shipped
555,734eEDc0e965d19,2025-12-19,Jacket,Clothing,3,2476.77,created
556,DcfBa6f0dC4f6fa,2024-08-13,Keyboard,Electronics,3,2254.49,delivered
557,bC4a8252814B1d8,2025-11-24,Headphones,Electronics,4,610.26,delivered
558,d061b3b4dDe51ee,2025-07-15,SQL Guide,Books,2,1845.61,created
559,537ae715A6fD841,2025-05-11,Jacket,Clothing,1,398.8,created
560,cdad0bbF215DFE3,2026-04-06,Jacket,Clothing,4,2122.27,paid
561,E7d1AbB3bAbaEfB,2024-11-04,T-Shirt,Clothing,2,338.11,created
562,bDbcECcf67e3C56,2026-01-27,iPhone,Electronics,2,109.91,created
563,acAbA8AF7906eAa,2025-06-21,Monitor,Electronics,4,1199.57,created
564,7DDaae1feB4dC60,2025-09-29,SQL Guide,Books,2,2148.92,paid
565,eccfa789Ef20373,2026-02-09,Headphones,Electronics,2,2350.86,paid
566,e9eC5AEAf4482Bf,2026-05-08,Monitor,Electronics,3,1307.84,created
567,388b8a2d45EDaC8,2025-02-03,Keyboard,Electronics,2,1951.37,delivered
568,9f353aCAC6ebfCC,2025-11-20,Jacket,Clothing,3,800.9,cancelled
569,03D5798C582dD1E,2026-01-22,Data Engineering,Books,5,217.35,cancelled
570,0ACA4d7D7cCEd26,2026-01-24,Laptop,Electronics,5,1330.35,paid
571,69a39CF1F11d242,2026-01-21,iPhone,Electronics,1,946.62,delivered
572,bB2dCA1580bbCEc,2025-08-26,Machine Learning,Books,5,1772.41,cancelled
573,EFA8Fa12E59ff06,2024-09-29,Machine Learning,Books,4,644.0,created
574,ad8E2e29e28AbAC,2026-02-17,Laptop,Electronics,1,2941.41,paid
575,C3F25ec2e8e9F51,2026-03-30,SQL Guide,Books,3,2827.34,paid
576,8ADa2bAE1942D7d,2024-10-18,Data Engineering,Books,1,1235.81,cancelled
577,b54B0A173B925cC,2025-10-16,Laptop,Electronics,1,2757.62,delivered
578,Db4AE43cd116bED,2024-07-09,Keyboard,Electronics,3,2623.88,created
579,4aF9e31A8A9A80B,2025-04-14,Data Engineering,Books,3,423.93,created
580,6DDA21823fCdD6f,2025-05-31,Jacket,Clothing,2,1494.24,paid
581,C9Cf9420d3C4d2c,2025-01-07,Data Engineering,Books,5,1814.29,cancelled
582,f5A52D85B572a6b,2024-10-26,Laptop,Electronics,1,2350.56,created
583,6FaDaecECDa70Bb,2024-06-06,T-Shirt,Clothing,4,1215.09,created
584,b74eB5B3F3432CD,2025-08-04,Data Engineering,Books,4,1206.7,cancelled
585,0291D3fe87F11E8,2025-04-02,SQL Guide,Books,1,186.55,delivered
586,32CEfbcaF1e65bf,2026-02-01,SQL Guide,Books,2,1358.33,delivered
587,35A7b85Dd5fABE8,2025-05-04,SQL Guide,Books,3,2238.58,paid
588,7Af37bD0f4adD13,2026-05-08,Python Book,Books,2,848.28,shipped
589,6838ee6A8E4acFf,2025-02-07,T-Shirt,Clothing,5,1863.12,cancelled
590,BdEd95f2B1BDF47,2025-12-16,Headphones,Electronics,2,2491.24,created
591,C3aE2baADd13DB7,2025-07-17,T-Shirt,Clothing,1,1450.56,paid
592,5DA38d3d023FaEb,2025-07-19,Monitor,Electronics,2,2538.45,paid
593,a9fe8ab8C44feEc,2024-05-17,Jeans,Clothing,3,382.31,delivered
594,ADf8F4FBFb5545E,2025-03-29,Data Engineering,Books,3,358.68,delivered
595,75c50CDcC11C1FC,2025-01-10,Sneakers,Clothing,5,859.65,created
596,740c4260DBFde33,2024-11-30,iPhone,Electronics,3,2674.69,shipped
597,ad750F8A03d5bDf,2025-05-22,Laptop,Electronics,2,251.13,created
598,3539Ab0Bd287474,2024-09-14,Python Book,Books,1,2667.65,delivered
599,fc330e73bFCd058,2026-01-28,T-Shirt,Clothing,4,1299.99,created
600,CC47e0651529F7D,2025-04-06,Monitor,Electronics,5,2664.79,cancelled
601,FBF43138552FD78,2026-02-10,Data Engineering,Books,5,1989.38,delivered
602,b713fCCEFA218fC,2025-01-24,SQL Guide,Books,1,876.36,cancelled
603,0Bf0F7669CCFE65,2026-03-13,T-Shirt,Clothing,3,2149.37,shipped
604,C2AFc7ffB6c1dDC,2025-05-09,SQL Guide,Books,2,583.39,shipped
605,c4E70Af3Fa85170,2025-04-17,SQL Guide,Books,2,1586.4,shipped
606,75cF250b68BFAfD,2024-08-03,T-Shirt,Clothing,1,342.93,paid
607,49Cd83E1b85DCdc,2025-08-26,Headphones,Electronics,2,788.09,cancelled
608,6dD7CF05c5DBb62,2024-07-30,SQL Guide,Books,5,2214.61,delivered
609,Ea859a9DB3A131E,2025-09-08,Keyboard,Electronics,4,2143.07,paid
610,E40D3bD7e8eBAAb,2024-07-13,Python Book,Books,4,1178.04,shipped
611,FAa6c3Ab7B22Fe1,2024-07-20,Data Engineering,Books,4,671.76,cancelled
612,022a09aB8abEc41,2024-10-08,Sneakers,Clothing,2,1170.46,cancelled
613,Dfe620aDc5c6B2c,2026-02-05,Data Engineering,Books,3,1232.04,shipped
614,fBdC4e5cB9B3fdc,2026-01-14,Laptop,Electronics,2,2404.91,paid
615,DAAC42d62a87DEd,2026-03-08,Machine Learning,Books,4,664.11,cancelled
616,E4BC0ADe644a9AF,2024-07-04,SQL Guide,Books,3,778.77,delivered
617,d956ADD848E10CF,2024-12-06,Monitor,Electronics,4,1599.94,delivered
618,E9AaCDA36bf0384,2024-07-06,iPhone,Electronics,1,75.22,paid
619,d25D060BeCEf966,2025-06-16,SQL Guide,Books,2,2218.85,paid
620,CaDcfa8a01cE344,2025-02-09,iPhone,Electronics,4,2962.9,shipped
621,5bab8EC572eeeFb,2025-03-28,SQL Guide,Books,5,434.91,cancelled
622,ef11ca623A3aCAF,2025-06-24,T-Shirt,Clothing,3,1651.61,cancelled
623,1Fd5aDEF7b69eD0,2026-04-21,Monitor,Electronics,3,193.93,cancelled
624,EB9cD8DD61E2A8B,2024-11-01,T-Shirt,Clothing,4,522.81,created
625,5fbD5EC9eAafDAd,2025-03-07,Jeans,Clothing,3,523.24,shipped
626,4546A3CDDd2fAAF,2024-06-15,Python Book,Books,1,1949.09,paid
627,eEe01BfFCb7caf9,2026-04-07,Machine Learning,Books,2,1096.17,cancelled
628,AA0a557Ef0ff890,2025-07-22,Sneakers,Clothing,3,1914.28,paid
629,4186E03D55346C5,2025-02-04,Monitor,Electronics,5,24.02,shipped
630,535E6f8dCfdc4FB,2024-07-01,Laptop,Electronics,4,2284.33,paid
631,2156Cd4add6dc6E,2026-01-25,Jeans,Clothing,5,2582.07,cancelled
632,b45b8aC4ee7ddBF,2025-11-26,Keyboard,Electronics,2,1743.63,delivered
633,7aF8F67BF7A482F,2024-09-11,Keyboard,Electronics,2,1323.96,shipped
634,bb192bd3f9ACaE9,2025-08-08,Keyboard,Electronics,5,1250.48,delivered
635,dC02E06E1Fcbeb0,2025-03-05,SQL Guide,Books,1,521.78,paid
636,FeF3b0FAa2a3F1d,2024-06-03,Laptop,Electronics,2,2999.95,created
637,b334b78346f06B8,2024-11-17,Python Book,Books,5,2544.06,delivered
638,6FEBAcb8dA09d70,2024-09-27,Jacket,Clothing,1,1654.11,delivered
639,2629e01bD2FB9FD,2024-07-27,Headphones,Electronics,2,1407.48,shipped
640,0D4fBBd4Db4Ce61,2025-08-24,Jeans,Clothing,4,1197.04,delivered
641,32491aE5A90Ec2f,2024-12-20,Python Book,Books,3,1359.35,shipped
642,F8BCC6DfeA713AD,2025-11-02,Python Book,Books,5,2481.01,delivered
643,497F64eC3d5b5C6,2024-09-10,SQL Guide,Books,1,869.94,paid
644,05aBe06bfe4f0B2,2024-05-19,iPhone,Electronics,5,162.5,paid
645,4320AD2fc8FFFeE,2025-02-12,Python Book,Books,1,2998.02,cancelled
646,47aABE243989907,2025-03-24,T-Shirt,Clothing,3,2676.65,delivered
647,270a6d0756A1F11,2024-06-08,Data Engineering,Books,1,1349.78,created
648,EdcF1bEEdF5bF80,2025-06-11,Sneakers,Clothing,5,950.42,cancelled
649,3841714DD9e3893,2024-09-24,Headphones,Electronics,1,2334.98,created
650,80001b9B289B62c,2024-07-17,Machine Learning,Books,4,348.59,delivered
651,5Af4CA3d7FfFDfd,2026-03-18,Machine Learning,Books,3,354.19,shipped
652,bdab5318EE83afE,2025-06-05,Monitor,Electronics,3,1772.76,created
653,44c0fDF8E668cAd,2025-04-21,SQL Guide,Books,3,620.3,cancelled
654,4Be50EE2Df7cBC1,2025-07-04,Headphones,Electronics,4,1272.49,cancelled
655,F7Ed0ECd1c49B1d,2025-03-16,SQL Guide,Books,3,246.14,shipped
656,E5a849f9AB22F84,2025-07-25,Laptop,Electronics,3,2310.29,delivered
657,e603A09BeDCdBD8,2024-06-26,Jacket,Clothing,3,2578.24,cancelled
658,24A3e08C5Fc6faA,2025-08-29,SQL Guide,Books,5,2268.33,paid
659,dAAcCBa491DD9DA,2025-06-10,Python Book,Books,3,2837.94,delivered
660,09A021bF01888E9,2025-10-02,Jacket,Clothing,5,154.57,delivered
661,D7bED40f5FBbFD5,2024-08-11,Python Book,Books,4,519.57,cancelled
662,4CCe7fCCBbbE6cD,2025-08-10,Headphones,Electronics,2,509.99,paid
663,bAA2dD5aC6DD6fb,2024-12-28,T-Shirt,Clothing,3,692.72,paid
664,C4a32dF36c6dd1a,2024-11-24,Keyboard,Electronics,5,1763.55,paid
665,ceFCE05f78B6b13,2025-07-03,Jacket,Clothing,5,2725.81,shipped
666,d800faF94f0379c,2025-04-12,iPhone,Electronics,3,2216.13,delivered
667,a898cb003eA82ed,2024-09-01,Data Engineering,Books,3,1570.99,paid
668,38EA8adc2eF3b29,2026-03-01,Monitor,Electronics,5,2095.92,created
669,fde446F1a0A992F,2024-08-10,Sneakers,Clothing,5,26.52,delivered
670,3e0934ec7B8070a,2026-01-17,Monitor,Electronics,5,214.48,paid
671,42ad4d2fc3BBeDa,2024-12-20,Jacket,Clothing,4,826.61,cancelled
672,c406BeB99CcC6AD,2026-02-15,Data Engineering,Books,2,2718.96,created
673,d35cBBFeAc5bdED,2025-02-28,Laptop,Electronics,4,824.97,shipped
674,CC95f513fFC1f4B,2024-12-07,SQL Guide,Books,3,256.88,created
675,87ccC336FAD8d2e,2024-08-31,Python Book,Books,1,2110.29,created
676,6DAb159aBA54FCC,2024-09-18,Keyboard,Electronics,5,1099.87,shipped
677,bc64EaE652afe6e,2024-12-24,Jeans,Clothing,1,1318.81,created
678,3aa81cAF880ECDA,2024-07-23,Python Book,Books,2,675.97,shipped
679,68dd66372818de9,2025-12-04,SQL Guide,Books,1,2024.28,shipped
680,3BF71FAAbfbBeD9,2026-03-09,iPhone,Electronics,3,2976.13,paid
681,4E6fb1cdaBeb86e,2025-02-25,Python Book,Books,4,1592.29,created
682,eBEE4c3CDC6C46C,2025-01-03,Sneakers,Clothing,4,2055.09,cancelled
683,0EF1A23E56F78cd,2025-09-16,SQL Guide,Books,1,823.06,paid
684,eBd5cE2eF46629e,2025-06-03,SQL Guide,Books,3,762.53,created
685,86eB9d343fd76ED,2025-02-18,Jeans,Clothing,1,1276.51,cancelled
686,8385daa4be31D1D,2024-10-16,Jeans,Clothing,3,1062.73,created
687,b8840cfB1E1d14e,2025-02-05,Headphones,Electronics,2,1049.24,paid
688,d2F6884E62D2fcD,2025-10-25,Headphones,Electronics,2,2642.5,delivered
689,Ec7fBdE85285a06,2026-02-05,Laptop,Electronics,5,61.24,delivered
690,9C20ed6ebD0e8F6,2026-04-30,Keyboard,Electronics,5,1793.81,cancelled
691,883c7cf4338d52b,2024-05-30,T-Shirt,Clothing,5,967.02,paid
692,4e698cC5351eA0D,2025-01-20,Jeans,Clothing,2,848.49,cancelled
693,37c13A0b8D3eb3F,2024-09-12,Headphones,Electronics,4,2411.5,created
694,6F6AA242Ef7EA2A,2025-03-31,Sneakers,Clothing,3,831.21,delivered
695,1aBd9B5fBC3dDb3,2025-01-10,Python Book,Books,2,558.58,cancelled
696,fcCd79B4ee5c0Ac,2025-11-21,Jeans,Clothing,4,642.56,shipped
697,AD53aB1431Bb9B6,2024-09-21,Laptop,Electronics,3,2441.81,paid
698,89C03533fBF8aac,2024-08-07,SQL Guide,Books,5,2037.42,shipped
699,476B7Ba832f4bC1,2026-03-31,Data Engineering,Books,3,2825.59,paid
700,BBeDeADb94dc0FA,2026-03-10,Machine Learning,Books,2,799.42,paid
701,01f5DAd922Ed7cF,2025-05-04,Jacket,Clothing,3,2004.67,created
702,0fDaEffECde2E6B,2026-05-03,Machine Learning,Books,5,2061.14,cancelled
703,Ed9EE2a4f5DCC5C,2025-08-25,Data Engineering,Books,1,2376.42,shipped
704,1c4bB83d2DEd074,2024-07-08,T-Shirt,Clothing,5,247.97,created
705,861A9d04EeF2abF,2025-02-12,T-Shirt,Clothing,4,2078.08,delivered
706,1e60eDE64531D1E,2025-02-24,Python Book,Books,5,2962.26,paid
707,f0D11bDcEAFdfe1,2025-09-06,Jacket,Clothing,3,567.03,created
708,eE904Bd3Cdcf5C0,2024-05-31,Machine Learning,Books,5,891.25,paid
709,d5e2BFdeAcb3e6d,2026-02-15,Jeans,Clothing,5,2847.12,shipped
710,Caffacd5A0e5a65,2025-12-11,Data Engineering,Books,3,2232.48,shipped
711,8DF5dCADD79b5EC,2024-11-10,T-Shirt,Clothing,5,2667.45,cancelled
712,8a455B68A9e80DD,2026-05-06,T-Shirt,Clothing,1,2604.49,shipped
713,DBFb6aAd47Ca08f,2025-01-31,Machine Learning,Books,2,2791.44,paid
714,eCAfFcb7Def5A55,2024-07-19,Machine Learning,Books,3,1009.09,paid
715,0cE2ccDf2c6E172,2025-07-19,T-Shirt,Clothing,5,2158.7,created
716,91Bc8f476D06aCb,2025-01-18,iPhone,Electronics,5,1473.88,created
717,ea465336895DFd5,2024-09-06,Jeans,Clothing,2,1499.86,shipped
718,eaCEFD3aCCBe7eC,2025-02-18,Data Engineering,Books,4,2599.5,delivered
719,0efB7bB4ef5D137,2025-10-24,Python Book,Books,5,2214.27,cancelled
720,E898c8d1A9605d2,2025-08-05,Machine Learning,Books,1,981.01,paid
721,FC7FAeBe1F64D23,2025-03-23,Machine Learning,Books,5,490.76,cancelled
722,fc0265f4aEE4CBc,2026-03-19,Headphones,Electronics,4,900.98,cancelled
723,aEeF9beDD26EEB1,2025-09-17,Python Book,Books,5,799.19,cancelled
724,65Ace45fbb5ab1b,2025-04-08,Headphones,Electronics,5,2959.38,created
725,57a3Bb8EAcB57d3,2024-10-10,Keyboard,Electronics,1,2030.23,cancelled
726,DeCB0dDcFf78Db4,2025-03-20,Jacket,Clothing,5,2103.41,cancelled
727,fd3BC69DB27996A,2024-06-15,T-Shirt,Clothing,2,844.18,paid
728,E65998AF4f6F043,2024-05-10,Jacket,Clothing,1,2016.79,cancelled
729,eA1dcCfBB3D6C44,2025-07-31,SQL Guide,Books,2,594.26,created
730,b524cA9ECf7fb96,2024-07-19,Data Engineering,Books,1,1535.31,created
731,b2fEfAAf4C8bb7b,2024-05-17,Data Engineering,Books,3,145.34,delivered
732,8eB0bbAA16B5A89,2025-08-08,Python Book,Books,5,1700.07,created
733,66239C9cEf6fe53,2025-07-08,Jacket,Clothing,2,1797.5,paid
734,1d97f12CEc6F2D9,2025-03-26,Laptop,Electronics,2,57.34,shipped
735,AbeB26C306BeFB1,2024-08-01,Machine Learning,Books,4,886.19,paid
736,2bde12BB69DC3fB,2025-05-23,Laptop,Electronics,3,2538.8,paid
737,1fC75fcA25eA2af,2025-03-27,Headphones,Electronics,4,901.64,delivered
738,4422a7EeDCA84A6,2024-08-05,Jeans,Clothing,1,1098.25,shipped
739,DaCE2a407FDe2cA,2024-12-19,Jeans,Clothing,4,114.89,delivered
740,7433CbdfDea55eB,2025-02-28,iPhone,Electronics,2,2145.31,created
741,Df0700cE31d8ba2,2024-10-01,Sneakers,Clothing,1,388.14,paid
742,F06DcDccdeeE1Dd,2024-10-06,SQL Guide,Books,1,432.42,paid
743,7F8fAf2d9D3aBCB,2024-09-07,Machine Learning,Books,1,731.02,cancelled
744,c70DA08CBb3F8c1,2024-06-11,Laptop,Electronics,3,1283.37,delivered
745,70bb2B87EBC8cb0,2026-01-26,SQL Guide,Books,3,605.43,cancelled
746,7f4AFEf9d6a70dc,2025-10-04,Jeans,Clothing,4,2095.39,created
747,17Aad95d3b58baA,2024-10-30,iPhone,Electronics,1,2591.49,created
748,3df9d8e7D88CF5D,2024-09-20,Data Engineering,Books,4,2120.3,cancelled
749,e1E80Fe84c5167b,2025-03-30,Machine Learning,Books,4,411.01,shipped
750,Bb3b8699eb3ADDb,2026-01-24,Jacket,Clothing,1,2098.52,delivered
751,00DEfEdA0B5328C,2024-08-16,Jeans,Clothing,1,2863.64,delivered
752,0A7cC34BDC03A0b,2025-08-28,Data Engineering,Books,4,502.74,paid
753,CDBa7eD021d7F04,2024-09-05,Jacket,Clothing,5,1729.71,paid
754,EbAB61264c9CD98,2025-03-16,Jacket,Clothing,1,2157.85,cancelled
755,830CE129fD14DeD,2025-01-25,T-Shirt,Clothing,3,769.84,shipped
756,cFABA0EA330Ef0E,2026-04-27,iPhone,Electronics,1,1172.34,shipped
757,46e0FAc23BdD0ED,2025-04-12,Laptop,Electronics,5,884.76,created
758,1FdCe0DB52A0E16,2024-09-02,SQL Guide,Books,3,270.49,created
759,39214CFbCbC31Df,2025-05-25,Keyboard,Electronics,3,2322.77,paid
760,7c39DeBa33fC2ad,2026-01-03,T-Shirt,Clothing,3,2825.55,cancelled
761,bBeAcC08EcF85dF,2024-08-11,Laptop,Electronics,4,1435.74,cancelled
762,afbC67aFc88e69d,2025-06-24,iPhone,Electronics,3,2171.37,created
763,Aaae1505a14C59a,2025-09-09,Sneakers,Clothing,5,1393.53,created
764,BfF7A9Db0D4Ba7D,2025-06-18,SQL Guide,Books,5,703.03,cancelled
765,43CBBbADF72FFb8,2025-11-04,SQL Guide,Books,1,946.5,paid
766,bb712adB099EdF7,2024-10-11,Data Engineering,Books,1,2778.14,created
767,8AfeD864ed2DAc7,2025-08-26,Data Engineering,Books,3,595.21,paid
768,9Bbb4A6fF1AfEFb,2025-05-10,Monitor,Electronics,5,1807.82,paid
769,aD8563F7EcEAd30,2025-06-29,Machine Learning,Books,4,2064.92,paid
770,61Ad51fBedeAf0d,2024-12-04,Python Book,Books,1,849.97,cancelled
771,CEEce9789bac52C,2024-12-24,SQL Guide,Books,3,1618.6,created
772,a840081a014fc5E,2025-04-03,Laptop,Electronics,1,1145.63,delivered
773,0BFfF97F3De7eD6,2025-08-25,Monitor,Electronics,2,1351.27,shipped
774,Bc4DE65fB6AbbbC,2025-05-19,SQL Guide,Books,1,2721.03,paid
775,cC7953e194bec4C,2025-09-19,iPhone,Electronics,1,2475.65,paid
776,5c5cDDcCeDfe6eF,2025-04-13,Data Engineering,Books,2,445.93,delivered
777,C259FdeF0EE79F5,2024-08-12,Keyboard,Electronics,2,1367.29,cancelled
778,fcA0E0bD6c90feA,2024-12-29,Machine Learning,Books,2,2493.59,created
779,eBcDa7B6BeDA963,2025-03-21,iPhone,Electronics,3,860.12,delivered
780,Be1eA36663D4130,2025-09-15,Keyboard,Electronics,3,2348.64,created
781,c0F6476F2DBB444,2024-10-23,Data Engineering,Books,4,1476.7,delivered
782,2fFCbc8a60add2F,2025-02-03,Jacket,Clothing,5,806.32,delivered
783,ae7ACBAeBefcDa4,2026-03-23,Machine Learning,Books,2,17.35,created
784,fa7a27Ad21BE0bd,2025-09-13,Data Engineering,Books,4,2603.1,created
785,90Ba4502DfE6bBF,2025-03-29,T-Shirt,Clothing,1,261.42,created
786,D1f471db550E73B,2025-03-21,Machine Learning,Books,5,2175.58,created
787,0bA585aabe3fcB8,2024-10-13,Headphones,Electronics,4,982.86,shipped
788,1CaD35735c37B20,2024-08-27,SQL Guide,Books,1,2057.68,shipped
789,Bd4f0206d2366Bf,2024-10-05,Jacket,Clothing,2,2053.85,created
790,F26c8b2B3A22e3d,2024-08-01,Data Engineering,Books,4,2517.34,shipped
791,9BB8b49Ad7Cef89,2025-06-17,Headphones,Electronics,2,759.96,cancelled
792,3fAca16BBA09f42,2025-03-03,Sneakers,Clothing,3,2436.53,delivered
793,30F0fbDaDd4b42F,2025-08-15,Headphones,Electronics,1,1352.75,created
794,3EEF9fDBeC1de96,2024-08-12,Sneakers,Clothing,1,317.21,delivered
795,24D382bD75EDA9A,2025-06-12,T-Shirt,Clothing,2,2340.56,delivered
796,4dC09EDDF7a1fB7,2026-04-16,Sneakers,Clothing,3,1950.37,cancelled
797,fE3A49c2E1dceDE,2026-04-05,T-Shirt,Clothing,1,2211.66,delivered
798,BFaA15e43DEF06F,2025-06-27,T-Shirt,Clothing,2,1202.67,cancelled
799,0A5F4DfF963BFCA,2024-09-19,Keyboard,Electronics,4,1943.8,cancelled
800,f9C8B0F3ba4cCF9,2025-04-29,Keyboard,Electronics,5,2434.48,delivered
801,3169b16cCcdeD3b,2026-03-05,Jeans,Clothing,4,1878.13,paid
802,ffb5aCbb0d2fbDc,2024-12-09,Machine Learning,Books,1,204.21,cancelled
803,E7DBDFb17Cc4CCe,2025-12-19,Sneakers,Clothing,2,2404.44,created
804,bed1DE0e1fa8CbA,2026-04-18,Laptop,Electronics,5,960.36,paid
805,DEAE8B7FAcE15E5,2024-05-25,Data Engineering,Books,2,1484.09,cancelled
806,b45aDed0B9A4A8C,2025-10-20,Machine Learning,Books,2,1829.82,paid
807,6BE420A12E619f3,2025-10-03,T-Shirt,Clothing,2,1414.35,shipped
808,4f778ebCC378d0c,2026-04-09,Keyboard,Electronics,1,1930.17,paid
809,5B8BAdB24AF53D8,2024-10-21,Jacket,Clothing,1,1115.87,paid
810,d921dFEefbEEfC1,2025-05-29,Keyboard,Electronics,5,2707.51,created
811,eD42f0A78eCA565,2024-08-19,Keyboard,Electronics,3,976.72,paid
812,D1FbB5817Ea54a2,2024-09-10,Keyboard,Electronics,3,2375.84,shipped
813,e9B118cF2ce50BA,2024-07-19,T-Shirt,Clothing,4,191.83,cancelled
814,cfba97C58ccA94C,2025-03-26,Machine Learning,Books,3,1132.04,shipped
815,0E5899Bd2AF5CFb,2025-05-20,Jeans,Clothing,2,2561.61,created
816,8cFc615CEBEc21e,2026-04-24,Laptop,Electronics,4,1657.63,shipped
817,dEc7f2Add3e6DA2,2025-01-06,Monitor,Electronics,3,1686.24,delivered
818,1783F60b418FBFE,2024-08-16,SQL Guide,Books,2,1384.31,created
819,A9331131Ea1a631,2024-10-14,iPhone,Electronics,1,38.74,delivered
820,B4aadFeacabf4ee,2024-11-15,Python Book,Books,5,427.97,shipped
821,3fEd1EDeB77d7Ee,2024-05-30,Data Engineering,Books,2,1764.97,shipped
822,253745a1856520B,2026-04-27,Sneakers,Clothing,4,722.08,cancelled
823,A65D34ba4a8b6Ee,2025-06-15,Monitor,Electronics,3,385.05,cancelled
824,9ABb7ed03ddfED5,2024-06-11,Data Engineering,Books,2,1366.52,cancelled
825,d9Bd0C2Dd6c8262,2024-11-11,Machine Learning,Books,1,383.36,cancelled
826,2DEd16CbD13DE9f,2025-02-10,iPhone,Electronics,4,2373.36,delivered
827,E5f618F469A608a,2025-01-06,Python Book,Books,2,2670.71,created
828,3d9be78b3211c0e,2025-07-03,T-Shirt,Clothing,1,1046.08,cancelled
829,1209e1c46AB0C13,2024-06-07,Machine Learning,Books,1,358.65,paid
830,6Cf1a0665bdCFFF,2026-01-02,Python Book,Books,3,2844.03,delivered
831,aF9fd5cfAD4C3D3,2025-09-30,Machine Learning,Books,4,1089.23,paid
832,3EcFdf9161a0B0c,2026-04-22,Keyboard,Electronics,2,672.67,shipped
833,976c7cE8F303B12,2026-03-02,Laptop,Electronics,4,946.49,delivered
834,e2be6AC8fD9F4aE,2025-11-11,SQL Guide,Books,5,1021.33,shipped
835,B445c1135Fb94FF,2025-11-05,Jeans,Clothing,2,2467.17,shipped
836,8b93C17FC27BA91,2026-02-01,Data Engineering,Books,3,2056.73,delivered
837,B9bccBC11e44128,2025-06-06,iPhone,Electronics,3,2756.95,created
838,6baaC4e89BD83e9,2024-12-06,Sneakers,Clothing,3,777.23,shipped
839,3De2E30e8604AdC,2025-02-06,Jacket,Clothing,1,492.66,created
840,36E824FB673D27F,2026-01-28,Jeans,Clothing,2,2703.53,created
841,3C3F05d15977AaE,2026-03-30,Jeans,Clothing,1,787.34,shipped
842,C13cdD9aAe92BBd,2025-07-24,SQL Guide,Books,2,2733.86,shipped
843,2A98Ac6f0609A1F,2024-11-21,T-Shirt,Clothing,4,745.32,cancelled
844,abb1D15dcabBDeC,2024-10-08,T-Shirt,Clothing,3,2395.24,paid
845,4b7b81bCBAf3e3f,2024-11-18,Jeans,Clothing,2,2355.81,delivered
846,4AfD8cBbD0A5Ede,2024-06-30,T-Shirt,Clothing,5,538.46,created
847,415F5E9d6c7f9f9,2025-05-20,iPhone,Electronics,5,2365.8,paid
848,c16CB9F0BA63d8D,2025-12-06,Monitor,Electronics,2,2081.42,delivered
849,fD37Cb12FFb5ad6,2025-04-23,T-Shirt,Clothing,2,1565.9,cancelled
850,9cA22c63aA46E43,2025-10-10,Headphones,Electronics,3,987.69,delivered
851,BaA90deEbBb3Bf8,2025-08-10,Python Book,Books,2,2752.27,delivered
852,A3e5edC2eA9bdcB,2025-07-04,Python Book,Books,4,982.88,created
853,5dc3046AC88CbBa,2025-08-17,Data Engineering,Books,2,2102.41,delivered
854,28041ADEa9f14da,2025-07-03,Sneakers,Clothing,4,969.82,paid
855,6E2Fd28D072B64D,2025-07-07,iPhone,Electronics,3,2445.8,delivered
856,89Ea88E693a3d6E,2024-07-27,Sneakers,Clothing,2,15.33,cancelled
857,B76EBD8015cC6ba,2025-08-10,Machine Learning,Books,4,1252.96,paid
858,0E98C27F551C7EE,2025-12-12,Keyboard,Electronics,1,1771.87,cancelled
859,648Ac1931F70eD3,2025-05-14,Laptop,Electronics,5,1250.98,delivered
860,1c92B3C53aE270E,2025-10-31,SQL Guide,Books,5,974.69,shipped
861,f985a71Cd33c672,2025-05-24,SQL Guide,Books,4,1115.67,paid
862,cE4a8A779449886,2025-06-05,Jeans,Clothing,5,2091.12,paid
863,8C9dd17c0b7F0E6,2025-08-30,Sneakers,Clothing,5,441.26,paid
864,b53BFcebaDE6c54,2025-01-13,T-Shirt,Clothing,2,1673.16,cancelled
865,Fe26bD00CEC8fFf,2025-07-19,Python Book,Books,4,384.2,shipped
866,922BbdCeAEA509e,2024-09-26,iPhone,Electronics,4,529.61,delivered
867,e69c839D24eA1dF,2024-09-24,T-Shirt,Clothing,3,1928.27,paid
868,1762D5Ee6D7dBE9,2025-04-23,Sneakers,Clothing,3,2872.57,paid
869,D0b2EFeCAfA41ba,2024-11-04,SQL Guide,Books,1,1380.38,cancelled
870,e1cae5DeC61A9cf,2025-06-28,Headphones,Electronics,4,1863.73,delivered
871,B8F9D2b5CbD2aaA,2025-01-25,Machine Learning,Books,3,2098.08,cancelled
872,7d7e3d8cF7Ce0CD,2025-09-04,Jeans,Clothing,5,1238.5,created
873,eE9D243BaE520Cf,2025-05-25,Monitor,Electronics,5,711.11,shipped
874,2Cfe222D9A881C5,2026-01-21,Laptop,Electronics,2,2055.65,shipped
875,7B6C0832E41caF9,2026-01-13,Sneakers,Clothing,4,1037.63,shipped
876,8Bc7D2D3110250b,2024-11-29,iPhone,Electronics,1,884.43,cancelled
877,e71eD1F3C0E33CA,2026-01-10,iPhone,Electronics,1,806.55,shipped
878,f9dCFBfbe56AEa3,2024-06-24,Machine Learning,Books,3,389.24,delivered
879,DdaBcAdcfac3F38,2024-06-15,Sneakers,Clothing,3,2480.03,paid
880,4E98584ABddE6CE,2024-08-29,Monitor,Electronics,4,1257.03,paid
881,a5BbbCaf971aBCe,2025-03-24,Jeans,Clothing,3,87.61,shipped
882,d55241e267Ea809,2026-03-09,Python Book,Books,2,1035.1,paid
883,3C25E881f994ACE,2024-09-28,Python Book,Books,4,1998.8,created
884,bA65d4b35018BAa,2024-08-07,Jacket,Clothing,2,2293.11,delivered
885,E010B95fcf4Da36,2025-05-12,T-Shirt,Clothing,5,1689.24,cancelled
886,DC4BDba96E9BdCC,2024-06-15,Sneakers,Clothing,2,475.46,created
887,7aB20BA5F3E7d09,2025-06-17,Data Engineering,Books,1,2599.14,cancelled
888,Eda8cc9CF2ABAf8,2025-07-16,T-Shirt,Clothing,3,1622.07,paid
889,608924a25DbFD1e,2025-09-27,Machine Learning,Books,3,1486.86,delivered
890,31AFEeefEfDF040,2025-03-07,Jeans,Clothing,4,1586.48,delivered
891,7a1cBE3158C4eaD,2025-10-09,Jeans,Clothing,3,2259.38,created
892,9c8fEedd4c361d1,2024-06-28,Keyboard,Electronics,1,501.88,delivered
893,8A7BF2F00d0ECbE,2025-12-14,T-Shirt,Clothing,4,2697.92,paid
894,d0a1aE7cDdf436c,2024-06-17,Headphones,Electronics,3,271.76,shipped
895,46baCC08D9a50d6,2026-02-20,Data Engineering,Books,4,1250.34,cancelled
896,CaBCeb1e205cC0b,2025-01-10,SQL Guide,Books,4,2021.12,delivered
897,9bEe50BdECA622f,2024-10-07,Jacket,Clothing,4,694.83,created
898,14aFc0199baCa97,2025-09-20,Laptop,Electronics,1,89.85,cancelled
899,6De5dcabA9eA6B9,2024-07-08,Laptop,Electronics,2,2083.31,cancelled
900,b5Cc5bffFAB97a3,2025-02-16,Keyboard,Electronics,4,2917.93,created
901,Aff8ED2EfaB3eb6,2024-07-22,T-Shirt,Clothing,3,2225.66,cancelled
902,aaccEc9c9C680b5,2026-03-15,Monitor,Electronics,4,2695.78,cancelled
903,5E5476ADC8BbA7C,2025-01-29,iPhone,Electronics,3,2242.75,shipped
904,F1eb6bEb3ce8F86,2025-08-25,Keyboard,Electronics,2,2366.18,paid
905,708b56f1daE6f43,2024-08-24,SQL Guide,Books,2,1651.4,cancelled
906,E4a2BFADbdB83cf,2026-02-20,Keyboard,Electronics,1,1873.06,cancelled
907,AFacd4f56Ff8b4D,2024-10-03,T-Shirt,Clothing,5,1313.99,delivered
908,42Cc4B08e76C1eC,2025-10-09,Jeans,Clothing,1,1113.24,shipped
909,79c571e239DbdFA,2024-10-04,Jacket,Clothing,1,138.1,shipped
910,fFdB4c725bB2AFE,2025-12-22,T-Shirt,Clothing,1,2395.52,cancelled
911,BaED1eAD4ecd82C,2025-12-20,iPhone,Electronics,1,1097.33,shipped
912,F62F9aeBA4fd2e7,2025-07-01,Jeans,Clothing,3,174.19,created
913,b2575b43647BA9B,2025-12-14,Monitor,Electronics,5,1340.03,paid
914,BeD2eFcCB5Aa677,2025-08-07,SQL Guide,Books,4,2739.72,paid
915,5F7A2cFeAcDe6A0,2024-11-21,Python Book,Books,3,1012.46,shipped
916,C46eb718CB8741C,2025-08-11,iPhone,Electronics,1,2339.62,paid
917,C6DbbBbD7E9D9EB,2025-04-13,Jeans,Clothing,5,270.2,cancelled
918,dDBE324C068975F,2025-05-05,Python Book,Books,1,511.5,cancelled
919,B2eaBe70AF221c5,2025-06-09,Jeans,Clothing,4,966.72,created
920,E31c5BEcfBe3a70,2026-04-05,Monitor,Electronics,5,2518.41,created
921,4a3c96f5b40a940,2025-01-05,Jacket,Clothing,3,609.16,delivered
922,9cA33147F1FD0f7,2026-01-06,Keyboard,Electronics,5,1746.77,shipped
923,DaadAfF9e8fa3A8,2025-02-26,Keyboard,Electronics,2,145.59,created
924,7E84548A9df9212,2025-07-05,Sneakers,Clothing,4,481.27,cancelled
925,42cE32B96beE472,2026-03-30,SQL Guide,Books,4,1009.99,shipped
926,aD1EBdcD3C1AceE,2025-01-29,Python Book,Books,2,2978.55,created
927,336b828211B2b93,2024-06-19,Jeans,Clothing,4,2750.62,created
928,7e517f6b3DbeF8F,2025-05-06,Machine Learning,Books,4,1537.92,shipped
929,07Dbd2B9C7021AC,2026-04-03,SQL Guide,Books,1,2949.63,shipped
930,e1eb6A47E5E7B9B,2024-07-09,Jeans,Clothing,3,1325.76,created
931,b2906777eA44fe3,2025-06-24,Jeans,Clothing,4,28.34,cancelled
932,7B474694afFAEef,2026-02-08,Monitor,Electronics,3,2384.9,cancelled
933,F0B7040F48d5216,2026-05-05,Keyboard,Electronics,3,1180.97,cancelled
934,76E54eFCBDa8E58,2024-11-09,Jeans,Clothing,3,1748.96,created
935,F8a124B5cf9EbbC,2025-09-07,SQL Guide,Books,4,1790.08,created
936,4b4e5Bed2fFb0DD,2024-06-29,Python Book,Books,5,1547.51,delivered
937,632054b447C405c,2024-12-26,SQL Guide,Books,1,1758.43,created
938,D8cbF8BF39dFaDa,2025-02-18,Python Book,Books,3,1545.65,shipped
939,CE9fadF615Fb6ec,2024-12-02,Jacket,Clothing,1,346.92,cancelled
940,6548E3E5d9bEFE1,2026-02-12,Laptop,Electronics,2,2617.71,paid
941,80daecdaB8CCFFE,2025-06-28,T-Shirt,Clothing,3,178.68,paid
942,14d1eF0C6f2Df6C,2024-05-26,Jeans,Clothing,3,2470.79,paid
943,3a6B07fE2ebb19e,2025-06-11,Python Book,Books,3,394.48,cancelled
944,6a6bFE54ADd0CeE,2025-02-14,Machine Learning,Books,5,2153.27,cancelled
945,af8CEed483B8BB8,2025-01-07,SQL Guide,Books,4,1027.61,paid
946,6d2eFEEfb290091,2025-03-24,Jacket,Clothing,3,2390.7,created
947,baBDf1F95Ee18aA,2026-02-15,Jeans,Clothing,5,2282.31,cancelled
948,ABBEDfD9D38A42c,2025-07-23,T-Shirt,Clothing,2,743.55,cancelled
949,Fb7F8fDf4eCeFA6,2024-11-09,iPhone,Electronics,5,19.89,created
950,Cb58E3dfC73e9eb,2025-01-06,Monitor,Electronics,3,1141.1,delivered
951,c0bCe82eCAa827d,2024-11-20,Data Engineering,Books,4,145.75,created
952,7De1dEe1c8e23ed,2024-05-26,Python Book,Books,1,749.95,shipped
953,503b9075Fd6Ceb5,2026-02-08,Machine Learning,Books,5,1441.39,paid
954,1fd8221Eec9B8C8,2025-11-26,Headphones,Electronics,4,2035.61,shipped
955,CdC3F8e5bE80B1A,2024-05-23,Monitor,Electronics,1,1061.86,shipped
956,8a93DDaCaCDB3F1,2024-10-28,T-Shirt,Clothing,1,100.67,delivered
957,38794a1D46b8Ff5,2025-11-25,Machine Learning,Books,4,848.27,shipped
958,9A8969dAe3F908f,2024-09-14,SQL Guide,Books,2,1679.54,created
959,AAfaABD2eB85fcc,2025-08-02,Laptop,Electronics,4,901.09,shipped
960,E08eafDcD7f3d2c,2025-06-15,Machine Learning,Books,4,2450.98,paid
961,256fcbeBB76D357,2025-04-21,T-Shirt,Clothing,5,1672.76,delivered
962,33f6d9ed8aCD68c,2025-06-28,Jacket,Clothing,5,778.96,shipped
963,Ec5aC34a5BF3eeC,2024-05-23,Python Book,Books,5,2228.73,shipped
964,D9E32Fd5Db46796,2025-07-30,Machine Learning,Books,1,1780.89,paid
965,Ad76d0cc77B73E6,2025-10-31,SQL Guide,Books,3,1914.97,delivered
966,Fa0cE4786Fa2b76,2026-04-19,SQL Guide,Books,3,934.19,cancelled
967,1Be627c12F847bF,2024-07-11,iPhone,Electronics,4,1875.08,created
968,B7075c2129bbead,2024-11-20,T-Shirt,Clothing,4,2750.43,cancelled
969,CC279ADa7bCE65E,2024-12-22,SQL Guide,Books,5,2632.72,delivered
970,4Ad61f00EDb99bc,2025-06-05,Machine Learning,Books,4,2144.77,created
971,e8eCCf4BEcFA45E,2024-08-08,iPhone,Electronics,5,1374.3,shipped
972,9E5e058cF25C4Ad,2024-11-05,Keyboard,Electronics,4,2604.95,created
973,FB604EF3e3a78CB,2024-11-30,Jeans,Clothing,4,2628.6,delivered
974,0Abd411313012b5,2025-12-25,Sneakers,Clothing,1,1547.77,created
975,F505b7767Ff3Acc,2024-10-31,SQL Guide,Books,4,2493.44,cancelled
976,fd87Aa6bD9Cf3Fa,2024-05-21,Headphones,Electronics,1,2305.57,created
977,C19A71E10A73368,2026-01-29,Jeans,Clothing,3,216.75,shipped
978,0De80ae935EDAb4,2025-09-24,Sneakers,Clothing,1,1375.03,delivered
979,aBaD0b48Db3048F,2024-08-04,Laptop,Electronics,5,2735.53,paid
980,455FE9b84a28a75,2026-02-05,iPhone,Electronics,5,154.09,created
981,6aF2EA259D4936D,2026-01-07,Python Book,Books,5,908.47,cancelled
982,25Bce797EC6Beef,2025-01-30,Jacket,Clothing,1,694.16,created
983,9EcA2C16eA01c61,2024-08-15,Headphones,Electronics,1,1006.7,created
984,Bd3fc5Effa9FAF4,2026-02-28,Laptop,Electronics,4,427.99,cancelled
985,dCBAb3fCADb3CAE,2024-10-19,iPhone,Electronics,5,113.58,paid
986,a3AaEa6f2Bc1Cd2,2026-01-25,Python Book,Books,2,1980.41,shipped
987,AB820fA4Bf16159,2024-07-04,Monitor,Electronics,1,757.25,created
988,2feeF7Df1D2EFE1,2024-06-03,Sneakers,Clothing,2,1432.54,cancelled
989,3CAC670CAF666Da,2025-03-25,Monitor,Electronics,4,1706.66,paid
990,5817adEb91CFA1F,2024-08-31,Jeans,Clothing,5,2329.99,shipped
991,08aE6C9f6084bE2,2025-02-09,iPhone,Electronics,2,2551.23,paid
992,70FA8bbf7cCBaA6,2025-03-10,Jeans,Clothing,4,430.49,delivered
993,1a7fECBDBEE8ef6,2024-11-13,Laptop,Electronics,2,2017.2,paid
994,AB0CCFDD64ef799,2024-09-21,SQL Guide,Books,3,573.26,created
995,5EC74a1a47056DC,2025-04-05,SQL Guide,Books,2,334.74,cancelled
996,80B13D8bcCBbf8B,2025-06-09,Sneakers,Clothing,1,2672.12,delivered
997,0cCb08DfDAa81Aa,2024-10-20,iPhone,Electronics,3,913.45,shipped
998,85488ba18f83fcd,2025-03-02,Laptop,Electronics,3,380.45,cancelled
999,1A32DB8dF97Ec57,2024-09-16,Keyboard,Electronics,3,476.59,cancelled
1000,1fC14CF3415B3F7,2026-04-28,Headphones,Electronics,5,2948.13,shipped
1001,EdB067c2B4FFDAd,2025-02-06,Headphones,Electronics,3,491.46,created
1002,fB8b8BCFA203BEc,2025-11-25,iPhone,Electronics,4,384.13,paid
1003,cd5b6de7A77ff26,2025-07-19,Jeans,Clothing,4,1957.84,paid
1004,b75Eca56Cb386a0,2024-07-26,Data Engineering,Books,1,494.73,delivered
1005,c3dEFf285C1ccDC,2025-08-16,Monitor,Electronics,2,266.09,paid
1006,DCFfB2Cd211dde8,2025-11-02,Headphones,Electronics,1,1055.82,created
1007,Acd7D86620CAbac,2026-02-10,Laptop,Electronics,3,1432.58,created
1008,aC2dfE495C41D22,2025-06-26,Machine Learning,Books,3,263.2,cancelled
1009,fF780b1B103c10E,2024-06-27,Python Book,Books,3,1094.04,paid
1010,8db9A8a59EBd1B1,2025-09-06,Data Engineering,Books,5,819.22,paid
1011,dA5e7a3cC2Dd7Ba,2025-06-02,SQL Guide,Books,4,1974.35,created
1012,7Dcfa222dfddCC7,2025-09-28,Keyboard,Electronics,3,2295.93,delivered
1013,C30ad6Bcb32E4f9,2025-06-04,Jeans,Clothing,5,565.72,cancelled
1014,073c06355A92d3e,2024-05-27,Keyboard,Electronics,2,2265.33,shipped
1015,cedaFbFA4687BB0,2024-11-15,T-Shirt,Clothing,5,1857.59,shipped
1016,CF4aE88bA037388,2024-09-23,Jacket,Clothing,1,187.93,created
1017,580cFCBA3eA9fC0,2024-06-21,Sneakers,Clothing,2,1566.49,delivered
1018,B03d9FC9Ad6FC75,2025-06-19,SQL Guide,Books,4,1383.33,cancelled
1019,4dDf5EfddDdb3b8,2025-05-08,Monitor,Electronics,3,1399.15,paid
1020,cBeFb954256dBBE,2025-08-22,Headphones,Electronics,1,2602.21,created
1021,33AeABe4A9BE0Ec,2024-09-21,Jacket,Clothing,1,460.1,paid
1022,f862eA77D38Aaa5,2024-07-03,SQL Guide,Books,4,2522.41,delivered
1023,2BedE3fCAadD9AF,2025-01-02,Keyboard,Electronics,1,1313.49,shipped
1024,143c3e7C967cf41,2025-10-06,SQL Guide,Books,5,2398.37,delivered
1025,15bDA4c5F2b2FDc,2025-06-17,Jeans,Clothing,2,102.12,created
1026,DCea0c7f9d088C5,2025-01-05,T-Shirt,Clothing,4,2863.34,delivered
1027,8BE6eaeAbFDCA4F,2025-04-27,Python Book,Books,3,628.37,paid
1028,0A97b4cAFDDFBEc,2026-04-05,Sneakers,Clothing,1,1279.98,paid
1029,EB3bE48AFfcB1DD,2025-04-23,T-Shirt,Clothing,4,2937.21,created
1030,F3dbE5ffD81cEE0,2025-10-09,Keyboard,Electronics,2,344.53,paid
1031,9cF40C1C58F32Bd,2024-06-25,Jacket,Clothing,1,881.88,shipped
1032,438FDF1Ddcd61aa,2025-06-12,T-Shirt,Clothing,4,426.54,delivered
1033,eF52F03fC9C5e78,2025-06-24,T-Shirt,Clothing,3,2805.29,paid
1034,9b9e6Ef4356edeb,2024-12-25,Machine Learning,Books,4,2442.78,delivered
1035,D4fAf31FcB0D43E,2024-09-20,Machine Learning,Books,3,2202.07,created
1036,bbf8Ecb20A20e05,2024-05-31,T-Shirt,Clothing,4,1268.78,cancelled
1037,586A04eC4F67F9e,2024-11-12,Headphones,Electronics,1,1113.41,delivered
1038,c2073665CdD2c3E,2025-11-26,T-Shirt,Clothing,2,917.44,delivered
1039,fAE4ECBba60a4B4,2025-02-16,Jacket,Clothing,4,2391.36,created
1040,Cf4f06ED203E4FE,2024-12-26,iPhone,Electronics,5,1610.22,paid
1041,955A0a9595d9D42,2026-02-26,Python Book,Books,4,2331.0,created
1042,5bBBb6bf005ccde,2025-05-11,Python Book,Books,2,469.79,shipped
1043,D081CCCfFf52cE8,2025-06-10,Monitor,Electronics,1,2373.84,paid
1044,fa5b2F9dFC4BDa2,2025-04-22,Machine Learning,Books,4,2943.98,paid
1045,4073D4a71174E4F,2025-06-27,Jeans,Clothing,3,1467.83,paid
1046,b415E3944BbaB3c,2025-11-18,Headphones,Electronics,4,2526.82,shipped
1047,eDE9BD7aFd49D3b,2024-06-01,SQL Guide,Books,5,730.24,delivered
1048,D5dC61b19a7461E,2025-04-10,Monitor,Electronics,4,1031.67,cancelled
1049,12582Cc25ed54fe,2024-11-19,Headphones,Electronics,3,1131.69,paid
1050,acf4F6805DB5C2a,2026-01-29,Python Book,Books,4,1985.01,cancelled
1051,1E936FfE945F760,2024-07-20,Keyboard,Electronics,4,217.85,delivered
1052,fA5DD6bbFaBa367,2025-03-13,Machine Learning,Books,3,720.12,created
1053,d81DDc9f946bEFe,2024-06-16,Python Book,Books,5,1817.13,paid
1054,FB2Eb9ea78A672d,2025-04-28,Jacket,Clothing,3,412.33,cancelled
1055,AcaFC3Adc1Be2fC,2025-01-05,Monitor,Electronics,3,1768.56,shipped
1056,fE89a2cEb9dE71B,2025-08-26,Monitor,Electronics,5,2303.6,cancelled
1057,CAEc5987347F7b9,2024-08-25,iPhone,Electronics,3,2077.41,created
1058,fDCe71266411d91,2024-12-13,T-Shirt,Clothing,2,2458.51,paid
1059,95F64f01f3211Bd,2024-09-05,Jacket,Clothing,5,1739.02,created
1060,Fc725FEe03C9A02,2024-06-12,Sneakers,Clothing,5,1689.37,paid
1061,64CC0f1b0eDe6ef,2024-10-01,Sneakers,Clothing,5,2865.47,delivered
1062,5dd12EFb823b6B9,2025-01-05,Keyboard,Electronics,1,920.31,delivered
1063,9A54aAbe6CCeEBc,2025-07-19,Headphones,Electronics,3,2868.96,created
1064,DbD03547A753E24,2025-12-08,Headphones,Electronics,5,182.37,paid
1065,F3fe97ca20Bb1Fe,2025-02-09,Headphones,Electronics,5,792.28,shipped
1066,dDA90C83B3bA087,2025-01-09,Python Book,Books,4,1923.16,paid
1067,7Dfd4266f6e88EC,2024-07-09,iPhone,Electronics,4,670.64,paid
1068,abDf2bbFB1dBB4b,2024-06-10,Keyboard,Electronics,2,2970.84,paid
1069,8f2ac6C324c3Dc1,2024-06-04,iPhone,Electronics,4,2087.98,paid
1070,DFf4792965D2E0D,2026-02-21,Headphones,Electronics,1,1222.87,shipped
1071,0007fdf591B0e50,2025-12-23,Jacket,Clothing,3,2221.79,cancelled
1072,8eEA46dc29226f3,2025-08-03,Machine Learning,Books,4,2317.64,paid
1073,5CfdF4bCEb35CdB,2025-09-12,Jacket,Clothing,5,1977.9,paid
1074,0E02A5573bb58b2,2024-06-16,Keyboard,Electronics,4,703.83,delivered
1075,6a1465F13FCe4f0,2025-09-14,Machine Learning,Books,5,501.38,cancelled
1076,0B0B72bFc051d4E,2024-08-08,Data Engineering,Books,4,2447.68,paid
1077,e63B1D60f7aeC49,2025-12-08,Jacket,Clothing,2,2358.98,paid
1078,fBbafC4eBd45cD2,2025-05-24,Sneakers,Clothing,5,1449.62,shipped
1079,eDBCfB952fcD508,2026-01-21,Data Engineering,Books,1,2273.63,paid
1080,71Ac3BF97e3CAa3,2025-08-03,Jacket,Clothing,2,2511.23,delivered
1081,615Ce7be7AC4c65,2024-07-06,Jacket,Clothing,3,2192.13,shipped
1082,5B03E1B9FAA68E1,2025-06-06,T-Shirt,Clothing,3,2019.62,shipped
1083,dc6723eEc4Dcc0C,2025-07-11,T-Shirt,Clothing,3,2996.98,paid
1084,Fec0F17BfF7d144,2025-11-01,Machine Learning,Books,4,2081.43,paid
1085,Cf2BEeeFBd5dBBE,2026-02-18,Sneakers,Clothing,3,2222.08,cancelled
1086,02f2E8dA4a3E1Cd,2024-12-08,T-Shirt,Clothing,2,1418.51,cancelled
1087,FC38140Abe7AdC9,2024-07-09,Jacket,Clothing,4,1432.15,cancelled
1088,7227cbaaC1Ff0Fc,2026-02-01,Machine Learning,Books,4,688.85,paid
1089,34BF7cd1D32A84a,2024-09-07,Monitor,Electronics,5,2577.54,delivered
1090,BE92dC8Fee3eEa3,2025-06-24,Machine Learning,Books,3,1521.75,cancelled
1091,CbeB5C5006B3aCc,2026-04-11,Jacket,Clothing,5,1390.62,paid
1092,6B487DDF532ba8B,2024-09-14,Machine Learning,Books,1,438.99,created
1093,A0cEcaDd39Be0fe,2024-11-18,T-Shirt,Clothing,3,1055.71,delivered
1094,8E3dda8ED4211ed,2024-08-30,Monitor,Electronics,4,2060.22,created
1095,F55db0269FccECa,2024-08-09,Sneakers,Clothing,5,1099.26,delivered
1096,289eaE3ebE464fc,2025-06-27,SQL Guide,Books,4,2736.56,created
1097,C7FD3a43eCcc5ff,2026-01-06,Machine Learning,Books,1,1491.87,shipped
1098,47e0B38deC55C79,2024-05-11,SQL Guide,Books,5,2598.74,cancelled
1099,7b4cC6Eb16FdAE4,2024-09-16,Data Engineering,Books,2,1801.85,paid
1100,aD4aDaDa9607f8E,2024-11-27,Jeans,Clothing,5,1427.19,delivered
1101,CE938cFe5FbFbBb,2024-09-30,Headphones,Electronics,1,2626.53,shipped
1102,bC9CCD9C00D5dA7,2025-02-25,Jeans,Clothing,2,2229.43,shipped
1103,Bfc3E86679B4a58,2024-05-16,Data Engineering,Books,2,2052.29,paid
1104,AbBb7eE522c5bBC,2024-11-14,Monitor,Electronics,5,523.18,delivered
1105,415bD5F4DF5E53e,2026-03-31,Machine Learning,Books,1,1890.12,cancelled
1106,74BaA7c9A028e3e,2026-03-10,Machine Learning,Books,5,298.46,paid
1107,7aD87e700ffCaDa,2025-04-02,Data Engineering,Books,3,1776.86,shipped
1108,09AcBdbcbF7D653,2024-06-30,Sneakers,Clothing,2,1471.65,cancelled
1109,7d3aBe9e1cBF8b0,2024-08-06,Keyboard,Electronics,4,2496.65,delivered
1110,3d68FD81F5dEe18,2024-09-24,Python Book,Books,2,410.64,delivered
1111,cA8276ae551E88D,2024-05-17,SQL Guide,Books,1,2867.53,cancelled
1112,b1FEf1b208c1D8f,2025-02-25,Sneakers,Clothing,1,10.7,delivered
1113,d4Dbe1D6c6b392f,2025-04-09,Machine Learning,Books,2,2881.44,created
1114,fDaFe083CCaff8D,2025-08-21,Keyboard,Electronics,1,248.72,shipped
1115,eA80eFcc467DDee,2024-06-28,Data Engineering,Books,1,2224.59,paid
1116,Db652F37CFdfcad,2024-09-19,Laptop,Electronics,3,1890.91,cancelled
1117,394AeddceDE1588,2024-12-23,Machine Learning,Books,5,2220.75,paid
1118,cBFCeCcb0ACDF11,2025-06-29,Headphones,Electronics,4,1797.07,cancelled
1119,70fd9f12a8EEac7,2024-12-23,Jacket,Clothing,1,2943.72,delivered
1120,Ea39fCC4f8FbBD9,2024-06-20,Laptop,Electronics,3,363.77,paid
1121,C9Ed828Acf1A2Ba,2024-06-30,Data Engineering,Books,3,1800.24,paid
1122,cacfd6E4ae020d8,2024-05-19,SQL Guide,Books,1,689.18,cancelled
1123,a41043a8b6Ba69A,2025-06-26,Jeans,Clothing,4,203.76,cancelled
1124,E9e09674b4935d4,2025-02-26,Sneakers,Clothing,3,91.01,paid
1125,ED93daBb0aD8cd5,2025-07-10,Machine Learning,Books,3,517.72,cancelled
1126,dDde4FccAFC5cd7,2025-06-12,Laptop,Electronics,5,2768.12,delivered
1127,fA466B24ae0e7c0,2025-02-14,iPhone,Electronics,1,385.88,cancelled
1128,a9dE87a0256c514,2026-01-23,Sneakers,Clothing,3,2412.56,created
1129,1e1BCfE2D21B6ab,2024-10-31,Python Book,Books,4,140.36,shipped
1130,6FCCE7cCa7934D4,2024-06-03,Keyboard,Electronics,5,2415.94,paid
1131,EECE0BBC6dA6dA2,2025-08-06,T-Shirt,Clothing,3,537.37,cancelled
1132,af0f033b7B59C9a,2025-07-30,SQL Guide,Books,2,214.47,created
1133,Ea008Ab9Bd759E6,2025-11-09,Headphones,Electronics,2,1182.17,created
1134,ec8D3bd60DEa625,2025-08-12,Laptop,Electronics,3,429.67,cancelled
1135,EeaaEE5D1d3629C,2026-04-04,Python Book,Books,1,56.24,created
1136,Cd8386bf10Fb4Df,2026-02-05,Headphones,Electronics,4,2045.31,cancelled
1137,9A53C8DAdEE0304,2025-11-03,Headphones,Electronics,5,2408.06,created
1138,Dfaf2bC0D82649E,2025-12-13,Jeans,Clothing,5,1331.21,created
1139,b3d3ce7E3407BdB,2026-02-20,Jacket,Clothing,1,1039.97,shipped
1140,1d0E22CECcdA9A1,2024-09-10,Jacket,Clothing,3,2844.65,delivered
1141,3dcEFe6FdDdbBb8,2024-10-11,Monitor,Electronics,3,1845.32,paid
1142,f9aCa60cC3D6288,2026-03-02,T-Shirt,Clothing,4,2493.78,created
1143,ef1b0150B9811Fc,2024-11-16,Sneakers,Clothing,5,880.59,created
1144,6dAD20fAb981dFE,2024-05-14,Machine Learning,Books,2,1912.13,delivered
1145,4B19C2F87ACECeb,2024-12-04,Data Engineering,Books,5,2792.22,delivered
1146,a1a27F6c8e37D7E,2025-05-29,Laptop,Electronics,5,1644.65,delivered
1147,C05822ACfD75B3F,2025-12-23,Sneakers,Clothing,2,2490.56,cancelled
1148,c80589Fbf4bddEd,2025-07-24,iPhone,Electronics,3,2098.41,created
1149,baa53ce152Baf3A,2026-03-06,Laptop,Electronics,3,499.3,shipped
1150,a9808dAfaEd9C5f,2025-02-20,Headphones,Electronics,1,2371.71,delivered
1151,0BadAEED0a1dfbc,2025-02-02,T-Shirt,Clothing,5,1023.53,delivered
1152,0e8c72eBD6a23Bc,2025-06-01,Keyboard,Electronics,1,2492.88,cancelled
1153,6FeCBB93DC0aDfE,2025-06-03,Machine Learning,Books,1,1671.37,shipped
1154,37916797A19BFfE,2024-08-07,Machine Learning,Books,1,2049.31,delivered
1155,Be9EC12fcD8DBde,2025-07-19,Keyboard,Electronics,5,1080.75,paid
1156,91CEF59C7eBCeBe,2024-05-27,Machine Learning,Books,4,1121.63,cancelled
1157,A3e75f63ECED3BF,2025-04-02,Jeans,Clothing,5,2842.02,cancelled
1158,0347eC4BC6DC8cC,2024-11-30,iPhone,Electronics,4,829.27,created
1159,cEA5DacB68Cdab4,2026-04-21,Sneakers,Clothing,4,1180.64,shipped
1160,EDF22B2F9FC8b92,2024-06-11,iPhone,Electronics,5,1107.52,delivered
1161,C83BF674C59e977,2025-04-29,T-Shirt,Clothing,4,785.97,cancelled
1162,f1ce8EebD99f15f,2025-07-07,Jacket,Clothing,3,2990.96,delivered
1163,a1C17314252F8E7,2024-11-11,Keyboard,Electronics,2,1437.71,cancelled
1164,DEdF3AA35eA2fc2,2024-10-20,Monitor,Electronics,3,2377.68,shipped
1165,64BcAe227B4F353,2024-08-21,Jacket,Clothing,2,1905.25,paid
1166,664cBfcE4e7adbb,2024-11-26,Python Book,Books,3,1646.56,shipped
1167,CcD0f17eA3a3ba8,2025-08-01,Data Engineering,Books,4,1207.19,shipped
1168,CfF81eAC4805d8b,2025-12-14,Headphones,Electronics,2,2709.1,paid
1169,5c82250bacefCf8,2024-09-24,Keyboard,Electronics,2,1194.94,created
1170,26A7aFF2AC409b8,2026-03-20,T-Shirt,Clothing,2,693.82,created
1171,69D7Ee75EAA3A0D,2026-03-08,Headphones,Electronics,3,2523.7,shipped
1172,aF45a6d1A8BeE9c,2024-09-25,Data Engineering,Books,5,1634.58,shipped
1173,4dA93aDadE7EBbc,2025-04-10,Sneakers,Clothing,4,1113.71,paid
1174,cba5efbe0139aDa,2025-02-22,Sneakers,Clothing,4,92.54,paid
1175,9d111B0FFeBbFe5,2025-03-15,Machine Learning,Books,2,1149.87,cancelled
1176,D56E26ABa9aEeC2,2024-06-01,Keyboard,Electronics,2,1948.4,shipped
1177,ce61EAa693AecDe,2025-10-06,T-Shirt,Clothing,2,2006.72,created
1178,EAe524A9ca2a51e,2024-11-24,Machine Learning,Books,5,1527.24,created
1179,eEF3FCE5c7D4bbA,2025-09-28,Jeans,Clothing,3,1361.98,created
1180,eCAE656C81Fd0ED,2025-08-02,Jacket,Clothing,3,2528.45,delivered
1181,0a17e6a1a5eaB8d,2025-05-30,Laptop,Electronics,1,426.16,cancelled
1182,fBdD5A4Fe97aFDA,2024-05-27,Keyboard,Electronics,4,2724.55,paid
1183,DbbfA62Ea3b6edb,2025-06-18,iPhone,Electronics,4,2106.76,shipped
1184,4Dcc06ccdFfA230,2025-08-01,Jacket,Clothing,5,303.09,delivered
1185,0Bb44C0d0235593,2024-08-30,iPhone,Electronics,5,1286.87,created
1186,DAc2cf4470Bc194,2025-06-22,Monitor,Electronics,5,2698.73,shipped
1187,5Bc92DD5bd97c38,2024-05-18,Machine Learning,Books,5,2317.39,delivered
1188,36a7D8d4C5cac59,2025-12-15,Machine Learning,Books,3,2605.71,delivered
1189,ce5A14d9c3CA46C,2025-08-03,Headphones,Electronics,1,2856.49,created
1190,5CcB46011376db5,2025-12-17,T-Shirt,Clothing,5,549.29,paid
1191,2dCB3e2DBC10eDc,2025-06-18,T-Shirt,Clothing,3,866.16,delivered
1192,04938ef07072EA2,2024-05-31,Python Book,Books,1,283.45,paid
1193,552ABdDa6Db8Db5,2025-05-15,Headphones,Electronics,4,2660.12,cancelled
1194,f5adbdEEAfce48A,2024-10-22,Keyboard,Electronics,3,2890.24,shipped
1195,1deeE5cE4e67dbA,2024-12-20,Python Book,Books,2,2891.97,cancelled
1196,32AffAdb5CFfa5B,2024-09-30,Python Book,Books,3,432.07,paid
1197,644B5aeBd279dfa,2026-02-09,Keyboard,Electronics,3,420.72,delivered
1198,7E8d9af7774ef2F,2025-03-13,Machine Learning,Books,1,659.58,shipped
1199,0f0cD3FAa7cC3dA,2024-12-17,Machine Learning,Books,4,1254.1,cancelled
1200,C30CAAD4ef139f6,2026-02-15,Python Book,Books,1,744.94,paid
1201,Af97BCcE7b1DBe5,2025-11-19,Python Book,Books,4,2480.45,cancelled
1202,df05e64E526cAdd,2026-01-11,Data Engineering,Books,3,855.24,created
1203,1b0DeFb0db4d5F4,2024-06-09,Keyboard,Electronics,3,2584.4,created
1204,D8FcEc494aFcD6c,2024-05-18,Jeans,Clothing,3,1144.31,shipped
1205,Db32BFD296CD973,2024-05-10,SQL Guide,Books,4,2000.36,cancelled
1206,E1D370e79DDf9C8,2024-11-11,Machine Learning,Books,5,129.78,delivered
1207,35f072ADC0EC3BE,2025-10-27,Jeans,Clothing,5,2002.37,paid
1208,6A02651dd5425c5,2025-08-18,iPhone,Electronics,5,2072.66,delivered
1209,A5FAA7C0bde8ceA,2025-02-19,Headphones,Electronics,3,1095.91,created
1210,4Bd8F588eAE1378,2024-10-26,Laptop,Electronics,5,2402.49,created
1211,23cfb9eA2AbE0Bc,2025-07-08,SQL Guide,Books,3,2029.6,shipped
1212,6afae9FC151fcbC,2024-11-21,Data Engineering,Books,1,1773.83,cancelled
1213,2F1dbd9Ca6cBDF7,2025-11-24,iPhone,Electronics,5,1755.21,paid
1214,B1a9180a4E89b3e,2025-01-14,Machine Learning,Books,4,1772.28,paid
1215,77bab8E96cf7AC8,2025-07-04,iPhone,Electronics,5,718.2,cancelled
1216,6CdfB02b125DcCB,2025-06-09,Machine Learning,Books,2,1666.0,created
1217,8f217DD7d753d4F,2025-12-22,Monitor,Electronics,1,1198.11,paid
1218,41DF5bef69CbEee,2025-01-28,SQL Guide,Books,4,2298.02,paid
1219,2B6aAdfeeE8EE41,2025-05-16,Python Book,Books,3,1141.43,shipped
1220,cc441aadddbf3EE,2026-02-13,Jeans,Clothing,3,104.0,created
1221,32C2e21FC3240C8,2024-09-03,Keyboard,Electronics,4,1140.69,delivered
1222,bA7A2797bd8Cb60,2025-10-13,T-Shirt,Clothing,5,2153.48,paid
1223,f5afCe3c9f5dF5c,2025-05-07,Laptop,Electronics,1,2136.57,paid
1224,9CFf55dA8c8dEF8,2025-03-06,Python Book,Books,3,2009.29,paid
1225,06C61FDDEFB7Ea6,2024-10-04,Machine Learning,Books,5,761.34,delivered
1226,eEAC4E2b2D7De3D,2025-07-22,Machine Learning,Books,2,2251.46,paid
1227,afD4Ac3bA36bEd6,2025-03-02,Machine Learning,Books,2,1880.22,shipped
1228,9ef2C95a5056Ad0,2025-11-01,Python Book,Books,4,529.02,cancelled
1229,7Dac413DcedABEE,2026-02-10,Sneakers,Clothing,3,1356.3,delivered
1230,e2aE762C7eFb697,2026-04-13,T-Shirt,Clothing,4,1254.36,delivered
1231,eEb133AD48914fB,2025-10-13,Python Book,Books,5,594.34,shipped
1232,5ae919d29db6eab,2025-03-18,Jeans,Clothing,2,2824.08,created
1233,C1BDff595Ac3f49,2025-05-12,Python Book,Books,4,651.16,shipped
1234,fFFe21DE9E909bA,2025-10-11,Jacket,Clothing,4,2350.47,delivered
1235,a00c3c1eDd645CC,2025-08-29,Laptop,Electronics,2,1677.45,cancelled
1236,6FBb7a486A5f88E,2024-12-16,iPhone,Electronics,1,1947.0,paid
1237,Ed6c2688EF0fF8C,2024-08-25,Jeans,Clothing,4,1159.14,shipped
1238,8F95e18cC5E4D16,2024-05-14,T-Shirt,Clothing,1,1680.49,created
1239,658003E02912fb0,2025-08-09,SQL Guide,Books,1,1904.61,cancelled
1240,7eBAFdce1fdcD14,2024-12-13,Data Engineering,Books,2,1885.17,delivered
1241,5683DCCDa5d1a5e,2024-08-17,Jacket,Clothing,5,1063.14,shipped
1242,E02Ee8CE5Ff9f2d,2025-09-12,Data Engineering,Books,2,2497.54,delivered
1243,7314D7EA8Af9d6A,2025-03-04,Machine Learning,Books,2,2162.48,delivered
1244,bdB2b852bf60319,2025-06-14,Jacket,Clothing,2,1701.06,delivered
1245,587A3AcD3292383,2025-10-16,Jeans,Clothing,4,526.25,shipped
1246,AD8a2Da0A450eCA,2026-01-02,Python Book,Books,2,366.43,cancelled
1247,7Feb0a8Ad1560c7,2025-06-03,iPhone,Electronics,2,2632.75,paid
1248,fd4CA262EAEaaAA,2024-09-26,SQL Guide,Books,2,2320.48,cancelled
1249,6483D97d7102c2a,2024-06-02,Headphones,Electronics,3,702.14,cancelled
1250,d633aDaeC6acCab,2025-09-11,Jacket,Clothing,5,1664.4,paid
1251,Db16dabBcbA0BdB,2024-06-10,iPhone,Electronics,2,466.72,shipped
1252,902a73c7fEDC3Fb,2025-10-25,Keyboard,Electronics,3,2759.89,shipped
1253,FDEbb65DD00EffE,2025-11-14,Sneakers,Clothing,2,2492.32,cancelled
1254,05D1e784e886eDE,2026-01-17,Data Engineering,Books,4,556.46,delivered
1255,BdA959721A699D7,2025-01-06,SQL Guide,Books,5,2349.3,shipped
1256,3DCB2f77FFDD85d,2026-01-29,Keyboard,Electronics,3,36.27,created
1257,ef2fF2B9663C2A5,2025-08-29,iPhone,Electronics,1,410.24,cancelled
1258,820248bebe7B57B,2024-07-17,SQL Guide,Books,1,973.65,cancelled
1259,E18BB67cc03b0a3,2026-01-29,T-Shirt,Clothing,5,363.22,created
1260,8eD9d7Cc8453778,2024-08-08,Jacket,Clothing,5,794.0,paid
1261,c6a46262a32Fee4,2026-03-05,Monitor,Electronics,5,1111.13,cancelled
1262,FAAaDD6CAcC5a20,2025-04-11,Data Engineering,Books,2,1973.84,shipped
1263,B60De088dECEaDb,2025-04-04,Headphones,Electronics,3,366.18,cancelled
1264,cB0596fe47bdD7C,2025-07-21,T-Shirt,Clothing,4,814.1,cancelled
1265,DE83de57D51dddf,2025-04-19,Monitor,Electronics,4,1057.17,delivered
1266,1A7bF3aEA3bF3e6,2026-02-23,Sneakers,Clothing,2,2696.53,paid
1267,7f0bEFB2EAd06BD,2024-05-29,Keyboard,Electronics,2,132.21,cancelled
1268,97D5c4db9a5c648,2025-05-24,Jeans,Clothing,4,2411.41,delivered
1269,180DEEbb21F92F0,2025-09-20,iPhone,Electronics,3,2095.47,shipped
1270,7a40A6dD37bAfd9,2024-10-09,Keyboard,Electronics,3,2963.79,created
1271,1d5e3A2f680a684,2024-12-01,T-Shirt,Clothing,2,439.34,shipped
1272,6f83bE9cd5EBb4c,2025-08-28,Data Engineering,Books,5,2114.64,cancelled
1273,452Dc8a3CFdddDc,2024-09-27,Keyboard,Electronics,3,191.67,shipped
1274,72DCefA3cAB4Ce6,2025-11-07,Python Book,Books,4,2025.53,shipped
1275,83B89d8186075dE,2026-03-13,T-Shirt,Clothing,1,895.69,created
1276,74b8Fac4131b29A,2025-03-11,T-Shirt,Clothing,1,461.87,delivered
1277,46975e22E903fbe,2025-07-02,SQL Guide,Books,1,666.52,delivered
1278,d8Aa9FB3bFCa2fE,2025-10-09,SQL Guide,Books,3,2860.49,shipped
1279,d02CA646d5F8f76,2025-05-29,SQL Guide,Books,4,2577.1,created
1280,D1ED9cdD73d3CA7,2026-03-08,Keyboard,Electronics,5,2788.78,delivered
1281,DA61AfCF160daBe,2026-02-08,Jacket,Clothing,3,1597.52,created
1282,98F0efD0eCbecc9,2025-12-03,Jacket,Clothing,4,1780.37,cancelled
1283,0DdAb1A50eE204d,2026-01-21,SQL Guide,Books,1,2591.86,cancelled
1284,Dd2C41dFAdeDCEf,2025-06-18,Headphones,Electronics,1,2067.29,shipped
1285,eFB665C8fBF01eB,2025-12-05,Machine Learning,Books,4,1310.75,paid
1286,E33AcaeeA4B7B6B,2025-10-15,SQL Guide,Books,4,179.49,delivered
1287,1E49FA8B99aC843,2025-10-24,SQL Guide,Books,4,1705.06,cancelled
1288,C0A26b2Ae6ED076,2025-02-21,T-Shirt,Clothing,3,956.28,shipped
1289,4aaF2821Ffd295C,2025-11-13,T-Shirt,Clothing,5,1077.85,cancelled
1290,B2f80BD2f02450D,2026-01-08,Keyboard,Electronics,5,2599.32,paid
1291,fa6577FfdBBD1A5,2025-08-18,Monitor,Electronics,4,1292.34,shipped
1292,10FaCb5eAf804eD,2025-10-07,T-Shirt,Clothing,4,2367.86,delivered
1293,c35feAA04DF5D9d,2024-06-16,Machine Learning,Books,4,1718.73,shipped
1294,9cE3ecD1e4cB93E,2026-01-25,Laptop,Electronics,1,2235.82,cancelled
1295,BEc465ceDE7Fb38,2025-09-13,Monitor,Electronics,3,2310.41,cancelled
1296,FAcfaA63f39Df9C,2025-03-29,T-Shirt,Clothing,3,593.49,shipped
1297,dC957B5E483a3e1,2024-11-04,Keyboard,Electronics,1,1145.52,paid
1298,A63d99fd08f09DE,2024-07-12,Data Engineering,Books,2,2133.89,delivered
1299,de8CBccf082e316,2025-02-15,iPhone,Electronics,3,678.09,delivered
1300,EEddf5cabcF3C00,2026-05-01,Keyboard,Electronics,3,42.64,shipped
1301,2Ad0Db8F41Eb1fC,2024-08-01,iPhone,Electronics,3,2871.46,cancelled
1302,AA3c4Ebc0bCFD68,2025-06-29,Monitor,Electronics,5,153.73,delivered
1303,5B2E8c13be95AA0,2024-08-05,iPhone,Electronics,5,740.77,created
1304,3DAa5ABB37C03fC,2025-03-31,Machine Learning,Books,1,614.01,delivered
1305,9e660F079D269ca,2026-01-22,Headphones,Electronics,2,1073.03,cancelled
1306,8eBfD0DfCEaBCeF,2025-01-30,Data Engineering,Books,2,908.53,cancelled
1307,D3ecBf8DC6d6Cbb,2025-06-21,Machine Learning,Books,4,182.06,shipped
1308,0f8Aa7bbc40a159,2026-02-09,Jacket,Clothing,1,1405.52,shipped
1309,B0ec9b7eFbc8dAa,2025-08-07,Sneakers,Clothing,4,2044.34,cancelled
1310,A682E15e7C232Bf,2025-11-09,Jeans,Clothing,5,960.33,paid
1311,34776CbC1e2e8CF,2025-05-23,Machine Learning,Books,1,2875.2,cancelled
1312,1f8Df78D06DAc30,2025-06-09,iPhone,Electronics,5,846.36,delivered
1313,9DBE061db4a0fca,2025-11-09,Machine Learning,Books,3,2977.8,paid
1314,8Fcf1E8E0c2839F,2025-02-11,Keyboard,Electronics,2,1151.17,delivered
1315,e7a3dDcE2EB96f2,2025-05-30,Laptop,Electronics,3,1975.35,shipped
1316,Edd0eD6cd2c8EaE,2024-07-21,Jeans,Clothing,5,2806.96,paid
1317,D1De3fdCa5Be0ba,2026-04-21,Machine Learning,Books,4,830.01,delivered
1318,9B9DeE810BCBD7D,2025-07-22,Data Engineering,Books,4,2022.27,paid
1319,A3A7a0d0FeF0F2f,2026-04-07,Jacket,Clothing,3,706.7,delivered
1320,d78771E20CeC5d4,2024-09-05,Data Engineering,Books,3,1633.83,shipped
1321,4e2AdfdB319D4E2,2025-11-12,Headphones,Electronics,2,1805.77,created
1322,7f4f7fdad6a1aeF,2026-04-26,Jacket,Clothing,3,1885.35,shipped
1323,fEdbB1AeB6A1fb5,2025-08-17,SQL Guide,Books,4,1407.44,delivered
1324,C972FCfFEfcf2De,2026-05-06,SQL Guide,Books,2,1497.19,paid
1325,8a389daDA4FDa6B,2024-05-12,SQL Guide,Books,1,868.84,paid
1326,fEfdE3E31FC8c1D,2025-11-16,T-Shirt,Clothing,2,2498.82,created
1327,Db6fd285BC6CcDc,2025-11-12,Sneakers,Clothing,3,1645.72,paid
1328,56EcBaFc70CD9aa,2025-07-06,Monitor,Electronics,3,1505.28,delivered
1329,F3D5e57eDdfCd9A,2025-07-05,Machine Learning,Books,1,2786.47,created
1330,2bECd1f30FAfD21,2026-02-02,Jacket,Clothing,1,936.73,cancelled
1331,f8db47C55E610ea,2025-01-26,SQL Guide,Books,4,2171.37,paid
1332,4c7cB2Acdef6AFD,2024-07-20,Headphones,Electronics,3,195.77,cancelled
1333,aB93BaA88E5Ae45,2025-05-06,Headphones,Electronics,1,166.1,shipped
1334,ad16c57283AAF4E,2024-06-25,iPhone,Electronics,2,1499.22,delivered
1335,a8c949E7bBF7Fdd,2025-06-24,Jacket,Clothing,1,2398.98,cancelled
1336,E4f6263eaAB5ABf,2025-07-15,Laptop,Electronics,1,1383.38,delivered
1337,71EB7952cd5AA9E,2025-02-28,Sneakers,Clothing,5,270.05,paid
1338,cE9f3ADdE3A3Dfe,2024-06-25,Python Book,Books,3,2340.61,shipped
1339,3c0FB466baC5C43,2026-05-06,Sneakers,Clothing,2,1156.87,delivered
1340,b2E2aafcFaf7a2C,2025-02-12,T-Shirt,Clothing,5,1957.92,cancelled
1341,646Df0cafEe0844,2026-02-07,SQL Guide,Books,2,2493.98,delivered
1342,faeB93f5B5C2adF,2025-04-14,Jeans,Clothing,4,1405.95,cancelled
1343,931dE69e2Db4bA0,2025-01-14,Machine Learning,Books,4,1529.79,created
1344,B7aF8CB23Ce6958,2025-02-22,Sneakers,Clothing,5,765.83,created
1345,d98cACe9dF8BD7b,2025-04-21,Data Engineering,Books,4,125.01,shipped
1346,e832A213558D0Ab,2026-01-30,Jeans,Clothing,3,2507.25,shipped
1347,c9134DdE1A55Ef9,2025-01-01,Jeans,Clothing,1,964.33,created
1348,78ed44FAFFAc20a,2025-10-23,Keyboard,Electronics,1,1085.7,cancelled
1349,2895f70BEFcc9fd,2025-06-07,Monitor,Electronics,4,2035.75,shipped
1350,A1bEf5d607EaC56,2025-10-15,Laptop,Electronics,1,1425.1,paid
1351,aca9aCfDDEC2f13,2025-08-04,iPhone,Electronics,1,2845.35,shipped
1352,86b6DAfd7c8DCfd,2026-03-29,Monitor,Electronics,5,385.21,delivered
1353,EDc4f2d4D8DCf05,2024-08-17,Sneakers,Clothing,5,1261.64,paid
1354,4Df1df1bedCE11a,2024-12-22,Jacket,Clothing,4,2589.38,paid
1355,F4DC9fBA4DA8dAB,2025-01-12,T-Shirt,Clothing,4,2744.69,created
1356,8fEe9BD36a5ce25,2024-08-26,Headphones,Electronics,3,760.09,delivered
1357,aB25dD1dC3cfAA2,2025-11-27,Headphones,Electronics,5,1408.13,delivered
1358,5f33e5fbBEa3b3c,2025-01-20,Sneakers,Clothing,3,2314.62,paid
1359,FacDF37feA42CFA,2025-02-18,Laptop,Electronics,2,1543.43,shipped
1360,aa26162B9Ef3F0C,2025-05-09,SQL Guide,Books,4,1281.32,cancelled
1361,850Bfb5Ae5D6a55,2024-12-28,Jacket,Clothing,4,2696.98,created
1362,1E90E7FfEFD6B3D,2025-05-30,Keyboard,Electronics,1,1513.15,cancelled
1363,7bF5DFcCaAabD99,2025-01-15,Headphones,Electronics,4,2946.31,shipped
1364,A9b08E3bfCaBF16,2024-12-22,Headphones,Electronics,1,2030.37,paid
1365,c4FCE8bbdaaeE8d,2025-12-10,Machine Learning,Books,2,218.35,paid
1366,A3e8A5fb2469109,2024-10-25,Data Engineering,Books,1,2689.44,paid
1367,f6F3F3afDcaA596,2025-06-23,SQL Guide,Books,5,2970.27,delivered
1368,b7F32177aB964Ca,2025-05-09,Data Engineering,Books,1,2414.76,paid
1369,E1Cc3F3dDB0b035,2025-05-11,Data Engineering,Books,1,1835.86,created
1370,5c7B6053A56CedE,2024-06-11,Jeans,Clothing,4,1323.25,cancelled
1371,CfCB6D824eC9777,2025-01-10,Data Engineering,Books,3,1977.91,delivered
1372,5c94C283fc7BB8B,2025-07-29,Data Engineering,Books,1,1039.54,created
1373,BCC59D972E5Be6E,2025-11-29,Jacket,Clothing,5,1111.07,shipped
1374,488daFdCC277Edb,2026-04-06,Headphones,Electronics,3,145.85,shipped
1375,5FDa6C795d8AB43,2025-07-13,Jacket,Clothing,2,177.38,shipped
1376,92AEf1E54890BeB,2025-03-11,Python Book,Books,3,658.97,created
1377,Db7726F2bCEF1F5,2025-09-21,Laptop,Electronics,1,629.81,shipped
1378,1CDC413f1B5CaEF,2025-05-12,Monitor,Electronics,3,1957.65,delivered
1379,1c3F8aD0B1593Ff,2024-11-05,Python Book,Books,2,1996.6,shipped
1380,eCbAE78Ffe0fc9F,2025-04-17,Laptop,Electronics,1,1343.93,shipped
1381,BDf8b90F9CE32d4,2024-08-07,Jacket,Clothing,4,434.14,shipped
1382,23C7cae91b9FD8D,2024-06-27,Headphones,Electronics,1,1058.41,delivered
1383,D10be17E39c5Dc3,2025-07-27,Data Engineering,Books,4,1920.81,shipped
1384,E4Cb30f776dbdDe,2026-03-29,Sneakers,Clothing,5,1947.45,created
1385,ddEB972C12A1F69,2025-10-05,Keyboard,Electronics,2,422.06,cancelled
1386,fd044a0e790A0c2,2025-09-13,iPhone,Electronics,1,2948.47,cancelled
1387,B33CAEaDAFCD72C,2024-09-24,Laptop,Electronics,2,2823.77,paid
1388,A34c4C68DC9f2F1,2025-04-04,Jacket,Clothing,3,1642.11,created
1389,88C2bb7DBb86f3b,2026-01-18,Monitor,Electronics,4,1336.19,created
1390,dFd322a9A6F581b,2025-01-26,Headphones,Electronics,4,897.55,cancelled
1391,3cf9E9bCF127a3A,2025-04-29,Sneakers,Clothing,3,1810.01,paid
1392,dad4D026b01f688,2024-11-22,Python Book,Books,1,1967.68,created
1393,1feE8FeECeFAeCA,2024-06-08,Jeans,Clothing,5,1150.93,created
1394,4F1Ce3B45ac6EC6,2025-03-24,iPhone,Electronics,3,436.18,cancelled
1395,C82A064FFDa8e72,2024-07-03,Python Book,Books,4,2919.95,cancelled
1396,f54E7cdA69c84EF,2026-04-03,Python Book,Books,1,2682.68,shipped
1397,bd91BFBeE5cdcCd,2026-01-31,Monitor,Electronics,3,645.31,cancelled
1398,5f6f4aB85039FaC,2025-08-16,T-Shirt,Clothing,5,1769.36,delivered
1399,B20ccc9EeF856Eb,2024-05-10,T-Shirt,Clothing,2,2306.37,cancelled
1400,AdA6CCf0eeb9cED,2025-05-09,Jeans,Clothing,4,704.9,paid
1401,F9c2dec0962B10f,2026-04-05,Python Book,Books,4,2669.95,shipped
1402,0feCdC5BB6Dc4BB,2025-11-12,Sneakers,Clothing,1,2773.5,delivered
1403,6aeDf30cF2d687A,2025-11-16,Sneakers,Clothing,3,874.49,created
1404,C8AE8D4C090F0dA,2025-04-05,Laptop,Electronics,4,1911.7,created
1405,b857ECDbEf3B3cB,2024-05-25,Jacket,Clothing,4,697.84,shipped
1406,fFeF3dDef776Bf3,2026-02-08,Python Book,Books,1,1400.54,delivered
1407,BefA2703ABE08DD,2025-05-28,Monitor,Electronics,1,2376.59,cancelled
1408,6febfD4B1f4B912,2024-11-26,Keyboard,Electronics,1,2349.49,created
1409,FAAA7cFCBf0AfcC,2025-06-07,Sneakers,Clothing,3,1918.06,created
1410,4b2cEDcA29b93fB,2026-03-10,Sneakers,Clothing,4,534.32,paid
1411,eEfb5EDBe2d33Cf,2025-04-04,Monitor,Electronics,3,1616.51,paid
1412,Fb5b2F63f7f5F55,2026-03-11,SQL Guide,Books,3,250.66,cancelled
1413,7331843Ec046EC6,2025-08-07,Jacket,Clothing,1,2939.4,cancelled
1414,3822bd629692C0F,2026-04-13,Laptop,Electronics,4,2308.38,cancelled
1415,0a9E4b62A3b79eF,2024-06-24,Machine Learning,Books,5,1286.2,paid
1416,f1F48faa7FDE0ba,2025-02-27,Machine Learning,Books,5,1569.54,created
1417,4f33d2DCC533eF6,2025-09-16,Keyboard,Electronics,3,1392.38,shipped
1418,df2E93d2a2c3EDB,2025-09-14,iPhone,Electronics,1,101.79,cancelled
1419,c3cE261b182c3be,2025-05-24,Jeans,Clothing,5,1314.31,created
1420,3f8fa9Ff55ABE80,2024-05-24,T-Shirt,Clothing,2,2497.55,delivered
1421,A488394cEBA0911,2025-05-23,Jeans,Clothing,1,776.31,created
1422,BAca8ad5c2D9BDe,2025-09-21,T-Shirt,Clothing,3,1668.57,cancelled
1423,fe71759EdBBfAcC,2024-08-03,Jeans,Clothing,4,2522.81,shipped
1424,E97869f81e69fB1,2024-09-14,Data Engineering,Books,5,1327.77,paid
1425,6C0a1f69cA4Ebe3,2026-03-07,Jeans,Clothing,3,2821.17,delivered
1426,1a637eB39b783f3,2025-08-05,iPhone,Electronics,5,2776.83,shipped
1427,ab864D2EBeCfdE5,2025-07-06,T-Shirt,Clothing,3,1666.89,created
1428,Bb4e3e5BcFdc6Ee,2025-03-27,Machine Learning,Books,2,2037.96,delivered
1429,cFE9E55c0Da5F40,2026-03-26,Python Book,Books,4,2984.87,paid
1430,B4665f5adDFa09b,2025-10-24,iPhone,Electronics,4,2333.0,created
1431,b0Ae41e48B8eb39,2024-06-15,Headphones,Electronics,1,229.76,created
1432,C1a2e9E4Cae5d94,2025-03-30,Data Engineering,Books,5,542.9,delivered
1433,aAB20E0942b9B64,2025-02-28,Keyboard,Electronics,1,331.4,paid
1434,a5edF5B31eC7Cc3,2025-12-01,T-Shirt,Clothing,2,770.07,cancelled
1435,56B1219131c2Ec5,2025-06-12,Laptop,Electronics,4,1873.7,created
1436,0ED3380Ced37fAF,2025-11-11,Headphones,Electronics,3,143.65,delivered
1437,C7E28cbeBC2CD0E,2025-01-11,T-Shirt,Clothing,2,2991.34,cancelled
1438,5C8DFf9fFca3AF3,2025-10-14,T-Shirt,Clothing,2,2419.49,shipped
1439,d0cA5524fd3FB2B,2025-07-20,iPhone,Electronics,1,2821.58,created
1440,1dD09E04ec70AE1,2025-08-17,Jeans,Clothing,1,979.2,cancelled
1441,1cE0e1CBe4dFbce,2026-03-18,Headphones,Electronics,1,989.72,delivered
1442,2408eD5d06AEBfe,2026-01-17,Data Engineering,Books,5,2433.36,cancelled
1443,a11DC17e2b52cDF,2024-09-22,Jacket,Clothing,2,1338.56,cancelled
1444,BEf3Dcd443bfeD3,2026-04-15,Jacket,Clothing,2,498.15,cancelled
1445,1812aCBFfEedC3b,2026-03-25,Keyboard,Electronics,4,737.13,created
1446,0BBe32826d91b8f,2026-03-10,Data Engineering,Books,5,1362.5,shipped
1447,5E6fAECAe22a51f,2026-01-29,Python Book,Books,5,143.46,paid
1448,dAEFd0AB82ebB80,2025-03-01,iPhone,Electronics,3,473.2,delivered
1449,9d5BA1D0BdD3354,2026-01-19,Jeans,Clothing,3,580.67,created
1450,4f626FE4DC8aBFc,2024-09-10,Headphones,Electronics,5,1355.92,paid
1451,a35adEAcb19d0e1,2025-04-04,Laptop,Electronics,3,2652.02,created
1452,9733e07d0A8D6c8,2024-07-11,Headphones,Electronics,1,2610.03,cancelled
1453,D283eDCc1B6Afe3,2026-04-04,Jacket,Clothing,2,1948.94,created
1454,48bceeA0CdE781F,2025-04-30,SQL Guide,Books,1,2006.79,delivered
1455,F66AC3a042F534a,2024-09-16,Monitor,Electronics,5,739.98,shipped
1456,fe6D7A4e5B31d12,2024-08-11,Laptop,Electronics,4,1583.7,cancelled
1457,21A0af3bbddcaEE,2025-05-16,Laptop,Electronics,2,1549.3,paid
1458,fa46dea47A2BBDe,2024-11-01,T-Shirt,Clothing,3,1452.74,shipped
1459,fAc2bcbed25Bcfd,2024-05-12,Sneakers,Clothing,4,350.37,paid
1460,4aD98FDcdedb07F,2024-10-28,iPhone,Electronics,3,388.2,created
1461,EFECD16Ef2aaB7d,2025-07-13,Jacket,Clothing,2,2916.52,created
1462,39Bc0C32eC89e46,2025-01-12,Data Engineering,Books,5,1189.88,delivered
1463,a5cBaaE20cFF9CB,2026-03-05,Python Book,Books,4,10.48,created
1464,598C681Df1EB2fa,2025-04-07,T-Shirt,Clothing,3,2691.55,shipped
1465,863016dbDfac6A8,2025-11-26,Keyboard,Electronics,1,2537.73,shipped
1466,6eCDCd702d9eCdA,2026-02-20,Jacket,Clothing,2,1749.97,shipped
1467,1C8EbB5109a5FDf,2025-04-14,SQL Guide,Books,3,1796.03,created
1468,cfc34Bae26C292d,2025-04-06,Python Book,Books,2,44.33,paid
1469,2a3e5DFAE407e17,2025-02-14,Jacket,Clothing,1,1146.09,paid
1470,2B9DE49a20E7B0d,2025-06-12,Jacket,Clothing,1,553.23,shipped
1471,43B6e7f65adfBf8,2025-12-30,Data Engineering,Books,3,763.34,created
1472,fCBF0aCd7CaB2EC,2026-02-08,Data Engineering,Books,2,2956.14,created
1473,B7f260fBB8B1C74,2026-02-09,Sneakers,Clothing,1,1719.18,created
1474,DD7EC0fc0bfA4B2,2025-09-15,Headphones,Electronics,5,1704.42,cancelled
1475,A5C141fbD176166,2026-04-18,Jeans,Clothing,4,756.88,cancelled
1476,e1d6cb40393Baae,2025-01-09,SQL Guide,Books,3,888.17,created
1477,Ec47caB8eDCFD55,2024-05-30,SQL Guide,Books,4,1299.93,delivered
1478,fe8fC6F83bC56df,2025-03-14,Jacket,Clothing,5,803.43,delivered
1479,e8fE8AA8df7EafB,2025-12-07,SQL Guide,Books,4,1729.92,created
1480,4EBc21C0E7c1ab7,2025-10-16,T-Shirt,Clothing,2,1205.61,paid
1481,44f61B9d50A35d0,2024-12-22,Data Engineering,Books,4,2758.75,delivered
1482,dA26Ad8eac5c272,2024-09-13,Laptop,Electronics,3,1273.04,created
1483,F907cE4943b1AB9,2025-10-01,Python Book,Books,4,1667.4,paid
1484,5C1C3CFD0Bc27D2,2025-09-08,iPhone,Electronics,4,2296.97,paid
1485,fba8bBBfA2B912E,2024-12-15,Jeans,Clothing,1,1188.66,paid
1486,d0b23a3D7A28cCC,2025-07-08,SQL Guide,Books,4,1460.81,created
1487,1ADDbaFE0121ACa,2025-05-23,Headphones,Electronics,1,1223.41,shipped
1488,ABade2A6de74D2d,2024-10-28,SQL Guide,Books,4,313.38,cancelled
1489,4df5Caf53AEA68e,2025-11-11,Data Engineering,Books,3,819.64,paid
1490,9fdc0cC4dcA0732,2025-11-28,Headphones,Electronics,1,1194.48,created
1491,82Da3B5c10CdCc3,2025-05-30,Jeans,Clothing,1,930.13,delivered
1492,76141b27D095F0F,2026-05-08,Monitor,Electronics,4,716.52,paid
1493,8faAfDCA54743ec,2025-09-14,Monitor,Electronics,5,828.08,shipped
1494,0bd4bac882a5C5E,2025-01-22,Data Engineering,Books,2,1305.68,delivered
1495,DDA1559fEB39a18,2024-05-17,iPhone,Electronics,2,2314.21,created
1496,Be14B772De97f8C,2026-02-08,Jacket,Clothing,5,139.79,paid
1497,6E4a16E6bc9bF45,2024-06-15,Jeans,Clothing,4,1357.9,paid
1498,c4D2BB6FeFECE39,2025-12-29,Jacket,Clothing,5,2805.08,paid
1499,921Da8F42385cA6,2025-08-05,Jeans,Clothing,2,1852.04,cancelled
1500,adBFEf8cFC4eAD7,2025-11-18,Machine Learning,Books,5,2346.25,paid
1501,5f39E6f102d88bb,2025-04-08,Data Engineering,Books,1,970.2,delivered
1502,42217aCa02EDeB3,2025-03-17,T-Shirt,Clothing,2,2214.21,cancelled
1503,1C2AFe1F51F5Ce6,2025-01-09,Data Engineering,Books,1,1473.92,delivered
1504,25CcE1cCbdEf0CA,2024-11-13,Monitor,Electronics,1,2880.08,delivered
1505,dFA5F526E66A1d9,2026-02-09,T-Shirt,Clothing,1,1329.89,created
1506,a91c08fc504DeAc,2025-05-17,SQL Guide,Books,1,401.06,shipped
1507,f28F2F65dD0d52E,2024-10-21,Headphones,Electronics,5,240.57,delivered
1508,94340B2cbfA13ac,2025-05-25,Jacket,Clothing,3,1459.79,created
1509,B49D4a8abfDae9C,2026-02-13,Jeans,Clothing,2,1145.47,delivered
1510,210397f9AE35CE1,2024-11-15,Keyboard,Electronics,5,45.58,paid
1511,3Ae6BBd8f6aABBD,2024-05-25,Machine Learning,Books,4,26.99,cancelled
1512,bDFEE26ADd0cAC9,2025-02-02,Data Engineering,Books,3,2199.39,delivered
1513,BDdBaFfeb2b025B,2024-05-10,SQL Guide,Books,5,1493.69,delivered
1514,02D3081D416ca44,2025-10-03,Headphones,Electronics,1,233.06,paid
1515,81A5B238c2E2F5e,2026-02-25,Sneakers,Clothing,2,1294.48,delivered
1516,82FEfe5251FA2Fe,2024-05-23,Keyboard,Electronics,3,19.93,cancelled
1517,E6A45AcfDdd1c5d,2025-05-05,SQL Guide,Books,3,450.56,cancelled
1518,fc0b13cFEbdbb5f,2025-12-25,Monitor,Electronics,3,758.29,shipped
1519,e2eaF53f4F0F83e,2025-06-17,Data Engineering,Books,4,1243.4,cancelled
1520,5fE22Af825E05cf,2024-07-17,Laptop,Electronics,4,880.1,shipped
1521,82B7cB23ECdaCf5,2025-12-17,Keyboard,Electronics,2,1100.73,paid
1522,E8ea9BEA2C522E6,2026-04-02,Laptop,Electronics,4,1040.2,cancelled
1523,44fe3dA99085fFf,2024-08-08,Jeans,Clothing,2,1607.56,paid
1524,6367aaDaca72CBC,2026-03-09,Jeans,Clothing,2,2023.81,delivered
1525,dCD620b0Ed092fe,2024-11-13,Machine Learning,Books,1,2034.59,created
1526,B220DFb59556246,2026-04-03,Keyboard,Electronics,1,2496.22,created
1527,3E312dFC0c3d1B8,2024-07-24,T-Shirt,Clothing,5,547.34,delivered
1528,EA140F3AcdC3Fab,2026-03-02,iPhone,Electronics,4,1355.68,shipped
1529,7f5b9B9E12EBa57,2026-04-18,Data Engineering,Books,5,1275.72,shipped
1530,4e2Dbb9BCcD13CA,2025-10-06,Machine Learning,Books,1,511.03,shipped
1531,7Fe9dA9e0F0eFEF,2026-04-18,Python Book,Books,5,787.58,delivered
1532,92ef495B9aea7c8,2025-02-01,Monitor,Electronics,5,1120.23,paid
1533,FC8fCaBEeCD7e3b,2025-08-20,Machine Learning,Books,5,2681.64,delivered
1534,ADa59AF6Eaf5a8c,2025-05-23,Jacket,Clothing,5,2166.9,delivered
1535,88D80A4bc8AFB8c,2025-01-20,Jeans,Clothing,1,1086.25,cancelled
1536,12F5d5893CFd5b9,2024-05-18,Jacket,Clothing,1,1953.24,shipped
1537,DD8FCCC83f99dFD,2025-08-17,Python Book,Books,5,442.11,delivered
1538,AFfA6c9DbEAAfcF,2025-03-29,Machine Learning,Books,3,1354.86,cancelled
1539,CbAF4eA711137d5,2024-11-25,SQL Guide,Books,4,1702.97,delivered
1540,fFdccd5df2E3B50,2025-01-07,Machine Learning,Books,1,2858.02,paid
1541,F2F9a6bA55a88f2,2024-07-08,Jeans,Clothing,3,2995.45,paid
1542,9a1AF1fEDB6fDbC,2025-08-27,Machine Learning,Books,1,2534.82,delivered
1543,d9BEB4b043F631E,2025-05-28,SQL Guide,Books,1,2607.89,paid
1544,E991f1F02bAf0CD,2025-09-28,T-Shirt,Clothing,2,1904.54,cancelled
1545,AeAc13cC0EB69ED,2025-06-18,Machine Learning,Books,1,1131.31,shipped
1546,df5525BE2C35e02,2026-04-28,Jeans,Clothing,5,1407.91,created
1547,fB7CC3E44526028,2024-06-15,Laptop,Electronics,3,103.44,created
1548,A109e25E07Daa78,2026-02-01,Sneakers,Clothing,1,1238.05,paid
1549,BEde5A5eD618E19,2024-07-21,SQL Guide,Books,5,736.28,created
1550,AA18eD6f74b7F1E,2025-06-01,Jacket,Clothing,5,794.98,cancelled
1551,F878d6f7ee77fc8,2024-09-15,Data Engineering,Books,4,1823.67,shipped
1552,90B8DAD1F92cDCe,2025-11-07,Monitor,Electronics,5,898.81,created
1553,cFeEAfCf2FedB48,2024-08-22,Jacket,Clothing,5,1435.44,cancelled
1554,7EeEA2b1AcFc4Cf,2026-04-14,Data Engineering,Books,5,2159.56,created
1555,485fEb44ceCC5ef,2026-01-24,SQL Guide,Books,4,670.16,paid
1556,FfC6F7bcC67562f,2024-11-17,SQL Guide,Books,4,424.56,created
1557,fFfdc1F3aDBFA8C,2025-08-31,Jacket,Clothing,3,2706.87,delivered
1558,7a48Ec03a51ee6C,2024-07-28,Python Book,Books,1,2815.17,paid
1559,7c44fbEd56EDE80,2024-12-06,Machine Learning,Books,5,1907.95,cancelled
1560,88E58de0169B20a,2026-02-08,Jeans,Clothing,3,676.26,cancelled
1561,0e67f9bD5D2566c,2025-07-12,Sneakers,Clothing,4,2993.24,created
1562,163A556eAfb8Ea6,2025-06-05,Headphones,Electronics,3,180.06,shipped
1563,6FEd386c3EeBAD1,2025-07-22,T-Shirt,Clothing,2,2512.16,shipped
1564,12CEC9cFFee4bc8,2025-10-16,Laptop,Electronics,4,1725.61,paid
1565,BEd97a0CB6d9E25,2026-01-17,Sneakers,Clothing,5,1768.06,cancelled
1566,cB6FDEC8aBf6361,2025-06-26,Machine Learning,Books,2,1914.93,paid
1567,491E1ad49d9f47A,2026-03-13,Keyboard,Electronics,5,2319.32,shipped
1568,0bCD5C83dac4efB,2025-09-13,Jacket,Clothing,1,1099.94,delivered
1569,f6DcD56AEB0ad01,2024-10-07,Machine Learning,Books,2,1589.8,cancelled
1570,CF1F9ac0Da1Dfd6,2024-10-23,iPhone,Electronics,4,409.43,cancelled
1571,AD013e2FCfB2d5C,2024-07-20,Jacket,Clothing,4,54.86,paid
1572,E3D7e9b3c52a6ab,2024-05-28,Python Book,Books,1,2180.51,delivered
1573,bDeeaFCa5c50BD4,2024-07-10,Monitor,Electronics,1,933.77,cancelled
1574,E2C5a0F93ca0233,2026-01-10,iPhone,Electronics,2,2744.29,created
1575,4E14E9fed1CeeDF,2026-02-26,Monitor,Electronics,1,2017.89,delivered
1576,e4d0bBcd8fEAd4d,2026-03-21,iPhone,Electronics,4,27.6,delivered
1577,DdBA81bdfFBEEc9,2024-09-23,iPhone,Electronics,2,1703.67,created
1578,9d2B98a8970DeBe,2024-06-23,T-Shirt,Clothing,4,210.95,paid
1579,24BeBAaF2efd1ad,2026-03-18,Jacket,Clothing,3,1977.39,shipped
1580,50B1Ab29DecA196,2025-03-18,Jeans,Clothing,4,2701.79,paid
1581,ebA67A2680fABce,2025-05-01,Monitor,Electronics,3,2508.55,shipped
1582,aa7b8bd1cf5bBFa,2025-10-01,Jeans,Clothing,5,815.17,cancelled
1583,dFaBeCFe17dBCCB,2024-06-25,Laptop,Electronics,5,2794.76,paid
1584,18b04642BeAb965,2024-10-17,iPhone,Electronics,2,2638.43,delivered
1585,74D8EFfDBFE92bA,2025-06-10,Keyboard,Electronics,4,432.29,delivered
1586,A6307Bf0eF8e371,2025-11-25,Python Book,Books,2,395.92,created
1587,CD72cFF5A7cCD0a,2024-11-30,Monitor,Electronics,1,1682.34,cancelled
1588,916DD1FCA4D3BEf,2026-01-01,iPhone,Electronics,2,1134.31,cancelled
1589,2Ef7AbEeF635869,2025-10-19,iPhone,Electronics,3,959.82,delivered
1590,9E2c1D56aAe9ac6,2024-10-07,Sneakers,Clothing,1,2024.91,paid
1591,4fe5F473e0C806C,2025-04-17,Keyboard,Electronics,5,1890.24,cancelled
1592,cC9A2AaE2cdb5A2,2025-04-28,Jeans,Clothing,5,1795.32,shipped
1593,a38Aba8AeeFe674,2024-07-28,Data Engineering,Books,4,436.47,cancelled
1594,669dBbeBE0789dE,2025-03-29,Laptop,Electronics,1,1257.32,created
1595,d7db66C036fBf70,2024-09-13,iPhone,Electronics,3,853.62,created
1596,2892EB3bE4eBe57,2026-03-09,Jeans,Clothing,3,642.79,delivered
1597,f34F74Fd3EfD4F4,2024-11-14,Laptop,Electronics,5,1492.67,paid
1598,9dE13FbbA452F44,2025-10-31,T-Shirt,Clothing,2,387.67,paid
1599,37FAbb649dDD467,2025-02-22,Laptop,Electronics,1,2648.86,shipped
1600,4F2f1754880a0c7,2026-01-21,Data Engineering,Books,4,634.29,cancelled
1601,8f7d9af13BbEcB7,2024-10-04,Headphones,Electronics,2,2458.93,paid
1602,C830C85948C377c,2024-11-08,Data Engineering,Books,2,1296.83,created
1603,060edBDB9b9fE48,2024-06-25,Machine Learning,Books,1,1000.85,cancelled
1604,BD5AFDE5e1f6dFB,2026-03-24,T-Shirt,Clothing,4,1294.64,created
1605,C8e53EDa5B6FCb6,2025-03-16,Monitor,Electronics,3,2656.05,delivered
1606,aE94739466Dd89E,2024-05-28,Python Book,Books,5,78.29,created
1607,Fbe81E905295ab1,2025-09-19,Headphones,Electronics,4,2680.1,paid
1608,fE402B5D531FafB,2025-09-14,SQL Guide,Books,2,2923.52,cancelled
1609,F8Fe09CfE4E7a72,2026-01-26,Machine Learning,Books,3,2463.13,delivered
1610,4CFFc6F37C7ad1f,2025-12-09,Monitor,Electronics,4,1613.97,cancelled
1611,B5BdD766EAf66FF,2026-05-03,Sneakers,Clothing,5,1329.87,delivered
1612,cBdb54fBfd0185f,2025-10-31,Jeans,Clothing,2,457.21,cancelled
1613,BCD4bFbeAc561E5,2025-04-23,Data Engineering,Books,3,1783.01,cancelled
1614,EF91b29C96f353B,2024-08-31,Keyboard,Electronics,2,110.94,shipped
1615,FD17dC4Aee5478b,2024-05-09,T-Shirt,Clothing,5,1185.6,cancelled
1616,41abCcd1ce82EBc,2026-02-19,Python Book,Books,4,1187.09,paid
1617,dC28e57c64E6Ba2,2024-07-18,SQL Guide,Books,4,2686.73,delivered
1618,018f9420ac431AC,2026-01-31,Jeans,Clothing,4,1415.05,cancelled
1619,EdacD7CdAD399EF,2025-10-17,Headphones,Electronics,3,365.19,created
1620,CAB3Bf21dF0AdE3,2025-01-16,Data Engineering,Books,3,1585.75,cancelled
1621,ddA8d925899f04f,2025-01-10,Monitor,Electronics,2,2774.99,shipped
1622,8A4db45FBA58b3A,2025-03-14,Sneakers,Clothing,5,1080.29,shipped
1623,f4c3C9bcBb8bF7b,2024-12-06,Monitor,Electronics,1,881.66,paid
1624,bf14b4197fF854D,2025-11-21,Jacket,Clothing,4,2456.47,delivered
1625,b269FD21aFDBeca,2025-08-02,Jeans,Clothing,5,2647.76,cancelled
1626,8C412edBF506ffe,2024-12-30,Monitor,Electronics,4,2034.72,created
1627,8B59195bB78Da7B,2026-04-20,Sneakers,Clothing,5,1256.86,delivered
1628,E85d7fD5Ae2FDDf,2025-07-23,iPhone,Electronics,5,24.76,paid
1629,C521c1dDADbDEF6,2025-01-05,Jacket,Clothing,5,2581.22,created
1630,7CACDb47970c68f,2024-09-18,Machine Learning,Books,1,2245.14,created
1631,EAcAc85E4a5deFb,2025-05-03,Keyboard,Electronics,5,2089.86,created
1632,f298FaB9D389F66,2026-02-08,Headphones,Electronics,1,25.86,delivered
1633,5dE6Ee02dabAA7C,2025-03-23,Python Book,Books,3,1043.87,delivered
1634,7A3A3ecaD9fAfA0,2024-11-26,Machine Learning,Books,3,967.32,shipped
1635,a24E8bCAd46Dce2,2024-09-21,Machine Learning,Books,3,1768.04,shipped
1636,62686c00f2B98A8,2026-04-30,SQL Guide,Books,4,1734.4,delivered
1637,eB0cC11ed11AEFf,2025-01-06,Laptop,Electronics,2,2399.53,shipped
1638,F56ECbC5cb8d628,2024-08-17,iPhone,Electronics,1,1617.06,paid
1639,d3dF1dB1cd992D5,2024-06-20,T-Shirt,Clothing,1,174.95,shipped
1640,f0Cf0fbb5564c78,2025-10-10,Headphones,Electronics,3,904.3,cancelled
1641,ba04BcEdF00aEA4,2025-05-24,Python Book,Books,1,458.71,cancelled
1642,e8455bd2F00A0E9,2025-02-10,Machine Learning,Books,1,179.17,created
1643,DE753CB9Ea7a67e,2024-05-31,Data Engineering,Books,5,1939.28,delivered
1644,d9D5fEfac69A128,2025-02-27,Jacket,Clothing,4,2327.78,cancelled
1645,06ff3dBb7ba7Dff,2025-12-20,Sneakers,Clothing,1,566.48,created
1646,3EfEFfeDdEd6A6C,2025-12-24,Jacket,Clothing,1,2803.94,cancelled
1647,2809CB9Bb83aCac,2025-12-08,Data Engineering,Books,5,1056.89,shipped
1648,a199BafC0D9d67f,2025-04-07,Keyboard,Electronics,3,2705.72,created
1649,3faAF2F1bD3Be8C,2024-12-07,T-Shirt,Clothing,1,956.87,paid
1650,13cD22D3Aaa11C6,2024-06-22,Jeans,Clothing,1,504.4,paid
1651,7Ab978b7D1C50b0,2025-06-24,Jeans,Clothing,1,1925.21,paid
1652,63f32EA2Bf970e4,2024-08-20,Monitor,Electronics,2,1612.45,cancelled
1653,e65D9ebbfC26c4a,2026-03-30,Machine Learning,Books,4,1756.85,delivered
1654,49a3b6fBfBE5FC6,2025-06-25,iPhone,Electronics,5,1157.92,created
1655,8acc41Db95FAf31,2024-07-19,Jeans,Clothing,1,1403.94,cancelled
1656,Beb0BeD54049852,2026-03-07,SQL Guide,Books,5,2438.4,cancelled
1657,5ec43A768fd2Da8,2025-11-14,SQL Guide,Books,5,2771.85,created
1658,1e7AAdfFcD7A1a8,2025-09-04,Keyboard,Electronics,3,1731.47,delivered
1659,9cD682cBEad3dE5,2024-06-27,Sneakers,Clothing,1,1250.0,cancelled
1660,cf41892d64A3da2,2025-12-30,Data Engineering,Books,5,1725.9,shipped
1661,a8bA7aefbFc65e7,2025-04-07,Headphones,Electronics,4,2064.14,created
1662,87EeDc31cC943fB,2026-05-05,Jeans,Clothing,3,2292.99,paid
1663,4C2455E43F0BfC4,2024-08-25,Monitor,Electronics,1,1491.31,paid
1664,4C90A1F9ab26DBc,2024-11-29,Keyboard,Electronics,1,567.29,shipped
1665,dEdb4DCCfe3c454,2025-12-14,Jeans,Clothing,1,2514.89,cancelled
1666,F34B4E4e9233efF,2024-09-17,Monitor,Electronics,3,1013.83,shipped
1667,Ddb24BC0b30Bd9F,2025-04-11,SQL Guide,Books,5,171.1,paid
1668,9e5afF1cADA8aF6,2024-12-01,Monitor,Electronics,2,1149.82,shipped
1669,f6DA2c1a9C01182,2024-08-16,Data Engineering,Books,5,1533.42,created
1670,0e38A13204f8dCE,2024-08-18,Jacket,Clothing,2,1030.62,created
1671,aACaF3f0Cb1DC4b,2025-07-28,Sneakers,Clothing,1,2263.48,created
1672,a5dbDcD81BcAe6f,2024-10-15,T-Shirt,Clothing,1,1506.45,cancelled
1673,E5cAf159b5Ebb4c,2025-12-30,Data Engineering,Books,4,2722.46,paid
1674,10fcCA0cE5F99BB,2026-04-11,Data Engineering,Books,5,1244.27,delivered
1675,b9E986DB7aF7dd6,2025-01-12,T-Shirt,Clothing,4,1361.68,cancelled
1676,B832a9effbF7C35,2024-12-02,Sneakers,Clothing,1,2007.85,created
1677,BeEC415b8fF0d91,2025-08-02,SQL Guide,Books,3,2726.93,shipped
1678,77DBF9668582f66,2024-07-09,Data Engineering,Books,3,2534.22,cancelled
1679,8DDff2Dd9Cc5171,2024-08-20,Machine Learning,Books,1,2052.36,created
1680,7A2c0E84adad6Ca,2025-12-09,Laptop,Electronics,3,2980.62,cancelled
1681,7515C3eb7cCcCe6,2026-01-27,Data Engineering,Books,2,787.86,cancelled
1682,Ff1a4289A00C5D4,2026-02-11,iPhone,Electronics,3,880.45,shipped
1683,e8BE36CE539eafE,2026-02-12,Sneakers,Clothing,3,2366.26,delivered
1684,c94Fc6458DaACfE,2025-08-25,Keyboard,Electronics,4,2557.27,shipped
1685,32F4d2cDDC80b02,2026-02-11,Sneakers,Clothing,3,2159.43,cancelled
1686,1419eB2DdaA103E,2025-10-04,Monitor,Electronics,2,760.09,cancelled
1687,fECCD67edefCdc2,2025-03-24,Laptop,Electronics,1,1385.83,cancelled
1688,23F9a0aEf4FD4bf,2026-01-24,T-Shirt,Clothing,3,652.51,created
1689,faddd8FB2FFD8Cd,2024-05-15,Keyboard,Electronics,3,1926.43,paid
1690,8538ACBb2fcecF7,2024-09-24,SQL Guide,Books,2,1379.48,created
1691,234Fdc0ceec4dB7,2024-05-29,SQL Guide,Books,1,221.64,shipped
1692,b1CCE83fFeF133C,2026-02-16,SQL Guide,Books,2,609.12,delivered
1693,Abe6d7BeaF7fC0A,2024-08-28,Jeans,Clothing,3,2506.47,shipped
1694,Bf32bE16b5F51fA,2024-07-28,Python Book,Books,5,252.98,paid
1695,b5FCf7c3cC404f5,2026-02-14,Machine Learning,Books,1,2373.6,paid
1696,FabB61F4Ab8466a,2024-12-05,Data Engineering,Books,2,670.06,delivered
1697,4Aefe0B6683D04C,2025-03-18,Monitor,Electronics,5,2513.34,shipped
1698,45CD63Cb3ccfDAE,2024-11-19,iPhone,Electronics,2,1157.02,cancelled
1699,FEfa5Fc36F16c02,2025-07-11,Laptop,Electronics,2,54.65,delivered
1700,eF7c77eB2653eFD,2025-03-22,Sneakers,Clothing,2,660.02,created
1701,e4E1C529D2CDccE,2025-02-16,SQL Guide,Books,2,2738.75,cancelled
1702,eaB2ADF9AC4B23E,2024-09-20,Python Book,Books,2,2687.42,shipped
1703,248ba18aDAEFba6,2025-09-05,T-Shirt,Clothing,5,49.14,paid
1704,BbA565BD3Ac0dfD,2025-03-21,Laptop,Electronics,2,1584.26,created
1705,895f6d0ddbBCa9d,2025-02-01,Data Engineering,Books,4,1470.62,shipped
1706,74DDCabc91f6019,2026-03-13,Machine Learning,Books,5,334.4,delivered
1707,fC9322DE4aedC35,2025-02-15,Jacket,Clothing,2,24.08,paid
1708,0b6AdAa3BcB43d0,2025-08-28,iPhone,Electronics,5,89.53,created
1709,Cf8D52aEa4B1cdF,2025-07-02,iPhone,Electronics,3,603.02,created
1710,84b8faF7bFEBFC5,2024-05-25,Jeans,Clothing,2,1538.03,shipped
1711,CB95D5E21FEDa3a,2024-12-26,T-Shirt,Clothing,2,213.43,delivered
1712,fACD43E4aFcfAAC,2025-03-27,Monitor,Electronics,1,2163.73,delivered
1713,D9edd2F4a3A37Bf,2026-03-02,Python Book,Books,3,249.48,delivered
1714,C2d9a874B2AeAB5,2025-04-19,T-Shirt,Clothing,4,2365.67,created
1715,f050a8A3Ecb4cee,2025-12-21,Data Engineering,Books,3,614.44,delivered
1716,0089ad6f1Abd1f5,2025-04-05,Jacket,Clothing,1,2521.69,created
1717,3CF5C0f93cf96AE,2025-11-24,Python Book,Books,2,117.88,cancelled
1718,6984EB93fAC35D6,2025-06-16,SQL Guide,Books,5,101.95,delivered
1719,dBDAC37F19bA2D5,2024-06-20,iPhone,Electronics,5,2097.58,delivered
1720,deaa26C3cDc3B2c,2024-05-26,SQL Guide,Books,3,1531.07,cancelled
1721,606eCC07ad5Eec8,2025-01-19,Sneakers,Clothing,1,1295.06,paid
1722,eF7Ec3b241E164F,2024-12-30,Jeans,Clothing,5,2614.57,paid
1723,c37dE87f2eC559c,2025-09-03,Jacket,Clothing,4,274.87,cancelled
1724,BAD523fdfd2fdDC,2026-03-28,iPhone,Electronics,2,2084.21,created
1725,a09FdFd4E3FD2B1,2025-05-19,Monitor,Electronics,4,1323.13,paid
1726,Ed2b5db07fD1BCD,2024-05-15,Data Engineering,Books,3,1312.2,paid
1727,B40490242Dc1e46,2026-03-25,Jacket,Clothing,2,110.59,created
1728,C1BB00A8b627dA4,2024-10-11,Laptop,Electronics,2,1583.06,created
1729,ebFC77FB9cBf90f,2025-10-15,Laptop,Electronics,3,658.88,shipped
1730,d9dC98C2D0B51cB,2026-04-01,Headphones,Electronics,5,261.67,paid
1731,6acF9A3fFEDdDb3,2025-12-01,Jeans,Clothing,3,1453.36,cancelled
1732,e7B7eC3BbFfde40,2026-05-08,Monitor,Electronics,1,1032.19,paid
1733,fEDED18cDDAe4C0,2025-02-21,Laptop,Electronics,1,2687.47,cancelled
1734,fE9291ecFeBFaCC,2026-02-13,SQL Guide,Books,4,597.63,created
1735,0BCdA7E76AEdbCe,2024-05-17,Data Engineering,Books,3,1432.46,created
1736,4E0B7DE6C7A5BF4,2025-01-14,Laptop,Electronics,4,2790.06,paid
1737,A33c99DA8EAFD90,2024-09-08,Sneakers,Clothing,1,2816.25,shipped
1738,2f363bD75D89e0C,2025-12-22,Machine Learning,Books,1,1756.91,created
1739,bfFf370bFa1fcBd,2025-07-28,SQL Guide,Books,5,2652.98,cancelled
1740,bDFA58ccb8c25Ba,2024-09-05,Sneakers,Clothing,5,248.63,delivered
1741,a4Ad57B9bc07f61,2026-03-14,T-Shirt,Clothing,4,1600.72,paid
1742,d8Fcba5d0DCbC79,2024-09-09,Laptop,Electronics,2,2768.42,delivered
1743,2DBc5e2C6b79DaD,2025-07-30,iPhone,Electronics,1,2124.03,cancelled
1744,dD79b3308AECA99,2026-04-11,iPhone,Electronics,5,1433.11,created
1745,d13Ca3EC5a00ef9,2026-03-20,Headphones,Electronics,1,22.15,shipped
1746,D7bD4b4Dc11fC3E,2024-11-28,Python Book,Books,5,231.17,cancelled
1747,eDdFc6DB8FE9eaE,2025-09-16,SQL Guide,Books,2,356.26,shipped
1748,D4FC4DECB1c23BA,2024-06-26,SQL Guide,Books,4,40.32,shipped
1749,E925d0b4A6BABCE,2026-01-01,Keyboard,Electronics,2,2229.96,shipped
1750,266ff9ad0Bcbc8A,2026-02-02,Python Book,Books,1,1107.52,cancelled
1751,E92F7dd59495eEe,2025-07-22,Data Engineering,Books,5,125.23,paid
1752,bA2bCcdBBDFb06F,2025-12-25,Jacket,Clothing,3,1315.72,delivered
1753,70e19c8c6a2Bc13,2026-04-28,Sneakers,Clothing,4,297.31,created
1754,Bc59dF90DaDa3Ed,2024-09-18,Python Book,Books,5,1155.0,created
1755,a42Aeb385035fd9,2025-07-03,Machine Learning,Books,3,128.89,shipped
1756,bDF3CEeF5Fdfd18,2025-10-08,Headphones,Electronics,2,2559.3,created
1757,d8c1b188Eba4386,2025-03-02,Laptop,Electronics,3,2493.81,delivered
1758,37594C82cf387Ad,2025-07-24,Laptop,Electronics,2,1249.04,shipped
1759,ceB2DAf5D0A2f7A,2024-10-21,Headphones,Electronics,3,2668.89,delivered
1760,623F3ab18710F78,2024-12-29,iPhone,Electronics,2,2312.03,paid
1761,c5D61ACdDB6405F,2025-09-27,SQL Guide,Books,5,1537.52,shipped
1762,12F0Ec5176b1E03,2025-09-20,Machine Learning,Books,1,829.31,shipped
1763,BDB9d5Bf91c1514,2025-06-07,T-Shirt,Clothing,2,2229.17,paid
1764,49BaE45Fc0c3D5b,2024-10-18,Laptop,Electronics,5,197.76,cancelled
1765,3f8CD32C76B4BD2,2025-04-16,iPhone,Electronics,2,2775.45,cancelled
1766,d42BbbE07E84A40,2024-12-29,Laptop,Electronics,4,1627.14,shipped
1767,069C0159f18CFBf,2025-11-07,SQL Guide,Books,5,2948.05,shipped
1768,b7faD1458765Dd4,2025-06-09,Python Book,Books,5,583.93,paid
1769,a7BaCf5eEb90DA7,2024-09-21,Jeans,Clothing,5,570.44,cancelled
1770,eB4F4b3eDba26D5,2025-12-11,Machine Learning,Books,5,2978.29,delivered
1771,25De7f94Dd4Caf6,2025-08-19,Jacket,Clothing,3,1977.2,paid
1772,13a9Fb0F267fAfC,2025-01-24,Jeans,Clothing,1,159.23,cancelled
1773,B7514F1e155A0Be,2024-10-16,Jacket,Clothing,1,2815.44,cancelled
1774,ACeAbbbda247C80,2025-12-29,Sneakers,Clothing,3,2612.52,created
1775,7cE3D0754Caa8ef,2025-03-26,SQL Guide,Books,2,2023.1,cancelled
1776,977eb87DFc1d754,2025-01-04,Python Book,Books,3,1323.5,delivered
1777,06c420B1734e2Ad,2024-08-18,iPhone,Electronics,5,383.79,cancelled
1778,Ca104Dfe2AA5392,2025-03-26,Jeans,Clothing,1,662.11,paid
1779,A6DedeccBf08FAe,2026-01-07,Keyboard,Electronics,3,1579.69,shipped
1780,cCfDF0BE7Fc6F69,2025-03-23,Jeans,Clothing,2,948.31,created
1781,E9ad97CaceD98CA,2024-09-06,Laptop,Electronics,3,2632.97,delivered
1782,a1A9B70bDDb83C1,2026-03-11,SQL Guide,Books,2,588.36,created
1783,Fceadf11CFdcEbC,2025-05-21,Python Book,Books,1,939.51,paid
1784,7EaEabF2661a5Bc,2025-10-10,Headphones,Electronics,3,2069.1,delivered
1785,EEEb6D9dEFf29a8,2024-08-18,T-Shirt,Clothing,3,2942.4,created
1786,2b28b489Cacd6fa,2024-12-19,Jeans,Clothing,2,2574.37,delivered
1787,BC1DE6AebCeBF6B,2024-09-01,SQL Guide,Books,2,2974.12,cancelled
1788,D7DD0cfFebBDde5,2026-04-24,Headphones,Electronics,4,481.23,created
1789,3C8f58FfFDf9d2e,2026-01-15,Keyboard,Electronics,1,1000.81,cancelled
1790,f14d3cc15cdAC56,2024-10-20,Jacket,Clothing,2,2740.14,created
1791,fE6e340149F083B,2024-11-25,iPhone,Electronics,1,813.75,paid
1792,FD0Cad8BabA3e2E,2024-09-08,Sneakers,Clothing,4,15.11,delivered
1793,A34496Ebd01B9Cf,2024-07-06,iPhone,Electronics,4,2220.25,paid
1794,dfBC4cBe670B162,2025-09-15,Laptop,Electronics,5,2312.43,paid
1795,c9750b72eB0FD34,2026-01-08,Sneakers,Clothing,5,1646.8,paid
1796,1bf7e4FD86bd752,2025-01-11,Laptop,Electronics,2,293.3,paid
1797,0Ad4E61502e3BF8,2024-07-29,Jeans,Clothing,4,439.3,delivered
1798,5CccB386d3E3d49,2024-11-05,Machine Learning,Books,4,998.76,created
1799,F9aA7ac0cff000f,2024-10-20,Python Book,Books,4,2945.7,delivered
1800,37C3D38Cb298dFb,2026-03-26,Keyboard,Electronics,1,2869.55,created
1801,8cC87Efb8960f0D,2024-11-07,Python Book,Books,1,340.69,cancelled
1802,c5B1Bb0fd792AC9,2024-12-11,Sneakers,Clothing,4,1974.26,created
1803,e851Dbb47B1cbCf,2024-05-29,Data Engineering,Books,2,1318.73,created
1804,0AAce13E8eFB05E,2025-10-17,SQL Guide,Books,2,1725.47,cancelled
1805,fEB1706A234BB1E,2024-06-17,Keyboard,Electronics,3,702.15,paid
1806,B1cdfcC8107bbaC,2024-07-30,Python Book,Books,5,1322.54,delivered
1807,dBa5abCBaB1ecB4,2025-11-28,Python Book,Books,4,2660.71,delivered
1808,Ef65FF12f4EA60E,2025-09-30,Laptop,Electronics,1,1657.35,created
1809,c4FF1a08f606A3c,2026-01-25,Python Book,Books,3,1170.81,created
1810,07f4aB7Ca21DFa4,2025-11-04,Keyboard,Electronics,2,879.91,delivered
1811,5271A157Bb1D3b6,2025-12-19,SQL Guide,Books,5,882.34,shipped
1812,9fe6EA5F12dA8EE,2025-12-28,Monitor,Electronics,4,1873.51,cancelled
1813,41ACC9C502BaD3F,2025-06-21,Jeans,Clothing,3,139.81,delivered
1814,6A12cFE283D3f1b,2026-04-04,Jacket,Clothing,3,895.56,delivered
1815,50cdeD66c67dDf5,2025-03-20,Data Engineering,Books,2,1189.16,paid
1816,A4beFf9e382bDAa,2024-07-09,Python Book,Books,3,1876.95,paid
1817,4Cb0a7CEb24A1cB,2025-12-07,iPhone,Electronics,3,998.36,paid
1818,EcD77940b8b6c8F,2026-05-01,Keyboard,Electronics,3,248.71,created
1819,CfAEe5Bb2BAaDaA,2024-10-14,Jacket,Clothing,1,1796.34,created
1820,0Fd9f3828e0AC95,2025-04-19,T-Shirt,Clothing,1,2982.92,shipped
1821,2bDADbAfbF2eADe,2025-10-23,Jacket,Clothing,3,642.82,cancelled
1822,0a58CCBf1320AbB,2024-07-16,iPhone,Electronics,5,925.41,cancelled
1823,640dACDbdf1BFbf,2026-03-26,Jacket,Clothing,4,781.37,paid
1824,D85fbdE8Cfc3E2c,2025-06-15,Jeans,Clothing,4,1489.77,paid
1825,efCa1A44eAF36B9,2025-11-14,Keyboard,Electronics,5,1201.41,shipped
1826,6d111C81aD4366f,2024-08-03,SQL Guide,Books,3,1106.81,paid
1827,01d7f6B5d17A5d0,2024-09-28,Python Book,Books,3,387.35,created
1828,52fBdbc9bF8aBae,2024-10-27,Jeans,Clothing,1,2316.8,delivered
1829,99CC5cbbb9aa4FE,2025-08-03,Monitor,Electronics,3,2742.31,delivered
1830,70058d8B0c231CB,2024-06-11,Jeans,Clothing,5,1202.55,created
1831,DCCBbc0dDc07C0E,2024-10-25,SQL Guide,Books,5,358.69,created
1832,Fc7be4DC91Cac5C,2024-09-02,Monitor,Electronics,1,360.41,shipped
1833,583156FFa2EfdE3,2025-01-23,Keyboard,Electronics,2,1780.55,paid
1834,FDfffFCFBE4cCBf,2024-12-07,Headphones,Electronics,3,1024.64,created
1835,D0F2d36fB408575,2024-06-27,Data Engineering,Books,2,1749.87,delivered
1836,2aFe4B0C0e53Eb8,2025-05-30,Laptop,Electronics,2,779.45,paid
1837,c927eAb2e082EAC,2026-03-15,Jacket,Clothing,4,2032.91,paid
1838,8a6dD3aC4DFEc1D,2025-12-17,Monitor,Electronics,4,916.74,cancelled
1839,1a5DDDA3BdA1c17,2025-11-19,Keyboard,Electronics,5,1249.85,delivered
1840,cf6f601F4a9384C,2024-06-27,SQL Guide,Books,2,2231.92,cancelled
1841,0E0Ff6eCcff7FC5,2024-11-05,Laptop,Electronics,4,2784.82,cancelled
1842,E4F420Eb5D6eeDA,2024-06-26,Headphones,Electronics,3,2035.38,paid
1843,f4B7b7BFdD7fFaf,2025-04-21,Python Book,Books,2,484.21,delivered
1844,cbC17eecCF3e9Bd,2025-05-02,iPhone,Electronics,1,1361.78,cancelled
1845,39BEB7441beABe2,2025-08-11,SQL Guide,Books,4,123.86,delivered
1846,AFFaDef892fC489,2025-08-23,Keyboard,Electronics,1,951.71,created
1847,A7355Fcb50BCE4B,2025-03-15,Monitor,Electronics,1,1940.64,paid
1848,6c0dBFEe2f60D4C,2025-01-18,SQL Guide,Books,3,2972.15,cancelled
1849,cbD7D9A8745cC56,2024-12-30,T-Shirt,Clothing,4,569.05,paid
1850,7BCfC8BE9ab2dAA,2025-01-27,Headphones,Electronics,2,341.15,created
1851,EfF1bD0faabCecf,2026-04-19,Machine Learning,Books,4,1091.69,paid
1852,22c83107BC3F8Dd,2024-08-22,Headphones,Electronics,1,1947.62,paid
1853,eA9cFD8C5e48a3c,2025-08-30,Sneakers,Clothing,3,558.14,delivered
1854,6adcbE73BFC158E,2026-01-04,Keyboard,Electronics,1,1789.99,created
1855,40F0FFbba2DE014,2025-08-06,Machine Learning,Books,2,2110.73,created
1856,679EdAabd6f2f5A,2025-07-08,Headphones,Electronics,1,1733.07,delivered
1857,c3eAb008C06f768,2025-04-26,Sneakers,Clothing,1,553.55,created
1858,1CFf82A905e7DCb,2025-04-10,Sneakers,Clothing,1,451.2,shipped
1859,BAcE30f22cbAE8E,2026-01-23,T-Shirt,Clothing,4,1214.6,cancelled
1860,eA6D80FC16E56C6,2026-04-02,SQL Guide,Books,4,1759.25,delivered
1861,BE114094e1969Bd,2026-01-10,Jacket,Clothing,1,1375.93,shipped
1862,520aC882Eab6Adb,2024-06-28,Monitor,Electronics,2,504.63,shipped
1863,AABCccfAC8F92B2,2026-02-12,Keyboard,Electronics,2,163.81,shipped
1864,A2d0c6EC67a1eDd,2025-09-17,iPhone,Electronics,1,1980.21,delivered
1865,F8034Ee340a6eCE,2026-03-31,Keyboard,Electronics,4,1155.17,shipped
1866,a6bbEfCDd3d7EfA,2024-09-19,SQL Guide,Books,3,745.78,paid
1867,B6D8De752A8df7A,2026-02-04,Sneakers,Clothing,5,1224.44,delivered
1868,feEDdB43a2Acfd2,2025-06-23,Sneakers,Clothing,5,2679.02,cancelled
1869,F0FbC8D2D0edA5E,2025-09-29,Jeans,Clothing,1,2700.23,created
1870,a78FE2c0CAb9Ba4,2024-10-18,Keyboard,Electronics,2,801.55,delivered
1871,b631fC3853CCC16,2025-04-01,SQL Guide,Books,2,2310.18,delivered
1872,a379Bfb0D20EEdA,2024-08-17,Jeans,Clothing,5,2163.67,cancelled
1873,f93cbCC3eD2A0Be,2024-05-08,Data Engineering,Books,1,601.32,cancelled
1874,FB0CcA4cF56Ef1a,2025-10-08,SQL Guide,Books,4,2289.74,delivered
1875,d8EB3F3DaBeE550,2026-04-05,Monitor,Electronics,1,2199.3,shipped
1876,5c650784BB6Bdc7,2024-07-17,T-Shirt,Clothing,4,2935.46,paid
1877,4d9FE4dE0758458,2025-04-13,Laptop,Electronics,1,821.8,cancelled
1878,FDB3EeeA414B53c,2026-04-05,Machine Learning,Books,3,2392.87,created
1879,27b4c3AfeF68Ea2,2026-02-08,iPhone,Electronics,5,2313.45,cancelled
1880,2F0c87e2EBAb7a5,2026-04-02,T-Shirt,Clothing,1,187.2,paid
1881,f2aA61f6Fdd13Dd,2024-06-18,Python Book,Books,2,957.65,shipped
1882,d35fFdA68C8Df7e,2025-10-21,Sneakers,Clothing,3,2174.83,created
1883,3Fa84bFF49cceFe,2026-02-08,SQL Guide,Books,2,635.34,created
1884,FdcdC13DbA68D71,2025-12-19,Data Engineering,Books,3,1809.93,delivered
1885,eb06Ce753bd2f02,2025-12-16,Monitor,Electronics,1,1124.24,created
1886,d62bBea63AFBCF7,2024-06-09,Python Book,Books,3,1112.49,cancelled
1887,41F45D4C430F95F,2026-02-24,Jeans,Clothing,2,2038.37,created
1888,4cadcdE0eFbbc6B,2026-04-14,Machine Learning,Books,3,2707.28,cancelled
1889,Fd1eCFACEdDBD2B,2024-06-19,iPhone,Electronics,4,1014.64,shipped
1890,F427E9b3E1bec16,2025-04-18,Python Book,Books,1,2482.91,delivered
1891,1BD6e5EAb30FD43,2025-02-27,Keyboard,Electronics,4,2785.13,paid
1892,Abeda105CC9004a,2025-06-04,Python Book,Books,3,821.35,shipped
1893,d30ebca889cb77B,2025-09-09,T-Shirt,Clothing,1,1046.81,cancelled
1894,6Aefa31Edcb6f6D,2025-01-22,Sneakers,Clothing,5,2471.12,cancelled
1895,DFD4625cB7B5EEa,2026-02-16,iPhone,Electronics,5,511.66,shipped
1896,93765b0D045c656,2026-01-17,T-Shirt,Clothing,5,1460.71,paid
1897,EeC27f8d738c2F6,2025-10-24,Keyboard,Electronics,3,2349.59,shipped
1898,a67ACF258E65DF0,2024-12-13,Headphones,Electronics,3,2904.94,shipped
1899,bDbA2Fb676cF22f,2026-03-01,iPhone,Electronics,4,2876.19,delivered
1900,5133aC9c6ae1fce,2024-07-28,Data Engineering,Books,5,1552.64,paid
1901,8d9ecA2f94ec3E1,2024-06-02,Headphones,Electronics,1,754.92,cancelled
1902,9593A2ADdcaacAA,2024-10-01,Jacket,Clothing,3,2398.63,delivered
1903,d1cbCBdf29EB945,2024-09-20,Jeans,Clothing,1,466.66,created
1904,778e7aAcAc26AdA,2025-11-03,Jacket,Clothing,3,2886.69,shipped
1905,FA3a355d74025C7,2024-05-16,Keyboard,Electronics,3,2929.01,delivered
1906,Da5e46CEfB94BFc,2025-04-07,Jacket,Clothing,5,1855.44,shipped
1907,6f0d9Ad35543AE2,2025-12-18,Jeans,Clothing,4,1255.0,delivered
1908,57CF9cb20f22DF0,2024-05-21,SQL Guide,Books,1,2221.68,created
1909,caB5ccC2C3eBAa6,2025-01-01,Sneakers,Clothing,1,1503.55,delivered
1910,aDE5BBd6eA6b819,2025-10-09,Headphones,Electronics,3,1164.44,created
1911,3cdCcE3b4fe90Cb,2025-01-14,Headphones,Electronics,5,1382.71,shipped
1912,045aEB622C9430d,2025-05-09,T-Shirt,Clothing,2,332.07,paid
1913,ceF1Fad7BcBACA6,2026-01-23,Jacket,Clothing,5,1112.74,paid
1914,4DbCAB8ca3eb3D6,2025-08-14,Data Engineering,Books,3,2972.84,delivered
1915,0F63afbD1CDC6E8,2025-03-15,Machine Learning,Books,3,147.99,shipped
1916,E7a9b5C0283EcE9,2024-11-10,Machine Learning,Books,1,1436.66,created
1917,139a8C17aEcdaEE,2024-07-14,T-Shirt,Clothing,1,490.62,cancelled
1918,a5f1Ca9Fa5Bb47C,2025-06-26,T-Shirt,Clothing,3,23.71,cancelled
1919,8cCDa0C501c1DEf,2025-12-30,Jacket,Clothing,2,1325.82,cancelled
1920,8ba3B7516fDcDce,2024-10-28,Jeans,Clothing,4,478.44,delivered
1921,0ce5a0FdA775eE0,2024-05-10,Laptop,Electronics,2,1786.21,cancelled
1922,28FB022fad6fC6F,2024-06-18,Keyboard,Electronics,3,2294.55,shipped
1923,3FDd6b82D9CA712,2024-12-06,Jacket,Clothing,3,2565.52,delivered
1924,9f004b08A7750f1,2026-03-30,Laptop,Electronics,2,1673.56,shipped
1925,b0dC30Fa4D8d7AD,2025-04-29,iPhone,Electronics,2,1066.76,shipped
1926,b71e2a6247A8cdf,2025-07-29,iPhone,Electronics,2,2060.58,created
1927,3DAF7EAFFB7A884,2025-10-28,T-Shirt,Clothing,5,2946.84,shipped
1928,cbF0fbcbD738980,2025-10-10,iPhone,Electronics,2,1592.85,shipped
1929,7AcE9634Dd647BB,2024-05-24,Headphones,Electronics,1,1618.54,created
1930,3E3ca50eFaBdd3b,2025-09-27,Jacket,Clothing,1,2535.7,created
1931,E4ec44eacC6bC45,2024-06-05,Sneakers,Clothing,3,1321.78,cancelled
1932,B0Dee00dDf4a7a4,2024-12-01,SQL Guide,Books,3,2216.84,shipped
1933,48bFa91FFbC18cD,2024-07-08,Python Book,Books,4,2392.77,delivered
1934,cB7D0E9FEFE513c,2024-12-24,SQL Guide,Books,4,267.72,delivered
1935,CAcF1baD1B5CfDA,2025-05-09,Jacket,Clothing,4,1142.79,created
1936,16600BaeD9c6511,2025-04-30,Laptop,Electronics,1,1168.36,shipped
1937,5C6CFd59b4465Ed,2025-07-13,SQL Guide,Books,4,1155.51,shipped
1938,8d8fDFCE964e6eb,2024-06-27,Machine Learning,Books,1,2877.32,delivered
1939,ACb2a7e9aCEa80B,2025-11-15,iPhone,Electronics,2,1363.1,delivered
1940,F8f7F29701c9dF2,2024-05-19,Python Book,Books,3,1156.23,delivered
1941,E4d8A1a27E2Cc0f,2024-11-08,iPhone,Electronics,5,1694.01,created
1942,B679CFCd6a72471,2026-03-29,Jacket,Clothing,3,2569.99,shipped
1943,e93fFCBC3b6Ef18,2026-03-08,T-Shirt,Clothing,2,2042.4,shipped
1944,56cd3d2eAFEdAfD,2026-05-06,Monitor,Electronics,1,2877.71,cancelled
1945,Acf7f2Ce9FFF488,2026-04-27,T-Shirt,Clothing,5,1280.07,shipped
1946,8fdb89Fb152B9DC,2024-06-14,Keyboard,Electronics,3,2126.18,delivered
1947,1e33EeefaCbB172,2026-01-27,Jacket,Clothing,2,2897.02,cancelled
1948,a6dDaf3dF62a0c5,2024-10-27,Jeans,Clothing,4,803.64,delivered
1949,FAb1AC2d18d24d2,2025-09-10,Jacket,Clothing,1,919.2,delivered
1950,BfF9Fe50e3a5887,2026-04-09,Keyboard,Electronics,4,1736.22,cancelled
1951,Bd2e21e50A8D6dc,2024-10-24,SQL Guide,Books,5,2735.65,delivered
1952,5dE3ef8EF291FE7,2024-09-01,iPhone,Electronics,3,2057.8,delivered
1953,2ACc75C92C0F27C,2025-06-02,T-Shirt,Clothing,4,1874.58,delivered
1954,94Ed7575FdaaF1f,2026-01-01,Sneakers,Clothing,5,1336.06,shipped
1955,FAc5D74B6288BBb,2025-08-08,Machine Learning,Books,1,2843.75,shipped
1956,CE2e7c911d6A005,2026-02-02,T-Shirt,Clothing,2,650.93,shipped
1957,9cafbf53b6380B3,2026-03-31,Python Book,Books,1,2288.93,delivered
1958,cdD272AdC4fcF83,2025-11-08,Python Book,Books,3,1269.31,delivered
1959,C6FA3D66FbaE9Ac,2025-05-05,Machine Learning,Books,2,73.59,paid
1960,69e9ABcD9D569Bc,2024-12-11,Machine Learning,Books,3,956.98,shipped
1961,eADbdFaabDDC868,2025-12-27,T-Shirt,Clothing,4,639.9,created
1962,Df1Ee3DdB1bEf35,2025-04-25,Machine Learning,Books,5,1085.43,paid
1963,14f2aD7A8eCEFfd,2024-06-17,Jeans,Clothing,3,2860.37,cancelled
1964,dF5bd3EE2d8F746,2025-05-15,Laptop,Electronics,4,2610.48,delivered
1965,F9BAE6a27120de4,2024-09-22,Jeans,Clothing,3,758.9,delivered
1966,37eA5d1f903ebef,2025-04-25,Sneakers,Clothing,4,2970.69,cancelled
1967,24c60afF94ab06D,2025-01-21,Keyboard,Electronics,3,467.83,cancelled
1968,aebAd30bB4939BC,2024-10-02,Monitor,Electronics,5,1139.59,created
1969,5BA12758D2de987,2024-12-30,SQL Guide,Books,2,2758.01,created
1970,0c5eBd578aB99b8,2025-06-06,Jacket,Clothing,3,1933.01,created
1971,fC32bbC6B82FA7B,2026-05-08,Data Engineering,Books,4,2553.64,delivered
1972,1ccA7cb9C6Cf267,2024-09-18,iPhone,Electronics,5,2292.51,cancelled
1973,E495Cea7BCdEaE0,2024-11-04,iPhone,Electronics,4,1740.82,shipped
1974,C4c5D0f0623B3f5,2024-10-14,Keyboard,Electronics,3,1426.95,shipped
1975,f4a52e5D35fADFC,2025-01-31,Sneakers,Clothing,2,2322.48,paid
1976,6fa109c34B5a99E,2024-10-07,Jeans,Clothing,3,1977.88,paid
1977,A2AB0CCc8F8Ab30,2025-03-03,Python Book,Books,2,312.71,created
1978,FCDEF1A248B452E,2026-03-27,Python Book,Books,3,343.8,cancelled
1979,Ec92Fe500f8a1FC,2024-08-04,Keyboard,Electronics,4,341.22,paid
1980,f09C9b0BF04813D,2025-03-27,iPhone,Electronics,1,2299.24,paid
1981,E38e686b58c5d2b,2025-04-25,Python Book,Books,3,2983.73,shipped
1982,6F6bFFa95970a7c,2024-10-23,Jacket,Clothing,3,2810.03,created
1983,64A11Faae0D83dF,2024-06-07,Data Engineering,Books,5,472.39,cancelled
1984,c63f5b0Ccbc247e,2025-10-22,Jeans,Clothing,2,2505.35,shipped
1985,F9187dc4d7AbF5D,2026-01-17,Headphones,Electronics,1,2095.23,delivered
1986,C845246aBeF34B2,2025-07-19,Data Engineering,Books,3,214.52,created
1987,79dB1d5a79AaFec,2025-05-11,Jeans,Clothing,5,2772.33,created
1988,aafE6ABb900AD01,2025-11-06,Monitor,Electronics,3,1770.37,created
1989,607B584aa40E08d,2025-12-26,Keyboard,Electronics,3,2178.17,shipped
1990,8FfaAe59fE8f525,2025-09-30,Machine Learning,Books,1,1600.94,created
1991,54dD0463b5B5F64,2025-01-31,T-Shirt,Clothing,1,1265.8,cancelled
1992,ada3d36f40884dD,2026-01-26,Jacket,Clothing,2,1009.44,delivered
1993,fDea8FfEcAFB050,2025-10-21,SQL Guide,Books,3,2170.52,paid
1994,f2F1cEB948E2CFc,2025-10-05,Sneakers,Clothing,1,897.91,cancelled
1995,DE2Fa19A1e306f9,2025-10-28,SQL Guide,Books,2,2716.3,shipped
1996,781E9FAcB649911,2026-02-05,T-Shirt,Clothing,4,2966.89,cancelled
1997,5455c4EadDF21ea,2024-10-25,Python Book,Books,3,1858.83,paid
1998,7D826feD4a6348D,2025-02-18,Python Book,Books,3,1406.39,delivered
1999,C6c8Adf7cD5c99b,2026-03-07,iPhone,Electronics,4,1850.47,delivered
2000,B4ae1EDa330CaBB,2024-06-29,Jacket,Clothing,1,28.87,cancelled
2001,eFCBD5af6B63c35,2025-08-19,Machine Learning,Books,2,2809.89,cancelled
2002,056B72AcE80aDd3,2024-10-16,iPhone,Electronics,4,1806.89,delivered
2003,d459fBab4AF7eD5,2024-11-15,iPhone,Electronics,5,158.57,created
2004,f3f115B47cd0b9D,2025-04-05,SQL Guide,Books,5,1343.35,cancelled
2005,F44be1F5b9FAFDb,2026-02-01,Python Book,Books,1,258.37,cancelled
2006,2Ee6bD4D90d0a6B,2025-05-27,Jeans,Clothing,3,928.25,delivered
2007,a856eFCbbd2d311,2024-06-08,T-Shirt,Clothing,3,907.77,cancelled
2008,1BaeF1Baa40EBE3,2024-09-25,Python Book,Books,2,2639.78,delivered
2009,7a494EEDB0fa4B4,2025-09-25,Laptop,Electronics,1,1483.93,shipped
2010,8e8da31a0BF8Eb7,2025-10-07,T-Shirt,Clothing,4,2451.59,paid
2011,dBebC8b0a7EaBc9,2025-08-28,Laptop,Electronics,5,1483.91,shipped
2012,685B073F2DFfA47,2025-03-31,SQL Guide,Books,4,306.47,created
2013,Fa33b6359bB73Df,2024-08-11,Laptop,Electronics,4,2417.46,cancelled
2014,CFed822ef9B9d2D,2025-08-13,iPhone,Electronics,5,2093.81,cancelled
2015,eB345E75296AC35,2026-01-16,Machine Learning,Books,3,272.65,paid
2016,ACc0aFF2dCbbDfa,2025-03-27,iPhone,Electronics,5,1554.57,paid
2017,5fcA5CdD698bfaA,2026-04-20,T-Shirt,Clothing,2,919.25,shipped
2018,23CB68B7bfB4e93,2024-06-29,Laptop,Electronics,4,2766.6,created
2019,C9Ffc23539a90D1,2024-09-29,Machine Learning,Books,3,2858.83,cancelled
2020,EC1C7B4BCadbEA8,2024-09-23,Keyboard,Electronics,4,2601.58,paid
2021,c9Cb49152e5cbEa,2025-08-30,Keyboard,Electronics,3,648.83,shipped
2022,B095bc7404A5070,2024-07-07,SQL Guide,Books,1,1233.07,paid
2023,1B7A64eB86BED7A,2024-11-06,Jeans,Clothing,2,2664.63,paid
2024,B8F66F09Ef0Dc6D,2024-09-06,Jacket,Clothing,2,1111.49,paid
2025,Ea7E793BE1FCCba,2025-07-25,Keyboard,Electronics,3,2746.99,paid
2026,4c26638E8E3c30a,2025-05-30,Headphones,Electronics,4,2298.73,created
2027,D592cFD12aaBa96,2026-03-12,Jeans,Clothing,3,2785.53,delivered
2028,94e2418029FaB1a,2025-01-05,Machine Learning,Books,1,1325.05,created
2029,cBf53Db219dedFA,2025-07-20,Sneakers,Clothing,3,2964.62,paid
2030,a2DFAD4DE2bdd63,2026-02-03,T-Shirt,Clothing,1,1131.59,created
2031,023f74F6eDc4f8e,2025-06-29,Jeans,Clothing,1,958.52,paid
2032,b0Fb0C8cDd3d29e,2025-02-14,Jacket,Clothing,1,254.46,shipped
2033,0B81d0d9607A4E6,2025-09-12,Sneakers,Clothing,3,2810.24,paid
2034,664dA1acd2D4E6D,2025-10-08,Laptop,Electronics,2,2743.47,created
2035,7EF0Bd5D6eCFdC8,2024-10-20,Machine Learning,Books,5,773.03,delivered
2036,e7F6A41312bf26f,2026-01-07,Jeans,Clothing,4,1813.5,cancelled
2037,f291AFA7eb4bB63,2025-09-21,Machine Learning,Books,2,2822.76,paid
2038,78EfA229aBe60ab,2025-11-06,Machine Learning,Books,4,411.91,delivered
2039,B5fdA80F8Ed6995,2024-10-21,Jacket,Clothing,4,547.88,shipped
2040,3931bCBb50b75dD,2024-09-08,Laptop,Electronics,4,1233.07,shipped
2041,447A23D263CfA00,2026-01-28,SQL Guide,Books,4,533.45,cancelled
2042,3485D3cDAB53c5B,2024-08-28,T-Shirt,Clothing,5,1881.78,shipped
2043,7DD75e5f4BbdafF,2024-06-30,Jeans,Clothing,4,1689.93,paid
2044,5E5bADACa76f8cB,2025-05-04,Monitor,Electronics,3,997.42,delivered
2045,f8c1c63FC4bF7CA,2024-06-12,SQL Guide,Books,3,737.93,cancelled
2046,eeB74c93A1035C7,2024-10-02,SQL Guide,Books,4,2913.34,created
2047,aA80DD4Fb17d38B,2025-08-30,Monitor,Electronics,1,2123.74,shipped
2048,eafE3C9b537e1b5,2026-02-07,Keyboard,Electronics,2,2372.2,created
2049,3CbcC9D7EE4429E,2025-11-29,Machine Learning,Books,1,1232.42,cancelled
2050,aE0eD8135BE5DDF,2025-08-20,iPhone,Electronics,3,855.43,created
2051,e75ec91fF81EeB5,2024-12-15,Keyboard,Electronics,2,2962.62,created
2052,Ed6C9cccD7Ce15f,2025-03-28,Jacket,Clothing,4,2845.38,cancelled
2053,d7Be1fb856457e2,2024-11-11,Data Engineering,Books,5,1259.08,delivered
2054,2cB5abf94e459Bb,2025-04-15,Headphones,Electronics,1,200.75,shipped
2055,7cF7dab5B778bF6,2025-03-02,Data Engineering,Books,4,1685.14,created
2056,45f7d6D205f73Fc,2025-06-29,T-Shirt,Clothing,3,2456.24,delivered
2057,223DDbBCFDEdFF3,2025-12-06,Keyboard,Electronics,4,1189.99,shipped
2058,CA11E58278eEBc0,2025-03-31,Jeans,Clothing,3,2357.03,paid
2059,494Af17FDd11CcE,2024-10-13,SQL Guide,Books,3,617.9,delivered
2060,4D28CecffcD15f0,2025-02-07,SQL Guide,Books,4,2811.23,created
2061,33b1F1f3A1F29AA,2025-02-24,Monitor,Electronics,4,2115.33,paid
2062,F8De00609E49ccb,2025-08-06,Sneakers,Clothing,2,2027.98,paid
2063,74a0a8151895F24,2024-06-30,Python Book,Books,5,2685.5,cancelled
2064,21E505F946a72bf,2026-05-01,Data Engineering,Books,1,2312.11,paid
2065,A1Edd4F8F9D1F9e,2026-04-24,Jeans,Clothing,1,86.21,paid
2066,4b5be0A199aFb2C,2026-04-03,Jeans,Clothing,1,1940.93,created
2067,5Ca80b35eAb033e,2025-02-16,Sneakers,Clothing,2,2629.31,delivered
2068,eC313baafce4677,2025-07-17,Python Book,Books,2,2625.79,cancelled
2069,f8AaaAFa00Ad51A,2024-12-09,Jeans,Clothing,1,1916.49,cancelled
2070,f31fb971f004dcB,2025-06-14,Headphones,Electronics,3,1586.07,delivered
2071,A98d1B151E61A8f,2025-03-04,Machine Learning,Books,2,1627.44,created
2072,1EAAb77c7ADB74c,2024-08-15,T-Shirt,Clothing,3,1384.77,shipped
2073,b26b5d58cdee510,2024-07-22,Machine Learning,Books,5,2953.87,created
2074,aCe7Df430f62baC,2025-02-10,iPhone,Electronics,2,1086.68,created
2075,D58ceB4fDE16DBf,2025-10-13,Laptop,Electronics,1,2282.66,shipped
2076,00f66DB0A1BC8e0,2025-03-11,Jacket,Clothing,4,2872.27,paid
2077,a5CDB10CEd9BaBf,2024-09-04,Laptop,Electronics,2,1554.19,shipped
2078,c2f0cEA9f3ea161,2026-01-04,T-Shirt,Clothing,1,746.87,shipped
2079,8AA681AefCBAFeC,2024-10-19,Laptop,Electronics,5,2954.59,created
2080,f7ab8Cb6bdED3e5,2024-12-30,SQL Guide,Books,5,453.06,paid
2081,2afbb53B0bA3B27,2025-07-20,Python Book,Books,3,440.64,paid
2082,53Bd6aCEd565eF0,2024-08-28,Laptop,Electronics,2,592.12,paid
2083,b7faD1458765Dd4,2024-09-25,Sneakers,Clothing,1,1589.24,created
2084,E7B2BbC89aab6cC,2024-09-05,Jeans,Clothing,4,1333.42,paid
2085,e8A3e0e8cD1f155,2025-03-13,Keyboard,Electronics,1,2045.62,delivered
2086,6FD6f67689aEADb,2026-01-15,iPhone,Electronics,1,1338.33,created
2087,EEeBea725a3Ec04,2025-02-22,Jacket,Clothing,2,2861.31,delivered
2088,Bfc8EDa6b1f7F2e,2025-01-07,Python Book,Books,2,1273.3,cancelled
2089,fC3F6fa67fcd8C6,2024-12-10,Jacket,Clothing,4,1924.89,shipped
2090,e7c4eA5b502fEd5,2024-10-28,Jeans,Clothing,3,1505.38,created
2091,C69Be0c7F8f7D27,2025-09-15,SQL Guide,Books,1,349.12,paid
2092,9a878E0314cEfC0,2024-06-29,Sneakers,Clothing,5,675.14,delivered
2093,8FD60fEF5630c6f,2025-01-17,Laptop,Electronics,3,2910.99,delivered
2094,6ABbB3d21b5f1c6,2026-02-20,Jeans,Clothing,5,2762.26,paid
2095,Ec84CcFfF479DAC,2025-04-12,Sneakers,Clothing,5,2492.37,delivered
2096,AdE3C0DDf255219,2024-05-15,iPhone,Electronics,4,1573.91,delivered
2097,9f2D0A0D5CDdC7B,2024-08-13,Python Book,Books,5,2110.89,paid
2098,eb8B697A67EC68C,2024-11-05,Laptop,Electronics,3,1705.99,cancelled
2099,4CeEb9bAaA80014,2025-12-26,Jeans,Clothing,2,1222.94,delivered
2100,aD4c39D1B920CcB,2024-05-17,T-Shirt,Clothing,3,2556.18,paid
2101,93fBF4C6619030b,2024-09-28,Keyboard,Electronics,2,166.85,cancelled
2102,95B7CDA204004C5,2024-10-29,Keyboard,Electronics,4,2815.62,paid
2103,b57528433404d1B,2024-08-30,Sneakers,Clothing,1,2265.4,delivered
2104,7EDDCbF3F2edCB9,2025-04-18,Data Engineering,Books,5,666.81,cancelled
2105,70A4132084AD4aF,2026-03-13,T-Shirt,Clothing,2,2788.27,cancelled
2106,acCedF3cBa7fbEF,2025-05-23,Laptop,Electronics,4,2493.91,delivered
2107,7EdEFB2d21C90A6,2024-07-27,Jacket,Clothing,5,2840.42,created
2108,15B6dCcbA05e146,2025-07-19,iPhone,Electronics,5,887.65,shipped
2109,bD080EEFdb6E99c,2024-08-08,iPhone,Electronics,1,2659.89,cancelled
2110,87f310e48c552f8,2024-06-26,SQL Guide,Books,5,1130.52,cancelled
2111,5CcEB97BEea3D6e,2025-10-04,SQL Guide,Books,4,2216.14,created
2112,3E9F0cff22f2cAE,2025-10-28,Machine Learning,Books,1,1051.45,delivered
2113,B4349Edd74d7E58,2026-04-04,Keyboard,Electronics,3,1062.84,paid
2114,dAf51b77F43FC0A,2026-03-28,Python Book,Books,2,2161.4,cancelled
2115,Cc38b3F5500D306,2025-12-15,Data Engineering,Books,2,1211.73,cancelled
2116,BBC06EcDfaC0BdE,2024-05-19,SQL Guide,Books,4,1081.07,created
2117,9fe929D2D3421DB,2025-11-23,Data Engineering,Books,2,294.34,cancelled
2118,B95c0Ebe3C297a5,2026-02-11,Jeans,Clothing,2,1152.73,shipped
2119,A0B90B42266D7ab,2025-05-31,Laptop,Electronics,5,1043.49,shipped
2120,14D3D2e33Eb2fe7,2024-12-13,Python Book,Books,5,292.78,created
2121,3fc850cA8200fDF,2025-02-27,iPhone,Electronics,1,2366.47,shipped
2122,1Feeed0Ce2f5eE8,2026-05-04,Keyboard,Electronics,2,2712.4,created
2123,045335FbDf6D4d3,2026-03-31,iPhone,Electronics,1,1384.8,shipped
2124,B9D0bf10C78287c,2026-01-26,Python Book,Books,5,577.74,paid
2125,DDF61dE0fEf4ea5,2024-06-13,Sneakers,Clothing,4,261.87,cancelled
2126,129Df7Ad595c67a,2025-03-21,Jacket,Clothing,5,2333.55,cancelled
2127,AdfFaaB7cB1BE8a,2025-05-29,iPhone,Electronics,2,2295.1,delivered
2128,72ABE72e23acEAa,2026-04-22,Laptop,Electronics,1,2192.0,created
2129,AcEafEfE4DF1F77,2024-06-28,Monitor,Electronics,1,594.55,delivered
2130,b9bBcE9c4B8B317,2025-01-05,Keyboard,Electronics,3,876.17,cancelled
2131,Cb1c4Dc2BcA6e32,2024-09-02,Data Engineering,Books,3,1111.75,cancelled
2132,29cb2E64cC9EDF4,2025-01-21,SQL Guide,Books,5,598.76,created
2133,Caf6C5bFEf7c8Fe,2025-01-02,SQL Guide,Books,5,730.84,delivered
2134,C364D4FCE6FECAa,2026-04-10,Laptop,Electronics,2,2075.72,delivered
2135,1dEb1d5Ab9c626e,2026-02-10,T-Shirt,Clothing,4,2674.46,cancelled
2136,dE220568df71B18,2025-09-17,Keyboard,Electronics,2,2834.16,created
2137,eFEea4F524fF4D4,2025-12-31,T-Shirt,Clothing,4,166.32,delivered
2138,a6b2DDA9dB73064,2024-05-16,Headphones,Electronics,5,862.68,paid
2139,4F1e3Eab19CC7f1,2025-10-07,Keyboard,Electronics,2,2018.89,paid
2140,CEfF8Bc978BF6CC,2025-01-21,T-Shirt,Clothing,2,1286.31,cancelled
2141,55EDaA7DC2d90A7,2025-01-14,Data Engineering,Books,1,1930.11,shipped
2142,F1D8703b65e9a9C,2025-05-06,Data Engineering,Books,5,670.29,paid
2143,C0F2E80Bc44Ed59,2025-08-21,Jacket,Clothing,4,429.35,delivered
2144,C7446C406CDa215,2024-09-12,Data Engineering,Books,5,1085.93,created
2145,1E01EaC85eA29C2,2024-07-04,T-Shirt,Clothing,5,154.49,created
2146,6d109Df197D4d7c,2025-07-18,Laptop,Electronics,2,1554.21,delivered
2147,67b7E2a7Ae7890B,2024-07-26,SQL Guide,Books,2,188.3,delivered
2148,DC0e5aDaACAAd46,2025-09-30,Keyboard,Electronics,4,1738.9,shipped
2149,1d569dFCB2dcdD2,2025-12-19,Jeans,Clothing,4,1295.19,delivered
2150,6aEBc6dcBd3cb89,2025-09-16,Data Engineering,Books,1,526.82,delivered
2151,09Aed51CD1F936A,2025-04-28,iPhone,Electronics,3,1776.8,delivered
2152,eA5C2D1D86172a4,2025-04-21,Jacket,Clothing,2,248.64,cancelled
2153,3BD0eA23F5D2c27,2025-04-08,Jeans,Clothing,4,831.9,shipped
2154,bAa603B0A069CAD,2025-09-12,Data Engineering,Books,4,2006.42,created
2155,026F9D4e7F9b7e2,2025-04-08,Sneakers,Clothing,5,1445.58,cancelled
2156,ff37c0d76cdc9CD,2024-08-21,Jacket,Clothing,5,2753.08,cancelled
2157,D9efc9df5C62Faf,2024-11-25,iPhone,Electronics,4,1451.93,delivered
2158,Cf8C4F4a5eeC1DF,2025-10-26,Headphones,Electronics,4,1261.53,created
2159,7b5e3C1aD32E44B,2025-06-21,SQL Guide,Books,5,1948.41,delivered
2160,6Aa84E262Ae1e57,2024-07-19,Machine Learning,Books,2,2611.47,paid
2161,2F05D439a1F6feB,2026-05-05,T-Shirt,Clothing,5,34.84,paid
2162,88E258A2FAEd453,2026-02-24,Machine Learning,Books,4,37.76,created
2163,a47d89A873fe2d6,2025-11-01,Jacket,Clothing,5,1117.56,paid
2164,cD89469EB9D3C2b,2025-08-23,Keyboard,Electronics,4,1684.54,cancelled
2165,D83814c3f006E4f,2025-12-10,Jacket,Clothing,1,2759.08,cancelled
2166,f93BCCee1DbCCdb,2024-12-25,Machine Learning,Books,4,181.86,paid
2167,8dA5af8dE072A4a,2024-09-14,SQL Guide,Books,5,2987.51,delivered
2168,FaFd65617dbd13b,2024-12-05,Python Book,Books,2,1173.54,delivered
2169,ebdaBdF9D3C7eB0,2025-11-21,T-Shirt,Clothing,3,1971.1,cancelled
2170,FdD1E6C9E99b1FF,2024-08-17,T-Shirt,Clothing,3,1406.8,delivered
2171,34B6d7DB3Ce8600,2025-11-12,SQL Guide,Books,1,689.27,created
2172,aCebbb9Ab1ba46A,2025-12-25,Jeans,Clothing,3,950.01,shipped
2173,8DCBC0BfdD5BD07,2026-02-02,Data Engineering,Books,2,2385.6,cancelled
2174,e44bAa386d7B504,2026-02-14,Data Engineering,Books,2,1473.49,cancelled
2175,19E9FDED1cc8c12,2025-03-30,Data Engineering,Books,3,324.55,cancelled
2176,290DCAd1ed5ccC9,2025-10-11,Python Book,Books,5,763.51,cancelled
2177,45B9eAB477dd79B,2025-05-13,Data Engineering,Books,4,997.43,paid
2178,D39C7dFE61a80D6,2025-09-18,iPhone,Electronics,2,2836.67,shipped
2179,5585bEcFd767cB0,2024-11-20,Keyboard,Electronics,2,1151.23,paid
2180,3fdC291f2BeA4F7,2025-07-01,Keyboard,Electronics,4,198.42,shipped
2181,AbA252c2Fbfd767,2025-12-04,SQL Guide,Books,4,559.79,cancelled
2182,bdf17E50f7d7fD7,2024-08-28,iPhone,Electronics,5,2036.32,paid
2183,b0642bE5dcf9c09,2025-03-02,Monitor,Electronics,2,355.47,shipped
2184,e9e4CC81ED3F73c,2025-12-25,Python Book,Books,1,1088.75,shipped
2185,ed6a39fE4EED64e,2025-04-12,Jacket,Clothing,4,2745.96,cancelled
2186,16aA7948aE6E37c,2025-05-31,Monitor,Electronics,4,2576.08,created
2187,aAF6aEf8C6BE5d8,2025-06-09,T-Shirt,Clothing,2,1651.85,created
2188,a305e4d0ED9feaD,2026-04-06,Sneakers,Clothing,1,650.48,created
2189,dB8FEefFA36eebB,2025-07-18,Data Engineering,Books,1,2154.27,delivered
2190,e7aF4F7Efca090B,2024-10-23,SQL Guide,Books,4,2988.97,paid
2191,A045D1BDb61Adc5,2026-02-06,Keyboard,Electronics,3,72.24,cancelled
2192,5eeCf5Aaaa0951C,2024-06-17,SQL Guide,Books,1,2510.59,paid
2193,26ec75de82EC463,2024-12-30,Headphones,Electronics,5,1658.73,delivered
2194,24dF8FB31C3a4aF,2025-03-27,Sneakers,Clothing,5,236.91,created
2195,7c5beaDfEBfe8bf,2025-02-03,Sneakers,Clothing,1,139.07,paid
2196,ffB74c71aD44c3a,2025-11-25,Jeans,Clothing,1,2126.49,paid
2197,52fddFd7Cc9533F,2026-01-30,iPhone,Electronics,4,2303.15,shipped
2198,61F33d21AD0A5aE,2026-03-28,T-Shirt,Clothing,3,747.09,created
2199,2f5AfbC3369f833,2025-02-10,Data Engineering,Books,1,1154.35,cancelled
2200,35A7b85Dd5fABE8,2025-04-13,Laptop,Electronics,5,2335.02,created
2201,cBAD827B1A7DC3b,2026-01-01,Python Book,Books,1,1757.97,paid
2202,B5bfB441bA55b21,2024-08-24,Sneakers,Clothing,1,630.62,delivered
2203,60CC5eDDCfb0938,2025-12-24,SQL Guide,Books,5,2531.05,shipped
2204,00ad96f38aAEdCF,2025-08-05,SQL Guide,Books,3,961.59,paid
2205,470EEc26CeBe51b,2025-11-13,T-Shirt,Clothing,1,1037.33,delivered
2206,8440CB60c7d871F,2025-04-21,SQL Guide,Books,3,495.79,created
2207,1ddEBAEF84c7A7b,2025-03-23,Jacket,Clothing,1,29.01,cancelled
2208,DaC4df435D8BBD2,2025-09-25,Keyboard,Electronics,2,443.85,delivered
2209,EFeE771401dDcC3,2024-12-15,Laptop,Electronics,5,2157.74,shipped
2210,fC6Eadc552dAE8f,2025-05-23,Machine Learning,Books,3,2100.08,shipped
2211,1F04BDBe4eFd07F,2025-04-06,Headphones,Electronics,2,939.27,cancelled
2212,5eaEd966d5BdcDA,2024-08-05,Jeans,Clothing,1,1951.63,paid
2213,ADa2BAa5FBe9eEf,2024-05-28,SQL Guide,Books,3,2387.61,paid
2214,574E572D9DD22Bb,2026-02-18,Jeans,Clothing,1,1308.84,paid
2215,2Ca65cA0cb30cDA,2025-11-09,Data Engineering,Books,4,1935.42,cancelled
2216,4938Af38E83eFBE,2025-07-15,Python Book,Books,3,722.29,delivered
2217,bffF6afe4Eb7D94,2024-07-31,Monitor,Electronics,2,2664.63,paid
2218,EcCfE87CaC82EB8,2024-09-05,Headphones,Electronics,2,1383.86,paid
2219,D143171C7aF1aDC,2024-06-06,Jacket,Clothing,5,2625.09,created
2220,01AaC13Bf6Eb97D,2025-07-22,Headphones,Electronics,1,2932.46,delivered
2221,fD54a50189bb88A,2024-08-21,Keyboard,Electronics,1,2765.94,cancelled
2222,D9BDacECbDCcA89,2026-02-14,Keyboard,Electronics,4,2786.97,created
2223,c7B69EEb9F88A58,2025-02-25,Sneakers,Clothing,1,1518.63,delivered
2224,Af57CaC5eC1f3d9,2024-07-29,SQL Guide,Books,1,2707.22,delivered
2225,a58f6E97Ea3cdEa,2026-04-07,iPhone,Electronics,2,95.69,cancelled
2226,De6a55D719AFa1e,2026-03-24,T-Shirt,Clothing,2,1714.07,cancelled
2227,7e03e6Ce0521Ce7,2025-02-02,Laptop,Electronics,2,2524.14,cancelled
2228,1f7c81dbc311a71,2025-01-30,SQL Guide,Books,4,2471.64,shipped
2229,4192bBf9be08e79,2025-01-24,Jeans,Clothing,4,2682.99,paid
2230,CFF507505d0CBBA,2025-09-17,Monitor,Electronics,2,237.25,paid
2231,6f83aEDc6156310,2025-09-02,T-Shirt,Clothing,1,700.6,cancelled
2232,E2E2aA16a58bA6E,2026-02-23,Monitor,Electronics,4,989.34,created
2233,cEDCeab0CEDf738,2025-04-28,Laptop,Electronics,3,2367.0,cancelled
2234,c9f5dfB4aEE0492,2025-09-06,Machine Learning,Books,2,2469.37,delivered
2235,ae601F7A19Ae13E,2024-12-06,Machine Learning,Books,2,2455.92,paid
2236,7ACFfF1Bb0e0ba2,2025-12-21,Jeans,Clothing,4,599.93,created
2237,5eFd2b2C0d0CeBD,2026-04-29,Laptop,Electronics,5,1264.45,delivered
2238,6AFa6F8cE6C917F,2026-04-25,Python Book,Books,5,2579.19,shipped
2239,6b4fE450C40FfEb,2024-09-22,Data Engineering,Books,4,770.59,paid
2240,eac6Fa5b082d6dD,2025-09-02,Machine Learning,Books,1,1999.0,cancelled
2241,AeD1B74C0cbB2Aa,2025-11-18,Laptop,Electronics,3,1167.16,paid
2242,Bd8a4D3bC39c665,2025-12-13,Jacket,Clothing,5,2292.32,paid
2243,8A3cDe685eCCD59,2025-10-17,T-Shirt,Clothing,4,2108.93,paid
2244,99F9CE2A5f4B28A,2025-09-03,T-Shirt,Clothing,1,2677.24,created
2245,C0BAbE5ccab1c18,2026-01-24,SQL Guide,Books,3,1794.89,paid
2246,7fda4af9521DaC1,2025-01-04,Keyboard,Electronics,2,219.73,paid
2247,628fEcD8D7be249,2025-03-25,Jacket,Clothing,1,923.43,paid
2248,f6339B5faebbaA3,2026-04-13,Jacket,Clothing,2,1319.89,created
2249,bEEE3Dbb80de9A4,2026-01-24,iPhone,Electronics,2,2294.71,paid
2250,00148b8d1fF37ed,2026-03-04,Jacket,Clothing,1,2954.92,created
2251,aacabf80Fb25cBa,2025-11-29,Machine Learning,Books,2,476.76,cancelled
2252,fc6f1e44AEe58A7,2025-04-29,Jeans,Clothing,3,2888.7,created
2253,bB2dEF85cee4b39,2024-07-24,SQL Guide,Books,1,718.78,cancelled
2254,F93Dad2C95167fF,2025-09-29,Monitor,Electronics,2,1669.82,delivered
2255,EaAaDeb8bA2188A,2026-04-29,iPhone,Electronics,5,542.78,paid
2256,940e9d6Fd2b79cA,2025-01-05,Data Engineering,Books,3,487.03,paid
2257,Eee8ad2BBeEd02e,2025-02-01,Sneakers,Clothing,2,1382.8,created
2258,1A1584F259bb559,2025-12-02,Jeans,Clothing,2,2801.96,created
2259,bE78b0eED1b879A,2025-10-05,Jacket,Clothing,2,963.2,shipped
2260,bD1eBB02F6E8bEe,2025-04-23,Monitor,Electronics,2,2153.0,cancelled
2261,904F87161d7FCEe,2025-04-22,Headphones,Electronics,2,1073.05,shipped
2262,fae0dE6afac0c7B,2025-09-17,T-Shirt,Clothing,3,1570.93,paid
2263,F4aa2BA14a33DAD,2025-04-04,Keyboard,Electronics,5,248.82,cancelled
2264,882eEaa56f13fD1,2026-03-24,Data Engineering,Books,5,2703.58,paid
2265,BEda4903d77BCA3,2026-02-19,Data Engineering,Books,2,284.09,paid
2266,Bc73BaeA95912bB,2025-08-14,Jacket,Clothing,4,1927.51,delivered
2267,AbCE2Ce15d6baDE,2025-06-28,Headphones,Electronics,1,426.92,delivered
2268,Fe78fE9b1F55d4D,2025-06-24,Headphones,Electronics,1,577.26,delivered
2269,887633eD8CaC243,2025-04-07,Keyboard,Electronics,5,1148.29,created
2270,c48c4c7fDFEaF2E,2025-08-14,Machine Learning,Books,2,60.42,created
2271,39efDf00EF7A2E1,2025-10-31,Data Engineering,Books,5,2436.73,paid
2272,BACc4d41C184d60,2025-10-06,Jacket,Clothing,1,2980.99,cancelled
2273,bfc2ABDCd2ba4d8,2025-01-25,SQL Guide,Books,2,1543.38,cancelled
2274,d79AC1eE8d8CDC4,2025-04-28,Monitor,Electronics,3,2370.1,cancelled
2275,db4ECe40F83C2BB,2024-08-17,SQL Guide,Books,5,15.36,paid
2276,cdFd807bbE6fabd,2025-11-25,SQL Guide,Books,3,1644.18,created
2277,4D6bB79E11608Fe,2025-10-07,Python Book,Books,2,369.94,created
2278,9374AbbDe5E4F6E,2025-10-31,iPhone,Electronics,1,2247.06,paid
2279,Ab80cEECfC6dEe5,2025-10-22,Laptop,Electronics,3,882.9,shipped
2280,Cf8C4F4a5eeC1DF,2026-03-04,Jacket,Clothing,3,106.48,created
2281,277E29aEf2a591f,2024-06-22,Keyboard,Electronics,3,798.83,paid
2282,fAf7769bDE8b9dF,2025-06-26,SQL Guide,Books,2,2478.03,shipped
2283,cE5ABFbb23e79Bd,2024-10-13,Sneakers,Clothing,5,2029.47,paid
2284,6Eb2c54Aae213f5,2025-02-26,Data Engineering,Books,4,299.98,paid
2285,8fFd5A9BfE39F9a,2025-10-17,Monitor,Electronics,1,1154.59,paid
2286,37B8fd85c2BcBBb,2024-08-04,T-Shirt,Clothing,3,833.06,delivered
2287,DBA966EdC4BE76A,2024-05-20,Data Engineering,Books,2,2041.08,paid
2288,07bAA8133d8cA50,2025-09-25,iPhone,Electronics,3,1314.4,delivered
2289,FD1E9f0ABC281F6,2025-10-01,T-Shirt,Clothing,3,2294.15,paid
2290,FE9BE03bc0B283b,2025-01-04,Headphones,Electronics,2,1205.57,paid
2291,6Dc8FA4CD46A4Ce,2025-07-14,Data Engineering,Books,1,146.28,paid
2292,eF9dd7aDfEe1445,2026-03-02,Headphones,Electronics,3,670.78,paid
2293,86Caf2295F983D6,2025-04-14,Sneakers,Clothing,2,1185.87,shipped
2294,f98e8791AaD1b96,2025-02-10,Machine Learning,Books,4,2425.29,paid
2295,BBfaE5a45D5e6e3,2024-07-15,Headphones,Electronics,5,292.34,shipped
2296,6dd1ecA056f3AED,2025-10-01,Jacket,Clothing,2,461.75,paid
2297,E3DF582CffEf4E0,2025-09-22,Keyboard,Electronics,4,898.13,paid
2298,85236Dca8CdDbFc,2025-03-17,Laptop,Electronics,4,2742.46,created
2299,65c4CFf57Cf236c,2026-05-05,Monitor,Electronics,5,1178.74,cancelled
2300,9C21a79d708bc0A,2026-04-02,Monitor,Electronics,1,392.78,cancelled
2301,A3F0D1BCF18745C,2024-09-02,Jeans,Clothing,1,183.06,cancelled
2302,788Bb4AEe3FDBB3,2026-01-01,Keyboard,Electronics,1,2690.11,cancelled
2303,ACCb99Ec9ECfad3,2024-09-04,Machine Learning,Books,5,301.05,cancelled
2304,70DFa2A34534715,2025-06-24,Machine Learning,Books,1,2595.61,delivered
2305,F6Fc6b3E527AD6f,2024-05-10,Headphones,Electronics,1,497.28,paid
2306,cE23E00A1CefDAC,2025-08-11,SQL Guide,Books,1,2554.95,shipped
2307,c1d1747A4cf48FD,2025-01-19,Python Book,Books,3,1758.39,delivered
2308,d2Aaf9f398451e8,2024-08-31,Machine Learning,Books,5,2826.16,shipped
2309,922552ff15cD1D4,2025-05-11,Headphones,Electronics,1,2395.32,created
2310,D2dD798603D4D3E,2026-04-11,Python Book,Books,5,1404.22,created
2311,4716C2cD4D6AFD7,2025-02-11,SQL Guide,Books,3,2109.27,paid
2312,Bf1EB57abbE6EAC,2024-05-22,Jacket,Clothing,1,2003.27,paid
2313,1524b0E6CB655AE,2024-12-31,T-Shirt,Clothing,4,1542.95,created
2314,a3D2ffF6FbA06fC,2024-05-29,Keyboard,Electronics,2,1828.33,cancelled
2315,AeABd97aA95039F,2024-12-11,Keyboard,Electronics,3,1747.77,paid
2316,B0ae7De37B04EAf,2024-07-29,Keyboard,Electronics,4,2857.47,delivered
2317,5Cef5De7039bc39,2025-12-20,Jeans,Clothing,1,225.98,paid
2318,3dF97e30f86CcbF,2024-07-27,T-Shirt,Clothing,5,588.14,delivered
2319,a6bf8d0BFb8CBcd,2024-05-09,Jacket,Clothing,2,2512.55,delivered
2320,81C7F145a67C25A,2024-06-18,iPhone,Electronics,4,551.83,created
2321,098c0DcFD52ba4d,2025-11-11,Jeans,Clothing,4,1117.16,delivered
2322,518DAcFd2dBfB1F,2025-05-05,Jacket,Clothing,2,1457.25,cancelled
2323,4239EedB24a27aC,2025-02-28,Data Engineering,Books,3,942.15,delivered
2324,ad77E8e005B6669,2024-07-12,Sneakers,Clothing,4,1834.73,paid
2325,2bfBAaca620c59A,2024-05-21,Jacket,Clothing,2,527.75,shipped
2326,FC2C2b82D6ef2BA,2025-02-18,Machine Learning,Books,4,1592.43,paid
2327,9C9E2dc7C776d5b,2026-03-11,Python Book,Books,3,2862.2,delivered
2328,b6c7D9fD5aa8E17,2024-11-17,Jacket,Clothing,4,2973.52,shipped
2329,8fFbAEbfDCC0cEe,2024-11-30,T-Shirt,Clothing,1,2441.53,created
2330,B5Fdc10C2BD6e6a,2024-11-27,Laptop,Electronics,2,2622.33,cancelled
2331,E6C5a03E54e9F70,2025-04-22,iPhone,Electronics,5,1320.7,cancelled
2332,CE6F0B28bDabDC6,2025-08-04,SQL Guide,Books,4,2325.83,cancelled
2333,AbD8547AD9f500f,2025-08-09,Python Book,Books,3,940.66,cancelled
2334,C751CE22658cEd4,2026-04-10,Jeans,Clothing,2,1670.72,paid
2335,cE54be42abAc72F,2024-10-16,Headphones,Electronics,4,2324.65,delivered
2336,4896f1bdF434AC8,2024-11-28,SQL Guide,Books,3,814.9,created
2337,b492de7C05CBcAd,2025-07-15,Machine Learning,Books,2,756.31,created
2338,d4DfBE660B1c369,2024-08-29,Machine Learning,Books,1,2288.0,created
2339,e15FA62B001aCdE,2025-06-05,Laptop,Electronics,3,1970.04,shipped
2340,bA6DC0EE0D4eCE4,2024-09-19,Sneakers,Clothing,5,1047.86,shipped
2341,793e028Bfe5b7dD,2025-10-27,Keyboard,Electronics,3,1756.3,shipped
2342,Ad122a25Ca20cfc,2025-01-14,Sneakers,Clothing,3,2754.86,delivered
2343,b62d3dfdec41D32,2025-10-07,Data Engineering,Books,5,2515.07,cancelled
2344,E56eDdaCe50DAA8,2024-07-11,T-Shirt,Clothing,4,339.46,cancelled
2345,df17C2fAFca00E1,2025-01-27,Jeans,Clothing,3,1051.14,created
2346,5c1C25D34eF7A30,2025-06-24,Headphones,Electronics,2,2168.04,delivered
2347,8A6d9De99d30b13,2026-02-11,Sneakers,Clothing,3,1223.16,cancelled
2348,3282bC09eA84dFd,2025-08-15,SQL Guide,Books,2,1446.92,created
2349,7dD3a73ceaC4C2A,2026-02-23,Headphones,Electronics,3,1690.15,shipped
2350,B0af4dB9Cf7bDcB,2024-09-27,Jeans,Clothing,3,1909.34,shipped
2351,62d06475a8002e8,2025-12-12,Jacket,Clothing,3,1705.02,delivered
2352,0A3096D2C9Ec91a,2024-08-23,Jeans,Clothing,1,1036.92,cancelled
2353,a9aeD08087CdEbD,2026-05-01,Sneakers,Clothing,4,1415.57,cancelled
2354,a18c3A1F2b7eb1c,2025-06-02,Python Book,Books,4,1001.07,cancelled
2355,BdffEc3bd347Eef,2025-08-15,T-Shirt,Clothing,1,1754.21,shipped
2356,B66aCf2d7CF8C3C,2026-01-15,Laptop,Electronics,2,471.89,paid
2357,4b5dF2748AF0Aee,2024-05-18,Machine Learning,Books,5,1719.02,shipped
2358,dEE93dcfE36FcDC,2026-05-01,Jacket,Clothing,5,1751.2,paid
2359,cFFA1a8aB278163,2025-04-07,T-Shirt,Clothing,2,1893.64,cancelled
2360,247d1419C9e791a,2026-01-29,Keyboard,Electronics,5,2537.4,shipped
2361,Fc0f9Ab39b8E2BF,2024-05-15,Monitor,Electronics,3,2888.28,shipped
2362,2D2EBe227FCe188,2024-07-16,Keyboard,Electronics,5,2479.96,paid
2363,2d91534a4f6e6eA,2026-04-12,T-Shirt,Clothing,4,2922.7,created
2364,27e7F87BbBAbE79,2026-02-26,Laptop,Electronics,4,1388.32,paid
2365,fFcf22666Eb81d8,2025-04-08,SQL Guide,Books,3,433.99,created
2366,fbE8F0Bf9ecBbb5,2026-02-25,Monitor,Electronics,4,540.09,cancelled
2367,CecBDEB11f9c982,2026-01-10,Sneakers,Clothing,1,2418.31,shipped
2368,0b4f68f9E9Cde18,2024-11-20,Machine Learning,Books,1,2302.23,cancelled
2369,6e4dd91d9b18027,2025-04-23,Jeans,Clothing,5,240.6,cancelled
2370,F6F90BED3e2ec8F,2025-03-08,Jeans,Clothing,3,853.25,created
2371,7DaAd724ae6eF51,2025-05-13,Headphones,Electronics,5,1513.44,cancelled
2372,36c3ff0ca323dE7,2025-03-09,Python Book,Books,5,2044.86,paid
2373,dbfBdAC4dFBc0E7,2025-09-21,T-Shirt,Clothing,5,1962.81,delivered
2374,57f3F8A92d3aA9b,2024-06-15,T-Shirt,Clothing,2,1048.57,paid
2375,0a2e3cfEBCa71e2,2025-03-21,Python Book,Books,5,1303.04,paid
2376,4a1e6bb7fC9BCBB,2025-02-07,Python Book,Books,4,21.87,created
2377,93301b5fCf91d0b,2026-02-02,Python Book,Books,3,1956.84,cancelled
2378,8F5A9fA2c05c1dd,2025-05-29,Python Book,Books,1,1508.79,delivered
2379,4A3bF3CFeB89DB6,2024-12-27,Sneakers,Clothing,3,179.41,cancelled
2380,Eda1f6F9EcE4E27,2025-05-09,Sneakers,Clothing,3,2074.78,shipped
2381,1cE7F6ad1DE94b7,2024-07-28,Machine Learning,Books,3,2324.27,paid
2382,77efe9fe9e256d6,2025-03-05,Monitor,Electronics,2,1191.04,shipped
2383,2fB43B4B2aFBe5E,2024-06-02,T-Shirt,Clothing,1,339.68,created
2384,E0582B5E3D2ccFe,2024-07-07,Python Book,Books,2,100.73,delivered
2385,b7dEbaBF3EbF9FF,2024-12-22,Jeans,Clothing,1,780.47,created
2386,5F29BbA70a9bF81,2025-07-24,Jeans,Clothing,5,1181.83,cancelled
2387,D3cb1ef557CF257,2025-01-27,Jacket,Clothing,3,2147.05,cancelled
2388,54376406f022FD6,2025-05-31,T-Shirt,Clothing,5,2788.43,delivered
2389,4D7Dcd07edbFebb,2025-08-15,Jacket,Clothing,5,2932.62,delivered
2390,D8a4021ae44cDFE,2025-08-07,SQL Guide,Books,1,1055.44,created
2391,eFc5F6FA1BaCA3A,2025-10-21,T-Shirt,Clothing,1,1998.08,created
2392,A145a9BD897DAEE,2024-08-30,SQL Guide,Books,2,1848.43,paid
2393,0603EA1E4baC7a6,2025-01-29,Laptop,Electronics,1,2430.45,delivered
2394,dC3912D4d3deb46,2026-02-21,T-Shirt,Clothing,2,408.72,shipped
2395,F6d8eaB9aaBc93C,2025-02-26,Python Book,Books,5,294.16,created
2396,Fae01F001B6e1e2,2025-10-03,Jeans,Clothing,5,2415.69,shipped
2397,Cfea9f9cF21cbbd,2025-08-09,Laptop,Electronics,4,2183.73,created
2398,aD6ac79BEA7dA6D,2025-04-09,Sneakers,Clothing,2,2248.6,delivered
2399,a3B9d3AB56DE9df,2025-08-20,Data Engineering,Books,3,209.84,paid
2400,E59D2bA6a7aeDaB,2025-07-18,Data Engineering,Books,2,408.96,shipped
2401,cAccc0CA2411a9a,2025-11-18,SQL Guide,Books,2,2749.04,created
2402,b22C235742301c6,2024-11-15,Python Book,Books,1,353.99,delivered
2403,4C1BB07A0Ed4a53,2025-12-19,SQL Guide,Books,3,2319.62,paid
2404,aa498275dCB4628,2026-03-23,Monitor,Electronics,5,752.41,shipped
2405,DC609FAc624b1bd,2024-11-02,SQL Guide,Books,1,1214.91,paid
2406,F2BBfDe1A9C7CC4,2025-04-27,Keyboard,Electronics,4,2124.04,cancelled
2407,1dEA963C9Ea9dff,2025-07-03,T-Shirt,Clothing,1,2119.45,created
2408,5bC5ED4BFA3C697,2025-05-29,Jeans,Clothing,4,1516.25,cancelled
2409,54f8F42eAad8f2A,2025-02-28,Sneakers,Clothing,5,548.8,paid
2410,c17C33C9ffcfCCd,2025-06-04,Jeans,Clothing,3,1996.15,paid
2411,ab55288ddD7E71F,2026-02-09,SQL Guide,Books,1,2565.55,cancelled
2412,82Ce8473EeF6b46,2025-08-22,Machine Learning,Books,1,1005.76,cancelled
2413,0c66049768e38bc,2024-08-27,Jacket,Clothing,4,911.39,shipped
2414,CE6C489bbB4a024,2025-11-23,Sneakers,Clothing,5,2168.71,paid
2415,fBdF01CC8bb9321,2025-12-05,Machine Learning,Books,2,1805.29,delivered
2416,d2f2302d0A97548,2024-09-21,Machine Learning,Books,4,2571.17,created
2417,FaAA05CBBbdDCd1,2025-01-05,Jacket,Clothing,5,659.63,paid
2418,7bBceAfc64E0F6f,2024-11-23,Data Engineering,Books,2,571.57,created
2419,A2E09aC6be6B3fF,2026-04-11,Jeans,Clothing,3,2543.84,cancelled
2420,E47eBacCaB2C1C4,2024-05-25,Keyboard,Electronics,2,2415.32,created
2421,Fb2C7ce74caA5dD,2024-10-12,Keyboard,Electronics,4,586.98,cancelled
2422,eDC8a7F72B23b1B,2025-04-08,Keyboard,Electronics,2,737.57,paid
2423,abAa7FF284Dc4A1,2025-06-16,Data Engineering,Books,1,614.22,cancelled
2424,cbEA50821099dfD,2024-11-30,Sneakers,Clothing,3,1146.66,paid
2425,E7bC9EdDDCFCD39,2025-05-23,iPhone,Electronics,4,194.67,created
2426,8fDd3E0E29e19F9,2024-07-31,Jacket,Clothing,1,860.97,created
2427,fEfa78FF5b4EcFE,2024-08-27,iPhone,Electronics,5,2875.34,paid
2428,EaB06AD99CCAFA5,2025-01-30,Data Engineering,Books,1,2827.54,created
2429,BDDEeBbfE8F186a,2024-12-26,Jeans,Clothing,5,2899.62,paid
2430,63EA0aeCDCdfb85,2026-04-04,T-Shirt,Clothing,4,1087.76,created
2431,f28c3ae7B3ffeb2,2026-01-16,SQL Guide,Books,3,991.24,shipped
2432,0A2aE597AeaffD1,2026-04-01,Python Book,Books,3,1145.68,cancelled
2433,bbfF1BbF32903Ed,2024-07-22,iPhone,Electronics,2,1896.5,created
2434,3ae5C4c1Fb4740E,2025-09-04,Jacket,Clothing,2,82.72,cancelled
2435,99A12AB4ef54b04,2025-09-11,SQL Guide,Books,5,1391.42,cancelled
2436,C1B1AAEE8Da03bC,2024-05-31,T-Shirt,Clothing,3,961.23,delivered
2437,b9125b95AFA5d1b,2025-12-29,Laptop,Electronics,3,909.96,shipped
2438,eEf548ce9b2c45B,2025-05-15,Sneakers,Clothing,5,1772.23,shipped
2439,b4c46B1796C0E64,2025-09-24,Keyboard,Electronics,5,1367.69,paid
2440,50eF7549b30dE09,2025-05-30,Jacket,Clothing,4,2712.55,created
2441,dCdCb62ccfe86DB,2025-02-20,Keyboard,Electronics,3,1231.56,delivered
2442,Af7FBcCADE4BcE0,2024-11-17,Jacket,Clothing,1,2755.84,cancelled
2443,91d527a751BB1c4,2024-12-16,Laptop,Electronics,1,2766.37,paid
2444,9D5c87B0814EDae,2024-05-11,Keyboard,Electronics,2,1864.74,paid
2445,9403Fa21C5eBDDa,2024-08-27,Machine Learning,Books,5,283.51,paid
2446,a4FaFafFdBf1157,2025-03-09,iPhone,Electronics,4,1873.05,delivered
2447,1aaE5d8CbEcE94d,2025-08-23,T-Shirt,Clothing,4,325.92,paid
2448,47B2b7BE3eaceDc,2025-09-17,Monitor,Electronics,2,717.8,shipped
2449,ebDeecB89aA0B53,2025-02-26,SQL Guide,Books,5,2984.46,paid
2450,aC7DBccFFDe2a8F,2026-04-15,Jacket,Clothing,5,599.41,shipped
2451,a818b43C8CA130c,2025-09-26,Keyboard,Electronics,4,1681.39,paid
2452,fEE61c6617Bef9d,2025-02-06,Keyboard,Electronics,2,2685.22,shipped
2453,D2FaFad8cF6aAbF,2025-09-26,Python Book,Books,3,1504.75,delivered
2454,9Cc5497da0FDFc6,2025-03-25,Keyboard,Electronics,2,2789.63,shipped
2455,8eDFbb9cfBfdaC3,2025-01-29,iPhone,Electronics,5,1643.37,paid
2456,4FE21b7Cc3b9aE9,2025-10-24,T-Shirt,Clothing,3,2581.88,created
2457,5eEad435dFBF6Bd,2026-03-23,Jeans,Clothing,1,715.72,paid
2458,F6F1cd6EDdbcBEA,2025-10-01,Laptop,Electronics,4,2376.27,cancelled
2459,6Dfd8de6810DBB9,2025-04-25,Keyboard,Electronics,3,652.26,shipped
2460,58B4F9CbEF4dc72,2026-03-08,Jeans,Clothing,3,1448.72,cancelled
2461,8CCF8f166150AA5,2024-10-15,Jacket,Clothing,1,2550.03,paid
2462,0d89620ccA0b261,2025-10-09,Jeans,Clothing,2,2366.27,paid
2463,beBDA6A5FfDB226,2024-12-19,Python Book,Books,3,2514.96,created
2464,A2aA3dCA5af6baC,2025-07-11,Monitor,Electronics,4,770.56,shipped
2465,C94C361055a3E8a,2024-07-14,Jacket,Clothing,5,2148.36,paid
2466,19a3DbdAC8b352e,2025-03-03,Sneakers,Clothing,2,1026.02,delivered
2467,FaF1ff170Baf3dB,2025-10-04,Monitor,Electronics,4,2419.64,cancelled
2468,BE9C2bAFAc1AC72,2024-09-18,Python Book,Books,2,1795.48,shipped
2469,07DeEecE85bB59B,2025-07-24,Laptop,Electronics,4,2559.45,delivered
2470,e594114a023617C,2025-03-31,Laptop,Electronics,5,894.45,paid
2471,4a4900DE1c6A282,2026-03-23,Keyboard,Electronics,4,733.42,paid
2472,77fBfeC952F9451,2024-05-14,Laptop,Electronics,4,895.23,shipped
2473,B74da81C9833A02,2025-06-30,Keyboard,Electronics,4,2329.01,paid
2474,BF745aDd9FDDAab,2026-03-24,Monitor,Electronics,5,2270.39,created
2475,63B2E8e1379BE92,2024-11-15,iPhone,Electronics,5,250.31,cancelled
2476,0Bf784fC8F8cac2,2026-03-25,Jacket,Clothing,2,2869.34,paid
2477,Df7f4cE4cBB5DF0,2025-07-15,Headphones,Electronics,4,1281.6,created
2478,d7Ebdd073e418a4,2025-08-10,Laptop,Electronics,2,1139.74,delivered
2479,3B8Ca2ac4fbFeF2,2025-01-10,Keyboard,Electronics,5,2244.95,shipped
2480,1Af1084DA85Ef4c,2025-10-25,iPhone,Electronics,5,1376.43,created
2481,610CC84dfbFC24B,2025-11-20,iPhone,Electronics,4,1377.18,paid
2482,fccEaCb5FDC8D7D,2025-08-13,SQL Guide,Books,3,2771.18,delivered
2483,56D19dFDBb7b47B,2025-04-11,Machine Learning,Books,5,1332.95,cancelled
2484,BbBB5Ae328234fF,2024-11-16,Sneakers,Clothing,2,1080.55,created
2485,EB0414ff6571f72,2024-09-11,Jacket,Clothing,1,1695.39,paid
2486,F12EDBc3CeD4362,2026-01-12,Jacket,Clothing,5,1223.04,paid
2487,7059618bE28cB16,2024-12-17,Keyboard,Electronics,5,256.32,cancelled
2488,e99DD6eCc4ccf61,2025-03-20,Jacket,Clothing,5,420.01,shipped
2489,F2c7c8DdAEf27c3,2024-08-04,SQL Guide,Books,2,158.54,paid
2490,cfE410584eE60FB,2025-02-19,Keyboard,Electronics,4,2984.84,delivered
2491,504e8EcC1A5CFF2,2024-10-07,SQL Guide,Books,5,2718.44,cancelled
2492,EDBaaE5De7A2eA7,2024-07-01,Data Engineering,Books,3,1408.43,shipped
2493,deF5d34674d95FD,2024-09-12,Sneakers,Clothing,3,1444.13,paid
2494,06169aadC67F9bC,2025-05-29,Python Book,Books,1,2299.41,created
2495,F414B8C197bC0b8,2026-01-10,Headphones,Electronics,2,851.7,delivered
2496,5CD1F6acdDA3Ab3,2025-11-14,iPhone,Electronics,1,366.89,created
2497,bAf90Bc989f842C,2024-12-27,Monitor,Electronics,1,360.47,delivered
2498,Fa5D90e05DC3B7C,2025-07-03,Python Book,Books,2,790.21,cancelled
2499,9f097b70cbd9b02,2025-06-25,Data Engineering,Books,4,2444.25,created
2500,A2cF8ee2edBFA3c,2025-11-09,Headphones,Electronics,5,1862.67,paid
2501,F98fD9DF2aA3DF3,2024-05-29,T-Shirt,Clothing,2,812.42,created
2502,f55d7feaCca96B7,2025-06-08,T-Shirt,Clothing,2,2249.05,cancelled
2503,C1b562596E3dB9f,2025-11-24,Data Engineering,Books,5,737.68,delivered
2504,Fc4faafd03cE5F8,2026-04-14,Headphones,Electronics,1,2325.66,paid
2505,1cd6CBd05DbDFdA,2024-08-04,Python Book,Books,2,1895.35,created
2506,79ce8A8Bb07BFcA,2025-02-02,Sneakers,Clothing,3,858.05,cancelled
2507,f5eD8E4FAC81cc2,2025-06-02,Data Engineering,Books,4,1692.8,created
2508,64D892E1bCAA9d4,2025-05-09,T-Shirt,Clothing,1,345.48,paid
2509,18e7C86ac4B7aa3,2024-09-09,Sneakers,Clothing,3,1445.08,shipped
2510,9AD4AA1c36DAa6D,2026-03-08,Python Book,Books,4,453.65,shipped
2511,bC3b3575fD05fbe,2026-02-17,Data Engineering,Books,5,98.32,paid
2512,BAb572DcB1BC0f5,2026-04-11,Machine Learning,Books,1,2421.75,paid
2513,c7f5Ef7da6cea99,2026-03-18,T-Shirt,Clothing,4,944.3,created
2514,B363fd6d81eD938,2026-04-11,SQL Guide,Books,5,830.59,created
2515,4F686efd5bfeF8f,2024-08-14,Jeans,Clothing,5,1729.53,created
2516,3dbcb5F1EC7Fefe,2026-03-09,Laptop,Electronics,1,2652.62,delivered
2517,BcAf7A71dF96D06,2025-10-07,T-Shirt,Clothing,4,1696.93,shipped
2518,D3e50ACaF71cF8f,2025-03-15,T-Shirt,Clothing,5,403.61,cancelled
2519,e3885c23055F7B0,2025-02-07,Sneakers,Clothing,3,668.38,created
2520,EdDDaBFC6b986dD,2026-02-27,T-Shirt,Clothing,4,2477.35,paid
2521,3fAa197DC2F8835,2026-03-21,Python Book,Books,4,1763.05,cancelled
2522,aC0279EF2dBcCbe,2026-01-26,Headphones,Electronics,5,2903.68,cancelled
2523,cCccCe52D6C3dF7,2025-07-22,Headphones,Electronics,2,1809.49,delivered
2524,fd808c1a3E5D2FF,2025-08-02,Jeans,Clothing,5,642.09,paid
2525,8DF3bE983f41E7d,2024-08-08,Headphones,Electronics,4,1831.08,shipped
2526,8a2106025aEaA7f,2025-04-03,Jacket,Clothing,1,2880.36,paid
2527,60F882acF3dF5B0,2025-12-04,Jacket,Clothing,3,2446.58,delivered
2528,cDEf857BA2d850F,2024-09-19,Machine Learning,Books,1,415.93,paid
2529,fDabBe8bE61Ffc3,2024-06-30,iPhone,Electronics,5,67.24,cancelled
2530,b9eb5e31db1A44c,2024-06-23,Keyboard,Electronics,2,1557.36,shipped
2531,9C18ec7f3Beb0eE,2025-11-09,Monitor,Electronics,4,262.65,shipped
2532,3F4c0DDeBF24E04,2025-07-04,Jacket,Clothing,4,1384.38,paid
2533,ec394E3D8CCcDf2,2025-10-16,SQL Guide,Books,2,985.08,delivered
2534,142C9523EAc62a3,2025-04-11,T-Shirt,Clothing,1,1376.61,paid
2535,AeDfBB7D77bB4ed,2025-06-10,Jeans,Clothing,5,980.28,created
2536,Ec9b66a10B7ac81,2026-05-01,SQL Guide,Books,3,334.2,cancelled
2537,d6769bEDfD5Eeac,2024-11-14,T-Shirt,Clothing,1,2169.52,paid
2538,e4fdDCD2a54d3a6,2024-12-27,SQL Guide,Books,2,782.67,created
2539,7ea8ecEa1Fdf3b3,2024-11-12,Python Book,Books,1,308.22,shipped
2540,19bF9aEfECe44e4,2025-05-02,Jeans,Clothing,2,1872.52,paid
2541,a7FD71Ad9A50D28,2025-02-04,Jeans,Clothing,3,1706.27,cancelled
2542,7cE9b11bBc3eDDF,2025-01-21,Laptop,Electronics,3,1276.2,paid
2543,05CcA7E6Fc7AbB2,2026-01-09,Sneakers,Clothing,2,2668.34,created
2544,BEDC8EE3E3a873c,2024-10-17,Keyboard,Electronics,1,2461.04,shipped
2545,8031D73324eB92C,2025-06-22,SQL Guide,Books,4,1790.55,delivered
2546,6C074bA5fEeaFa3,2025-08-03,Monitor,Electronics,4,2087.37,paid
2547,bd073a37BcbEFAF,2024-07-21,iPhone,Electronics,3,2804.7,paid
2548,960ee490C4cc2ca,2025-07-07,Jeans,Clothing,3,2597.03,paid
2549,C573C1cBde30d1C,2025-03-13,iPhone,Electronics,2,1886.64,cancelled
2550,D38BBA216ae356f,2024-11-29,Jeans,Clothing,4,1711.76,paid
2551,beb106a2711d703,2024-05-31,Machine Learning,Books,4,2528.38,shipped
2552,CC24d54Db78bA97,2025-04-07,Jacket,Clothing,2,586.77,paid
2553,DC4B8cBc2BdCDed,2025-05-05,iPhone,Electronics,5,14.66,shipped
2554,Db091dB1A3BBaCC,2025-08-19,Sneakers,Clothing,5,904.87,delivered
2555,4Ec1bFf484b112D,2024-11-30,Laptop,Electronics,3,2671.68,created
2556,840e65F0B18BcF0,2025-01-23,Python Book,Books,1,523.76,cancelled
2557,bc8A53Cf2cBcE75,2026-04-12,T-Shirt,Clothing,2,1867.02,delivered
2558,0BF5611fF92f9Aa,2025-07-22,SQL Guide,Books,5,460.44,delivered
2559,31F0dCb66BAe9Fe,2025-07-04,iPhone,Electronics,3,2498.35,shipped
2560,82ce19a2AC0ECFF,2024-12-20,iPhone,Electronics,1,313.04,shipped
2561,c7B6f8365d7051D,2025-06-10,Sneakers,Clothing,3,1330.93,paid
2562,d13Cd2Af87A2d8A,2024-12-04,Jeans,Clothing,2,2187.56,delivered
2563,d056bDB702DED2c,2024-08-29,Jacket,Clothing,4,1417.33,delivered
2564,6e0bad11C7393C7,2024-12-30,iPhone,Electronics,1,2832.18,created
2565,D4EC94a8AcDAB9d,2025-10-18,Data Engineering,Books,1,2596.84,shipped
2566,67763Ec94F5feAc,2026-04-09,Python Book,Books,3,916.82,delivered
2567,7FcEbfbF602E9f0,2024-12-11,iPhone,Electronics,3,1522.27,paid
2568,BC36Eec81E31Eec,2024-06-12,Laptop,Electronics,1,576.51,shipped
2569,6Be3e4b42b89B2E,2026-03-07,SQL Guide,Books,3,2144.16,paid
2570,a1Ae4BDAEE6BbC8,2025-12-23,iPhone,Electronics,2,2146.4,delivered
2571,55C7c3dcd1e1e4E,2025-12-08,Monitor,Electronics,2,2782.36,cancelled
2572,1c3aEeC20aA55c7,2025-07-21,Laptop,Electronics,2,133.27,delivered
2573,8bcf71bC1DEe42B,2025-05-23,Data Engineering,Books,4,1494.32,created
2574,d97fDf98dD72334,2024-11-25,Laptop,Electronics,4,2637.53,paid
2575,0FeA6D83c893F6c,2025-09-09,SQL Guide,Books,1,1143.09,delivered
2576,f8db0FbCd0C8bb1,2024-09-03,Laptop,Electronics,5,1696.12,cancelled
2577,cb8E7Edab65D193,2025-08-25,Python Book,Books,4,1643.8,cancelled
2578,9C3C899D2E02e2b,2024-07-13,Data Engineering,Books,2,2883.28,shipped
2579,F0a8FfABaB5eBf3,2026-01-03,Python Book,Books,1,1515.72,shipped
2580,D8fEfec14Eac10F,2024-10-27,Headphones,Electronics,4,1020.01,created
2581,b618aE246bD1AAA,2025-06-04,Headphones,Electronics,1,814.12,shipped
2582,9dBD9c4e2a6fCcF,2025-07-25,Jacket,Clothing,5,2770.49,shipped
2583,43fefBaD20Ae702,2024-11-05,Data Engineering,Books,2,2236.41,shipped
2584,8DED4FCb88da7Bd,2024-09-12,SQL Guide,Books,2,2377.91,cancelled
2585,E846ffdf5fA6652,2025-05-07,Keyboard,Electronics,1,1404.38,cancelled
2586,decdBEdbE0bdDbF,2024-12-22,SQL Guide,Books,2,1404.57,paid
2587,Fb1cf170BdE78b0,2024-05-27,Data Engineering,Books,4,431.51,shipped
2588,DBB38Bc084A1df4,2025-01-19,Jeans,Clothing,2,1852.02,delivered
2589,3B7A43dcDa5afeD,2024-11-22,Monitor,Electronics,4,290.42,paid
2590,472bA03D7D1cE6E,2025-06-28,iPhone,Electronics,4,1329.4,cancelled
2591,a6fAaA6B5fDf5d7,2025-10-30,Monitor,Electronics,4,2634.83,shipped
2592,8ef1E5aE4816629,2026-01-31,Jacket,Clothing,3,2464.7,cancelled
2593,c8bAB3aCB2c3dfB,2025-01-22,Laptop,Electronics,5,2133.21,shipped
2594,dEC692AfA5c6d10,2025-01-28,Headphones,Electronics,3,2888.42,cancelled
2595,bdbFfBE57289FEf,2026-03-29,Laptop,Electronics,4,436.18,shipped
2596,00C87AaB89459f1,2025-12-05,Python Book,Books,3,1047.57,created
2597,1AbFB8d99fBfBbd,2026-01-28,Laptop,Electronics,1,2966.36,created
2598,E0bA97fB323a59E,2025-10-10,T-Shirt,Clothing,2,490.04,created
2599,AEa5C9076C2F85b,2025-07-05,Headphones,Electronics,1,1307.81,delivered
2600,a3deB82176cbBFd,2026-02-27,T-Shirt,Clothing,2,333.83,shipped
2601,69cD1Cc6DeD4A6a,2024-07-07,Monitor,Electronics,1,2754.96,cancelled
2602,9AbfbFBe02b9533,2025-02-08,Data Engineering,Books,1,1315.74,created
2603,4a2e495c63B70E0,2025-12-14,Jeans,Clothing,1,1527.15,paid
2604,602dd0C38347e91,2024-09-26,Jeans,Clothing,2,1445.87,paid
2605,D83DACE08f0Fd5D,2025-10-24,Jacket,Clothing,4,1852.3,delivered
2606,4aBFae3B8B3Dcf5,2025-04-29,Jacket,Clothing,4,2437.04,delivered
2607,EC75C4AC437EfD8,2024-10-18,Laptop,Electronics,1,1638.98,delivered
2608,C9d640c3DB6EF90,2024-09-29,Python Book,Books,3,2591.89,created
2609,fcd4b29027Ca4f5,2024-08-17,Jeans,Clothing,3,1421.34,paid
2610,dEcd9FD2Da1Ee9d,2025-04-02,T-Shirt,Clothing,2,1322.71,created
2611,4c1cfd763FA7fa6,2026-05-06,T-Shirt,Clothing,1,2081.48,delivered
2612,cE07Df8855526e0,2025-10-12,SQL Guide,Books,4,2708.95,cancelled
2613,10eAE7BE74Df956,2025-06-18,Laptop,Electronics,2,2856.87,paid
2614,A5A3B4FCC98Bd2b,2024-07-08,Sneakers,Clothing,3,681.01,paid
2615,52B465C14633675,2025-10-02,Python Book,Books,1,2984.57,cancelled
2616,37CbcE9A01A70Cf,2026-02-11,Laptop,Electronics,2,634.31,shipped
2617,C8fA7E29909Cdeb,2024-07-20,Jacket,Clothing,3,181.32,created
2618,2bbDeF8bE48e3Ff,2024-10-17,Sneakers,Clothing,5,77.24,paid
2619,85e8D1C6Ac9b38b,2026-04-06,Headphones,Electronics,1,1950.06,cancelled
2620,cc2faD962fEFe21,2025-12-23,Data Engineering,Books,3,600.7,cancelled
2621,A4EeBe0A5Ed335a,2025-07-23,Jeans,Clothing,1,2072.13,shipped
2622,fbfb4d749b08aA4,2026-01-24,Data Engineering,Books,2,1570.88,created
2623,3e2B8CDfA3fD4bf,2025-03-20,Jeans,Clothing,3,2449.15,cancelled
2624,7C3d2CFE2EAFe92,2026-03-12,T-Shirt,Clothing,3,861.65,cancelled
2625,FF5Def56fFb0506,2024-10-04,Keyboard,Electronics,1,1410.31,paid
2626,23bdCEd1eE3c0DD,2024-10-01,Data Engineering,Books,2,54.04,created
2627,8c2A7e31Bb8CcDC,2025-09-28,SQL Guide,Books,4,661.83,delivered
2628,7Fc0e2CFb8B8Adc,2024-09-07,Keyboard,Electronics,5,912.83,delivered
2629,9FE3D1c9DfaB9f1,2025-04-20,Headphones,Electronics,4,1213.93,shipped
2630,DBadA21eB9ffD60,2024-08-03,Python Book,Books,5,2266.56,shipped
2631,9Aeb106C2Ab4fd5,2025-07-11,Jeans,Clothing,4,2173.83,paid
2632,b32ebaB19CA2bbe,2024-06-14,T-Shirt,Clothing,5,2106.74,delivered
2633,849e9b2E022aA76,2026-03-19,Jacket,Clothing,2,1581.09,paid
2634,48eb1299CeFaFDD,2026-02-01,Sneakers,Clothing,4,2525.91,cancelled
2635,0b36ecdAf8DA1AB,2025-09-02,Sneakers,Clothing,5,572.4,cancelled
2636,8d07D48F5dBdE0d,2025-02-06,Headphones,Electronics,4,1890.39,shipped
2637,7d181E63ECDF1D2,2024-10-08,Laptop,Electronics,4,1541.58,shipped
2638,E1a27dfA1Ed7c9C,2025-05-09,Sneakers,Clothing,1,2715.04,created
2639,bEbafFdc676c920,2026-04-21,Jacket,Clothing,1,2110.04,shipped
2640,BDE7cacF4ACE6e4,2025-09-04,Monitor,Electronics,1,1762.25,delivered
2641,61e8AEa0AdBc60F,2024-12-29,Laptop,Electronics,1,2628.03,delivered
2642,8bc59d9EaF2D7C1,2025-12-11,Machine Learning,Books,2,1188.61,paid
2643,7a64CDE4D26e3DE,2024-12-12,Jacket,Clothing,3,1086.27,delivered
2644,438b4f850257aCa,2026-03-08,Data Engineering,Books,5,1733.8,cancelled
2645,5f9b580ca0aC5Fe,2025-07-29,Jeans,Clothing,5,240.22,paid
2646,ABbdfe82F3a41dF,2025-10-07,SQL Guide,Books,1,60.05,cancelled
2647,6BD301AcD278fF6,2025-11-08,iPhone,Electronics,2,302.41,paid
2648,E3bFA968Fe5C1AC,2024-06-10,T-Shirt,Clothing,3,84.13,created
2649,c7F6ef932eDB5C8,2025-05-16,Sneakers,Clothing,2,2282.26,created
2650,f7ECaeA3c6be0dd,2025-10-08,Machine Learning,Books,5,831.14,created
2651,6d35AbF651dd0Fa,2024-12-09,Data Engineering,Books,2,492.51,created
2652,70dC7e4bef5Dc81,2026-01-21,SQL Guide,Books,1,351.85,paid
2653,2F06A895C7EBFD3,2026-03-11,Sneakers,Clothing,2,1961.79,paid
2654,f04e3538ddBAC00,2024-05-13,Laptop,Electronics,5,1951.22,created
2655,bBAff5FDbB32EC4,2024-09-30,T-Shirt,Clothing,4,833.32,paid
2656,2bfb3Ee16D26d6A,2025-06-06,Laptop,Electronics,3,1365.19,delivered
2657,E44EEc1EFDC78da,2025-08-23,iPhone,Electronics,4,1103.94,delivered
2658,fA439eDB7CCcd5F,2025-09-25,Jacket,Clothing,1,2853.04,cancelled
2659,Be5649e0e5f4AB6,2025-03-31,SQL Guide,Books,2,1003.46,paid
2660,Bfd54Aeb0CBcFFa,2025-02-12,Machine Learning,Books,5,2307.61,paid
2661,948127CEB295a01,2024-08-01,Python Book,Books,2,570.08,cancelled
2662,9E4EA3aAf7D4Eeb,2024-11-01,Jeans,Clothing,1,456.34,created
2663,8dBeebe175DdcF1,2024-05-20,Data Engineering,Books,1,2458.63,cancelled
2664,0FABAb3Fef4ac57,2026-04-29,iPhone,Electronics,5,1760.72,delivered
2665,0218c122d079DAc,2025-03-16,Laptop,Electronics,5,2137.13,created
2666,Ee2c9cA1B3c70e9,2025-02-08,Headphones,Electronics,5,2122.01,delivered
2667,25bF4dcf8bD89c6,2024-08-21,Machine Learning,Books,5,1777.62,created
2668,bf16FF1d34f9c20,2024-10-31,Keyboard,Electronics,4,2512.52,paid
2669,0D3CfECcED0CbB8,2025-09-08,Jeans,Clothing,1,652.06,delivered
2670,428D7fBC3eAA2a7,2025-12-19,Monitor,Electronics,3,1120.47,created
2671,10C0E28b4DbaFEF,2026-03-27,Sneakers,Clothing,5,817.75,cancelled
2672,b4f01356D4c29D0,2025-07-07,Python Book,Books,5,337.68,paid
2673,40E7d3FAc1e3eE8,2025-09-02,Python Book,Books,1,1527.56,paid
2674,22Da43Da54eDaf1,2025-12-31,Keyboard,Electronics,3,1736.54,delivered
2675,3d0fCa4B3B7fcAf,2026-01-26,SQL Guide,Books,3,166.97,delivered
2676,6768caB4fc05BE1,2024-07-09,Monitor,Electronics,3,577.88,cancelled
2677,F9ACdc7Bfb2db47,2024-07-18,Machine Learning,Books,3,2977.87,paid
2678,F4e6BC6EfdB4669,2024-06-29,Jeans,Clothing,5,630.85,cancelled
2679,a1cf7A62c4dC3B9,2025-11-09,Jacket,Clothing,4,249.22,cancelled
2680,fAAb14AbFFa044d,2025-09-23,Jeans,Clothing,1,2324.63,paid
2681,B5811acdFece5C3,2026-01-13,Keyboard,Electronics,2,1533.97,delivered
2682,6B73C968CAaA01c,2025-09-09,Jeans,Clothing,3,857.26,paid
2683,a6de255EE690fb6,2025-11-20,iPhone,Electronics,4,599.51,delivered
2684,d5eCd7d1eFB3875,2024-07-31,Data Engineering,Books,3,2548.29,cancelled
2685,Ab74F20ef67EF7d,2026-03-05,Jeans,Clothing,5,769.3,created
2686,1eccdd890C30d28,2024-06-10,Jacket,Clothing,4,1550.21,cancelled
2687,aaC6332E62E2FED,2026-01-17,Monitor,Electronics,3,2909.61,cancelled
2688,4b3D9aD8f2abBE4,2024-11-01,Jacket,Clothing,5,1499.34,created
2689,a3F15FE9B3F0648,2024-11-18,Monitor,Electronics,3,1575.41,delivered
2690,cbadf38c9b0CF4b,2026-04-30,Monitor,Electronics,4,1406.76,cancelled
2691,0c80fE8A51975a5,2025-05-13,Jacket,Clothing,2,2531.65,delivered
2692,1f029cb7FafDa7D,2026-03-12,Jeans,Clothing,2,268.11,delivered
2693,fcdC0bDcB3d7C2b,2024-12-12,SQL Guide,Books,3,567.74,created
2694,BBD3a3143078B7E,2025-10-15,Sneakers,Clothing,5,1809.11,shipped
2695,0ddA27daeDa01CD,2026-04-14,T-Shirt,Clothing,4,65.23,delivered
2696,98974e9a35D17bb,2025-02-01,Sneakers,Clothing,3,1640.54,cancelled
2697,e46F4caBdF21fA7,2024-08-10,Python Book,Books,4,2723.33,delivered
2698,ec16CCDAEdcf631,2025-04-30,Keyboard,Electronics,5,1744.66,paid
2699,Ac243a4cF85f8E6,2024-10-14,T-Shirt,Clothing,5,1697.31,delivered
2700,CAa2fa37B5864c6,2025-09-13,Data Engineering,Books,1,302.1,paid
2701,9dB3C54dC0affa0,2025-04-10,T-Shirt,Clothing,5,1383.4,shipped
2702,2B9d4c58bA59FAD,2024-07-06,Machine Learning,Books,4,1488.84,delivered
2703,3CeEC5CC9Ae84c1,2024-10-22,Jeans,Clothing,3,719.95,delivered
2704,1B88c0CbDeba3F3,2024-07-10,Jacket,Clothing,1,2638.25,paid
2705,b0E7bDe147B7eFa,2025-07-12,Headphones,Electronics,5,1360.21,paid
2706,15484C597507bb4,2026-04-12,Sneakers,Clothing,5,1340.46,paid
2707,1FaAe2BB60291Dc,2024-10-10,Laptop,Electronics,2,2230.96,shipped
2708,C204B74ff8799eb,2025-11-14,SQL Guide,Books,1,763.4,cancelled
2709,c50bd694b786c2C,2025-06-06,Headphones,Electronics,1,2511.89,paid
2710,Bc25A212CAeAaFe,2026-01-10,SQL Guide,Books,1,1407.97,created
2711,67A08EC6e483Df0,2025-11-27,Python Book,Books,5,841.32,cancelled
2712,CDFEaba81C9466B,2024-10-23,Monitor,Electronics,4,80.37,cancelled
2713,77B8D92AdFFeadF,2026-02-17,Jeans,Clothing,4,1823.5,delivered
2714,c78Ce6F17a24d7a,2024-05-19,Jacket,Clothing,1,2333.73,paid
2715,3BE5769105ef68B,2024-11-27,SQL Guide,Books,1,2769.99,delivered
2716,fC3f6cD6c550c4A,2025-10-19,Jeans,Clothing,4,2762.17,paid
2717,68D8c4fbb22C586,2025-11-16,Monitor,Electronics,2,2995.18,shipped
2718,f37aDC9eF1e76EB,2025-06-18,Machine Learning,Books,5,1460.51,paid
2719,d4B83Eb5c85B4dF,2024-10-05,Keyboard,Electronics,4,2085.88,cancelled
2720,c3bEAF97f2F57b6,2025-11-06,Sneakers,Clothing,3,2035.3,paid
2721,03fD02a0Deb7bF8,2025-03-20,SQL Guide,Books,1,1042.49,paid
2722,21E6383d6aC7cdE,2024-09-16,Laptop,Electronics,1,1813.64,cancelled
2723,8A8c57dA2CDc4AB,2025-02-01,Headphones,Electronics,5,1927.22,delivered
2724,b2d2dc35aEFFaFD,2025-06-11,T-Shirt,Clothing,4,1319.96,cancelled
2725,cE9CEF7C27d3bB7,2026-01-18,Laptop,Electronics,2,1205.6,cancelled
2726,562EDc71289be29,2024-10-07,Laptop,Electronics,5,2959.72,cancelled
2727,A5a2caf67DAcaCa,2025-07-09,SQL Guide,Books,3,1962.81,created
2728,afC6CA16EbAC1ef,2025-09-16,iPhone,Electronics,3,1524.67,shipped
2729,A1Fd9Dc59CB2fCB,2025-10-24,Headphones,Electronics,1,600.73,shipped
2730,8a4FacBeE73CAFE,2025-06-14,SQL Guide,Books,3,2232.41,created
2731,fCDED0cAAEe7Ce2,2024-06-28,SQL Guide,Books,1,1327.29,shipped
2732,7dc76FBeC2ACFe1,2024-06-19,Data Engineering,Books,5,2748.39,created
2733,94b1EcE09e5EA38,2024-06-24,Data Engineering,Books,1,709.23,cancelled
2734,F4EB5467bA012C3,2024-10-06,Jacket,Clothing,2,2442.84,delivered
2735,F8a33e08dDCDfaA,2025-12-31,Jacket,Clothing,2,443.67,created
2736,C2d0F0C2579AD9e,2024-10-16,Headphones,Electronics,3,2625.9,shipped
2737,B0A05e5D76a49bf,2026-03-01,Jeans,Clothing,2,1258.39,paid
2738,4A77aDacC4C7706,2024-09-18,T-Shirt,Clothing,5,1076.75,shipped
2739,Ec81C5F3F9bf454,2024-12-30,iPhone,Electronics,3,2977.13,delivered
2740,FDEc179a9DbBfcB,2026-04-14,Headphones,Electronics,3,369.63,delivered
2741,9548294EdFeF4ab,2024-12-25,Jeans,Clothing,5,389.97,delivered
2742,cDfeA5Cc3fdB0da,2025-05-19,Data Engineering,Books,2,178.04,delivered
2743,f8A5aCd81f65066,2026-04-25,Python Book,Books,1,1271.2,delivered
2744,d6dFE9a7b9fAeE5,2024-12-14,Python Book,Books,4,954.4,delivered
2745,7ad8AcEd9e3BbAA,2025-10-26,Monitor,Electronics,4,2160.26,created
2746,a8Beec20ffbbc94,2025-09-06,Jeans,Clothing,3,252.41,paid
2747,e56CcE91CACacf7,2025-01-21,Jeans,Clothing,4,2963.01,paid
2748,fCBAC2f0b26BB8f,2024-07-03,Python Book,Books,1,584.74,paid
2749,7cDa0AAfcFefA5b,2024-06-09,SQL Guide,Books,5,262.45,paid
2750,DBffff5925d8bA8,2025-01-22,Data Engineering,Books,2,934.32,paid
2751,a41fDEF1F84d4C3,2026-04-20,Sneakers,Clothing,3,1412.44,created
2752,32eC0CBdb90eb4E,2024-07-31,Monitor,Electronics,1,638.71,paid
2753,0FDFbc10d404436,2026-04-27,Machine Learning,Books,1,194.89,shipped
2754,ceD8cf06fFCe257,2025-05-25,T-Shirt,Clothing,2,477.34,paid
2755,16a06cCAf31aFED,2025-02-19,SQL Guide,Books,5,1261.13,paid
2756,052BBEaFEdF1cac,2024-07-08,iPhone,Electronics,2,1965.49,created
2757,4daeB985463ACf0,2024-12-01,Laptop,Electronics,2,1117.62,shipped
2758,Ab6bCafB5D120dC,2024-11-05,Headphones,Electronics,3,321.58,shipped
2759,C5d3Dd4A1b3212d,2025-03-05,Machine Learning,Books,2,1478.96,created
2760,4Fe1a72bdaedFC5,2025-10-22,iPhone,Electronics,3,2608.34,shipped
2761,2f7F5Af7118d1c0,2026-03-04,Jeans,Clothing,1,2998.66,created
2762,780447eBFBD28fF,2025-04-05,iPhone,Electronics,5,1528.89,cancelled
2763,ef6A8e51aEcFeC7,2025-01-21,Keyboard,Electronics,1,581.17,paid
2764,b58Ac8FcAF5213b,2025-02-15,iPhone,Electronics,5,1881.92,created
2765,D28B32d7E769cAa,2024-06-03,Jeans,Clothing,5,1770.17,created
2766,6Dc3A5fE5BeC743,2024-10-10,Laptop,Electronics,4,1506.26,delivered
2767,aCAff5D93de59e9,2024-05-16,T-Shirt,Clothing,1,913.79,paid
2768,649D5D2Bd5EBaDF,2024-05-30,Machine Learning,Books,1,1007.84,created
2769,A3eC4C89B76D9eB,2025-08-25,Keyboard,Electronics,4,1684.27,delivered
2770,87545b3FcCebABE,2025-01-30,Sneakers,Clothing,1,529.37,created
2771,Aae95AdBBEE49Ce,2025-11-07,Python Book,Books,2,117.24,created
2772,F3bEfe9aa80AD1D,2025-10-09,Keyboard,Electronics,5,1969.85,created
2773,DFbF15A6d1db4D3,2024-10-15,Laptop,Electronics,4,2221.36,shipped
2774,f86fBF6f48c1aeF,2025-02-02,Laptop,Electronics,2,248.68,cancelled
2775,85e7C5E34927deB,2025-05-24,iPhone,Electronics,5,816.57,paid
2776,3E12eDCE166bea4,2025-02-10,Machine Learning,Books,3,1392.87,shipped
2777,cEaDfCeFcCE90ea,2024-08-07,Keyboard,Electronics,4,1558.72,paid
2778,1A9587A6Db406c9,2024-08-18,Data Engineering,Books,4,2624.8,paid
2779,aCf7fAacdAd7d20,2024-12-18,Machine Learning,Books,5,1142.22,shipped
2780,C6eeF012a329AB0,2024-09-28,Jeans,Clothing,3,626.43,cancelled
2781,e3Acf834277096d,2024-11-26,Sneakers,Clothing,4,1710.68,created
2782,3c0822aAe80Cfbe,2025-04-19,Jeans,Clothing,1,2049.96,cancelled
2783,b5Aba637aeBcbD3,2025-06-04,Jacket,Clothing,4,2142.94,shipped
2784,1Dea45E808AAE14,2024-08-17,Machine Learning,Books,5,77.9,cancelled
2785,C4Cc9bA8959Fa60,2025-12-09,Headphones,Electronics,3,1116.16,shipped
2786,2A68A1E7fE8c9eF,2025-06-11,Jeans,Clothing,3,734.59,shipped
2787,cdDda8c9D9cFef3,2025-11-04,Data Engineering,Books,3,306.68,cancelled
2788,DD1eBBE17b447Bd,2026-04-02,SQL Guide,Books,3,2383.1,cancelled
2789,1dA9271CEf0FAF6,2024-09-05,Data Engineering,Books,5,1482.75,shipped
2790,bDFdEEC653BDf0d,2025-12-06,SQL Guide,Books,1,2379.28,cancelled
2791,5eC25C39795AC3C,2024-06-21,SQL Guide,Books,5,991.75,paid
2792,C4eA2bfdEf34a4c,2025-11-27,SQL Guide,Books,2,195.06,paid
2793,8EcDcAfD00a3B4e,2024-08-15,Data Engineering,Books,1,1784.19,created
2794,Dd1bAcf6A0Cc1d1,2024-07-05,Jeans,Clothing,4,32.15,created
2795,8DC448e56f5CAc7,2025-06-04,Data Engineering,Books,3,2956.68,cancelled
2796,0Ec4254Fe0dF99b,2026-04-10,T-Shirt,Clothing,1,745.19,delivered
2797,F441EfD7e75865D,2024-07-23,Jeans,Clothing,3,2756.77,paid
2798,e3A9fd0aFdcbdf8,2025-04-27,Headphones,Electronics,4,1462.65,created
2799,0ad660fBfBdfC28,2026-02-11,Jacket,Clothing,1,2551.87,shipped
2800,6Fd29f31BDFCF1B,2025-03-18,Headphones,Electronics,1,200.04,delivered
2801,99F6d0Dfe68cBDc,2024-06-15,Keyboard,Electronics,5,1907.8,paid
2802,b3C0F4dB220FeEE,2026-01-06,Keyboard,Electronics,1,696.81,shipped
2803,37149FbBccA39Ae,2024-10-03,Jeans,Clothing,4,2432.61,paid
2804,B2AA3b204997fd0,2025-06-29,Data Engineering,Books,1,623.61,paid
2805,ab3D71AFdE6Cf29,2026-04-01,iPhone,Electronics,2,1899.46,cancelled
2806,279d79BfaA103A3,2026-04-25,Machine Learning,Books,2,136.21,cancelled
2807,Ad4059303e43dab,2025-09-17,SQL Guide,Books,5,1324.98,paid
2808,8400DB6B9e5f07a,2025-06-12,Headphones,Electronics,2,312.54,shipped
2809,A3FfCB094EAe2cc,2024-08-30,Jeans,Clothing,1,438.62,paid
2810,BCFe6e150AA4C2A,2025-11-15,Keyboard,Electronics,1,169.33,delivered
2811,403Ae2E0C7863D8,2026-01-09,Machine Learning,Books,1,1504.36,cancelled
2812,e3C59eBAf464b63,2025-03-17,Laptop,Electronics,5,2703.85,shipped
2813,D1bB5999FAdF3e9,2024-09-01,Keyboard,Electronics,3,2006.93,shipped
2814,FbCBedf8a41fE70,2025-01-20,Laptop,Electronics,3,1152.96,shipped
2815,35dF5a9e96e03dc,2026-01-24,Python Book,Books,4,1411.56,shipped
2816,A2a3d2c54Fffc7a,2026-04-29,Laptop,Electronics,2,1462.01,delivered
2817,f7acDf8cF8daBbe,2026-01-06,Jeans,Clothing,5,2625.57,shipped
2818,5C4B9a9822df8E0,2025-03-15,iPhone,Electronics,1,1989.28,paid
2819,2f43EAE6581Fed7,2025-12-10,Laptop,Electronics,5,177.84,cancelled
2820,C83DC39dAeC0AAA,2025-09-02,Headphones,Electronics,4,1962.87,created
2821,63B070226B6e1b5,2025-06-20,SQL Guide,Books,5,531.56,shipped
2822,dBEDddb1eca8d37,2025-02-28,iPhone,Electronics,4,1458.29,delivered
2823,4a3691eAB1d6eF7,2024-07-19,Jeans,Clothing,2,501.71,cancelled
2824,fff85A26BEf7BEa,2025-08-22,Keyboard,Electronics,3,130.74,shipped
2825,844552941eCcc13,2024-12-19,Monitor,Electronics,5,2418.5,paid
2826,2FC6EBA0Df0d521,2025-02-12,SQL Guide,Books,2,1166.11,shipped
2827,EF3Ab201d1C8E76,2025-11-29,Machine Learning,Books,2,2728.29,cancelled
2828,ae93Cafc150Be10,2024-11-29,Data Engineering,Books,4,2022.69,delivered
2829,efebB38542F7449,2024-06-03,Machine Learning,Books,3,1184.84,paid
2830,d6dFE9a7b9fAeE5,2025-01-11,Laptop,Electronics,4,1498.89,cancelled
2831,1DDCAFA8ff68cEB,2025-10-29,Data Engineering,Books,5,1625.98,shipped
2832,e93a82415c0b792,2025-12-22,Python Book,Books,4,2336.12,created
2833,715fd533a78ee3a,2025-05-22,SQL Guide,Books,2,1993.5,shipped
2834,1bCf0e9f25F2fA2,2025-08-05,iPhone,Electronics,5,769.39,delivered
2835,16BDa2F574d3750,2026-02-10,Laptop,Electronics,2,61.56,paid
2836,7CFf63a22702171,2026-03-27,SQL Guide,Books,1,854.73,delivered
2837,91745D0cc3A9EA6,2024-12-16,Monitor,Electronics,1,1660.49,paid
2838,CBeF5f07a6a09Bb,2025-01-18,Keyboard,Electronics,4,2336.69,paid
2839,e6F10D74aaeEC6C,2024-11-08,Monitor,Electronics,1,2740.65,paid
2840,A8E9cFfcacb31C9,2025-07-16,Python Book,Books,2,346.17,paid
2841,62aDa9fF453cb39,2026-03-18,Laptop,Electronics,1,363.7,delivered
2842,Bc52AbEE3aF7d4E,2026-02-19,Data Engineering,Books,4,78.08,created
2843,FCb6eBa52BFFDbC,2024-05-29,Jacket,Clothing,3,2411.75,paid
2844,Bc3a200F6caAA5b,2026-03-08,SQL Guide,Books,3,770.05,created
2845,bC1Def16AfbdAE8,2025-01-02,iPhone,Electronics,3,1241.69,created
2846,Ec2B22Cbb76bFE7,2026-03-08,SQL Guide,Books,2,2640.45,shipped
2847,5eDc46C717FD3A4,2024-05-20,Data Engineering,Books,1,2416.01,shipped
2848,E76B67E45fFDFc0,2024-12-03,Sneakers,Clothing,1,1700.63,created
2849,8605A310Bb9DD6F,2024-06-22,Sneakers,Clothing,5,2643.25,created
2850,bCCeD595F2f4c0f,2024-09-22,Data Engineering,Books,2,1526.38,created
2851,eeFc7126aBBC1ee,2024-12-26,Monitor,Electronics,3,1611.25,shipped
2852,d06301b5ed6ec1f,2025-06-30,Headphones,Electronics,5,2758.16,paid
2853,8eE2b453aa1Bc5b,2025-11-06,SQL Guide,Books,1,2341.66,paid
2854,eBFCb2c6aC20cdd,2025-03-08,T-Shirt,Clothing,4,1926.82,shipped
2855,DdFe8eD490198b8,2024-12-14,Headphones,Electronics,2,942.72,shipped
2856,FF6eCD286A745bF,2025-08-26,T-Shirt,Clothing,1,1773.43,shipped
2857,b4bbE2bA39aaeA6,2025-03-31,Jeans,Clothing,3,2665.82,shipped
2858,07039E171D1833F,2024-07-22,T-Shirt,Clothing,1,1201.57,paid
2859,0d4842523ccf265,2025-03-14,iPhone,Electronics,1,672.74,cancelled
2860,d0121Fe011Ece1e,2025-01-05,Keyboard,Electronics,5,1540.52,cancelled
2861,EEDECBDAce0a5BA,2024-11-07,Headphones,Electronics,4,758.08,created
2862,D33bfBa6cBeEaEd,2024-09-07,Laptop,Electronics,4,1621.81,cancelled
2863,cd199Eab1d03BfD,2026-03-09,Machine Learning,Books,3,2071.17,paid
2864,E1ecc62F82e4FCa,2025-05-22,Laptop,Electronics,4,2633.14,paid
2865,F4FA80682462FB6,2025-12-16,Headphones,Electronics,3,1055.33,paid
2866,1322aAAe38a0D0a,2025-02-03,Laptop,Electronics,2,562.43,cancelled
2867,8C000A5E01A8eBd,2025-09-06,Sneakers,Clothing,2,1340.64,created
2868,b14890EfFAfD2F9,2025-12-28,Jacket,Clothing,1,337.31,created
2869,bA159971Ed5Aea7,2025-11-21,SQL Guide,Books,2,1431.66,shipped
2870,ACfAFdF8AAcBDCa,2026-04-13,iPhone,Electronics,2,2157.18,created
2871,E0cB3aCb27BC9c3,2025-10-21,Laptop,Electronics,5,1297.91,cancelled
2872,A272dCd2EfC12Cb,2024-10-10,Python Book,Books,3,2614.85,delivered
2873,0af83ad4505B640,2025-06-11,T-Shirt,Clothing,2,786.67,created
2874,A08A1bCCAFAA4eE,2025-08-31,Sneakers,Clothing,1,2604.49,delivered
2875,Ab73D29F2c7F72d,2025-09-15,Headphones,Electronics,5,1661.72,cancelled
2876,73e7e9eFbF4Efac,2025-09-19,Monitor,Electronics,1,2571.8,cancelled
2877,A4fdFfAA35D2C1f,2025-02-26,Python Book,Books,1,1248.75,created
2878,44af463e3bB1bd5,2024-12-01,T-Shirt,Clothing,4,2255.59,cancelled
2879,615E41D4077dCBa,2026-04-26,Jacket,Clothing,2,1024.45,shipped
2880,ADbBAf1f1e0A9A6,2024-08-27,Jeans,Clothing,2,2865.91,paid
2881,F1bD4FAeBb40cAC,2026-04-09,Jeans,Clothing,1,788.84,cancelled
2882,86123c5C2Bca96c,2024-12-30,T-Shirt,Clothing,4,2500.49,created
2883,d34F33cd9D95CC1,2025-05-27,T-Shirt,Clothing,1,833.84,cancelled
2884,195B2e21FB5ABBB,2024-10-30,Monitor,Electronics,1,1503.32,delivered
2885,A97aD43FAAcF3b7,2024-05-25,Sneakers,Clothing,5,179.77,cancelled
2886,c3DE74db9b3F0c6,2024-09-03,Jeans,Clothing,3,616.35,cancelled
2887,6A6bB5DbFFeDFb7,2024-12-16,Python Book,Books,2,472.94,delivered
2888,F9fC5E33F337CaD,2025-01-05,Headphones,Electronics,4,2699.24,cancelled
2889,53E264CB09bDb1A,2025-05-05,SQL Guide,Books,1,1488.22,shipped
2890,aFecfFecBa5490C,2025-08-30,Monitor,Electronics,2,2458.87,created
2891,B72aaafF32A7da9,2026-04-16,T-Shirt,Clothing,3,1955.53,delivered
2892,1Ce6b6dEd7dA65c,2024-07-10,T-Shirt,Clothing,4,161.92,paid
2893,e9EF2bA0bD31C2E,2025-12-28,Python Book,Books,4,618.59,shipped
2894,EAC4b7afab64B1a,2025-06-04,T-Shirt,Clothing,3,1472.01,cancelled
2895,4B4eeA00E2096AD,2024-11-26,Monitor,Electronics,4,1376.36,cancelled
2896,f754AA2805AFEd0,2026-03-05,Monitor,Electronics,1,50.24,shipped
2897,FB57DFBE3EB6D3c,2025-06-08,T-Shirt,Clothing,2,1666.78,cancelled
2898,B74aDE76b3F2e0b,2025-04-30,Headphones,Electronics,4,643.6,paid
2899,E09243BE32afbda,2025-05-20,Jeans,Clothing,2,869.38,shipped
2900,66D1b1DBc61ec6c,2025-08-30,SQL Guide,Books,5,2321.23,shipped
2901,A208aeB771b8Dac,2026-03-20,SQL Guide,Books,1,1032.26,delivered
2902,3aB16F937d45B45,2026-04-19,T-Shirt,Clothing,5,2480.03,cancelled
2903,354d2D5Ecbbcd3D,2026-02-02,Keyboard,Electronics,1,307.2,paid
2904,De6277366E5661D,2025-03-20,SQL Guide,Books,2,2510.56,created
2905,dB8aC0cdD87e2c9,2026-01-30,Jeans,Clothing,2,2164.13,created
2906,Afcb18FfC47f60b,2026-03-04,Jacket,Clothing,2,1920.03,delivered
2907,18fC1D34709BeA4,2024-09-09,Laptop,Electronics,1,2638.96,shipped
2908,853A848f90E4ae6,2026-04-16,Sneakers,Clothing,2,913.16,delivered
2909,eD3eBbbFeA87bBf,2024-07-15,SQL Guide,Books,3,752.76,delivered
2910,A9a0Ffd8cB1A1Ba,2025-07-14,Headphones,Electronics,2,409.03,paid
2911,AbE0FDD8caaBBb6,2026-04-07,Monitor,Electronics,1,1906.67,cancelled
2912,a64BEF469171dE9,2025-09-13,Jeans,Clothing,5,300.96,shipped
2913,cFE0bd049b76Beb,2024-08-02,Data Engineering,Books,2,23.25,shipped
2914,96dD1700b9DF21d,2025-01-31,T-Shirt,Clothing,1,1109.68,paid
2915,dA8a1e1Afa6FC91,2026-02-23,Laptop,Electronics,4,1719.91,shipped
2916,4d0C97a2ADb4daE,2025-09-08,Keyboard,Electronics,4,382.35,shipped
2917,17f9fBfcFBcfB1A,2025-10-23,Keyboard,Electronics,4,2204.37,created
2918,CAAfA8FEa95d248,2024-09-21,iPhone,Electronics,2,1497.02,shipped
2919,aeCd4E423B534f9,2025-08-26,SQL Guide,Books,1,703.59,paid
2920,de36FD34e04C80D,2025-04-08,SQL Guide,Books,1,2541.26,created
2921,ECBC81a84de32A0,2025-02-14,Headphones,Electronics,3,1413.29,shipped
2922,2ae7ac1DF8c1F8C,2024-09-19,Python Book,Books,5,242.89,cancelled
2923,1e771Cac311E2be,2026-04-08,Monitor,Electronics,3,281.28,cancelled
2924,3c3cC8C7AA742AD,2025-05-09,Machine Learning,Books,5,1816.75,cancelled
2925,8e479Dfb8a35deE,2026-01-25,Headphones,Electronics,5,1561.43,paid
2926,edFfc3ceDbf14dD,2025-01-26,SQL Guide,Books,1,1134.77,cancelled
2927,e63F1cDCaCC53BD,2024-06-07,Headphones,Electronics,1,2262.81,delivered
2928,4De8E7E2B7baE35,2025-09-07,Data Engineering,Books,2,849.41,created
2929,CAD1574fC6E2eD8,2024-05-13,Machine Learning,Books,3,2154.41,created
2930,f5b3cA9B1Dd5ad6,2024-10-26,Data Engineering,Books,1,338.49,paid
2931,81F59dF733F8Eb7,2025-06-05,Sneakers,Clothing,2,366.38,cancelled
2932,FB00Ec7BbaAE2EA,2025-12-05,Data Engineering,Books,4,283.82,shipped
2933,bAeA2bCa0Ed5AEb,2025-06-02,Headphones,Electronics,2,2105.72,delivered
2934,c2be827d8bbC47e,2025-02-18,Jeans,Clothing,2,872.91,delivered
2935,ef71d3e6A6d11de,2025-03-13,SQL Guide,Books,5,943.62,cancelled
2936,0eA74cc81f9aC8a,2025-03-10,T-Shirt,Clothing,2,1081.97,cancelled
2937,D0BAC0D906fCeF0,2024-11-20,Python Book,Books,2,1868.4,shipped
2938,4279DcdFB259cbF,2025-04-12,Machine Learning,Books,1,1374.26,delivered
2939,ca31D978C6daDBc,2024-07-07,Monitor,Electronics,5,248.32,created
2940,7ccEe9BcbC79c78,2024-10-22,Keyboard,Electronics,2,327.5,shipped
2941,3881AEdabBaA378,2025-10-31,Monitor,Electronics,1,1947.29,cancelled
2942,10DDdFD43EFBb7f,2025-06-02,Jacket,Clothing,4,1505.81,shipped
2943,91aC76EB3c03af8,2024-10-22,Data Engineering,Books,5,1086.18,delivered
2944,B627fEEcad7f3E8,2025-09-11,Machine Learning,Books,1,1485.18,shipped
2945,0FCE2AcAAeaF4ee,2025-05-30,Jeans,Clothing,2,464.78,shipped
2946,eb7C28eda87D5da,2025-05-27,Machine Learning,Books,1,1284.11,delivered
2947,abbA24893EA3f21,2024-08-07,Sneakers,Clothing,2,2186.49,paid
2948,d9A5d5E6d7Ba1ca,2024-08-21,Machine Learning,Books,1,2314.04,created
2949,2A4F57cEDcBF384,2026-04-20,Machine Learning,Books,2,208.14,paid
2950,DE6Bb4201E8FedE,2025-10-23,SQL Guide,Books,5,1381.82,paid
2951,7f70DF6a01D75CA,2024-08-31,SQL Guide,Books,5,401.69,cancelled
2952,A2e21DaDCf11052,2024-08-10,Monitor,Electronics,5,1561.07,cancelled
2953,6cEb5dfbDBdF6cc,2025-02-08,Python Book,Books,1,403.55,paid
2954,4BB3dCB26f4cCdA,2024-08-29,Sneakers,Clothing,4,2397.36,created
2955,5D08b29b2BA4FbF,2025-10-18,Jeans,Clothing,3,2073.76,paid
2956,3a0CB3CF2aD0ca3,2025-04-24,Machine Learning,Books,5,2930.43,delivered
2957,87BCbc634Ff3B9c,2024-11-29,T-Shirt,Clothing,4,1408.48,shipped
2958,b8379e627fcEFCb,2026-01-09,Sneakers,Clothing,1,170.62,shipped
2959,0E61bDAf06c75cC,2025-09-16,Keyboard,Electronics,1,2752.39,paid
2960,dcadaE88da9D7fc,2024-08-17,Jacket,Clothing,1,197.52,delivered
2961,1bDa99D05F17B7E,2024-07-24,Data Engineering,Books,5,550.24,delivered
2962,AcB17DFcDC2e608,2024-12-24,Sneakers,Clothing,3,96.43,created
2963,a8FFee2CBf6c4D9,2024-07-06,Machine Learning,Books,4,2800.82,paid
2964,9d1CEad3791Dab0,2024-10-04,Laptop,Electronics,3,949.52,delivered
2965,19D76aaabc8b6e9,2024-10-23,Headphones,Electronics,2,1035.54,paid
2966,eF91dbcCf1a9A54,2024-10-26,Laptop,Electronics,1,560.84,shipped
2967,ceC4B3B9cdbAC47,2026-03-06,SQL Guide,Books,3,2304.61,paid
2968,19F4C26C1ad5676,2025-08-08,Python Book,Books,1,2447.39,cancelled
2969,Ee134cf0585d1Ed,2025-01-08,iPhone,Electronics,5,2236.27,paid
2970,2fCaAeDB00A2589,2024-09-30,Jeans,Clothing,1,2102.49,delivered
2971,CdB53bC6d3ff1Ce,2026-04-06,Sneakers,Clothing,5,177.61,delivered
2972,0F1Bde7f1d5f2a1,2024-06-16,Jeans,Clothing,3,2516.67,paid
2973,FA6183505d96fbe,2025-11-18,Monitor,Electronics,4,441.9,paid
2974,ca976af7Df39bDa,2025-05-07,Monitor,Electronics,4,1673.68,paid
2975,82cEfd56AEE6b16,2025-05-29,Jeans,Clothing,1,879.52,created
2976,8bB9BE2a9Cb9738,2024-05-24,T-Shirt,Clothing,3,2015.44,delivered
2977,E2FfAdE2387a1a5,2024-09-20,T-Shirt,Clothing,5,223.72,delivered
2978,299B20dF30E9Df6,2025-10-17,Python Book,Books,4,1868.95,shipped
2979,b8ee9dC3f852df6,2025-04-04,Python Book,Books,3,2209.18,cancelled
2980,A2b1c15FAF45684,2025-06-14,SQL Guide,Books,4,2170.36,created
2981,Bc23bEf5FCDbcFC,2024-08-18,Python Book,Books,3,1396.09,delivered
2982,C4eD6BA3fb7a6FB,2024-08-16,Headphones,Electronics,4,2592.89,created
2983,aDf301f303B5265,2025-12-25,iPhone,Electronics,3,1556.99,delivered
2984,E0bEbb1E796E8fd,2025-11-21,Machine Learning,Books,3,1098.54,created
2985,c9CAE46B05c87DE,2025-02-12,Keyboard,Electronics,2,2506.46,paid
2986,B61FFcF6191cba8,2024-05-13,Sneakers,Clothing,3,1393.78,shipped
2987,F400DBA6EC844a6,2025-08-31,Jeans,Clothing,5,1948.87,paid
2988,DB38B0da0D7e4B8,2026-01-23,Monitor,Electronics,3,2892.85,paid
2989,5F07d2d6A6EBD27,2024-10-18,Jeans,Clothing,1,312.9,shipped
2990,5e09972E676792d,2024-12-24,Sneakers,Clothing,5,460.51,cancelled
2991,Fd4e0c25fdbcA9f,2024-08-02,Laptop,Electronics,1,1142.63,shipped
2992,BC8c0E2AA65fddC,2026-01-06,iPhone,Electronics,4,37.17,cancelled
2993,D953fbB4e9C88eb,2026-01-17,Machine Learning,Books,4,333.13,shipped
2994,2d167bF7Cf56AAD,2025-05-06,Laptop,Electronics,2,1892.75,paid
2995,A0eC2ccDcDC9F0A,2024-09-10,Sneakers,Clothing,5,2526.63,delivered
2996,ED76419bdbE232b,2025-10-19,Sneakers,Clothing,1,1445.89,created
2997,7FFDcdDff6FDc7A,2024-12-31,iPhone,Electronics,5,2382.39,shipped
2998,Ffcac0a5dbae4aB,2026-04-13,Jeans,Clothing,5,947.16,delivered
2999,E8587eE8EfE3D4c,2026-01-22,Data Engineering,Books,5,1037.07,paid
3000,228B81FC43ECF04,2024-05-17,Jeans,Clothing,4,2410.99,paid
3001,eb074Cc9C410Dc0,2024-09-07,Laptop,Electronics,4,918.58,cancelled
3002,b2da8cCd1ED8ae9,2024-09-16,T-Shirt,Clothing,2,767.05,created
3003,aDC9AcEE8e66461,2025-06-01,Jacket,Clothing,3,1856.53,cancelled
3004,1BbbB078a76FFed,2025-03-01,Jeans,Clothing,1,2945.82,shipped
3005,AC81bDaf1A7f13C,2025-04-14,Keyboard,Electronics,4,2901.86,shipped
3006,73136befB57cfA6,2025-11-30,Data Engineering,Books,4,1997.73,cancelled
3007,54aC10e0BbCb2Bc,2024-08-17,Jeans,Clothing,5,2373.46,created
3008,5efdF247b69D5E7,2025-09-17,Data Engineering,Books,2,1716.87,cancelled
3009,d9E171902eAE19D,2026-01-16,Jacket,Clothing,2,2163.77,paid
3010,aCb9054A6A37eFc,2024-07-13,T-Shirt,Clothing,3,174.76,created
3011,4AefEEefdb8D37c,2025-03-03,Headphones,Electronics,2,195.19,paid
3012,CD5ABd1BDdBBf5C,2025-04-20,Monitor,Electronics,4,1189.5,created
3013,Dd896A94F83B8e2,2024-08-25,Python Book,Books,2,1846.69,paid
3014,1CdcDf562E9B9f3,2024-06-25,Laptop,Electronics,5,2047.53,shipped
3015,7238eD0520FBb9E,2024-10-12,Machine Learning,Books,2,171.06,cancelled
3016,FBDBfF56FC8ae8c,2024-10-18,T-Shirt,Clothing,4,2597.79,created
3017,82a641F7502DaB1,2025-01-10,Keyboard,Electronics,5,359.26,paid
3018,Edc844b200A7AD3,2025-05-22,iPhone,Electronics,1,302.38,created
3019,2DFFcE1D4AACfF1,2025-12-10,Machine Learning,Books,4,2616.04,shipped
3020,1C4FbF09DAb2E2f,2024-09-28,Data Engineering,Books,1,1779.6,delivered
3021,44aaa3Ec00135De,2026-02-17,SQL Guide,Books,4,2627.95,cancelled
3022,48092AAf6f9F43b,2024-12-09,Keyboard,Electronics,3,1102.58,delivered
3023,A6EBAcaFfdCdbC4,2025-01-19,Sneakers,Clothing,5,918.44,shipped
3024,9af02c9bA3374F0,2025-03-31,SQL Guide,Books,3,846.06,created
3025,0c1bFE2357DC7BE,2024-12-27,Data Engineering,Books,4,1816.96,created
3026,a73e93FEdF63b19,2025-04-07,T-Shirt,Clothing,2,2656.75,paid
3027,5bF19bff620bD69,2026-04-12,Python Book,Books,5,1597.95,created
3028,8Cf48b6f9CaEAA9,2026-02-21,Keyboard,Electronics,2,2865.81,shipped
3029,EeaF15FfC85C3a8,2026-04-11,Machine Learning,Books,4,1122.18,shipped
3030,65120Ba8f52E7bf,2025-04-01,Sneakers,Clothing,2,1327.74,delivered
3031,BBCFcD3442AfeAb,2024-08-26,Jeans,Clothing,1,1172.09,paid
3032,B1BbBCE5D4FDe14,2024-07-18,Sneakers,Clothing,4,1335.31,created
3033,EE73eFBa28f99DE,2025-03-11,Python Book,Books,1,819.8,created
3034,16DbE46E7C2e599,2025-04-23,Jacket,Clothing,3,190.56,created
3035,0DDCEe2FAAFeeea,2025-10-02,Machine Learning,Books,2,1127.21,created
3036,fc962B11F7f0aD6,2024-10-25,Jeans,Clothing,4,44.53,shipped
3037,FaB49EcF9CbfaAb,2026-01-26,T-Shirt,Clothing,2,1148.8,cancelled
3038,d1CcaEB5E3c0f8f,2025-11-02,Sneakers,Clothing,3,2052.89,created
3039,bee3B728F0ec6dF,2024-11-24,Jeans,Clothing,5,1814.81,paid
3040,E2bF8367E1861cC,2025-12-06,T-Shirt,Clothing,4,2813.99,cancelled
3041,C7C3fA46b8A6bcB,2025-03-01,Monitor,Electronics,2,1624.22,created
3042,64f57cDDf0dDaE8,2026-04-11,Machine Learning,Books,3,926.3,paid
3043,fbbCBBEf0DD4c78,2025-11-09,Headphones,Electronics,1,600.97,cancelled
3044,aFedA84e93CdCD6,2026-04-06,Sneakers,Clothing,2,492.67,paid
3045,4f09ACca3B7c6ff,2025-02-16,SQL Guide,Books,5,132.89,paid
3046,B87A1bCE115324F,2025-11-03,Keyboard,Electronics,4,2987.57,delivered
3047,61aC432ABE8F9Be,2024-08-18,Keyboard,Electronics,4,1443.95,shipped
3048,Ff1DadB3D01e203,2025-09-29,T-Shirt,Clothing,4,1990.99,paid
3049,C6eCCfe1387396E,2025-07-12,Machine Learning,Books,4,1992.69,paid
3050,DEBcc836ba34328,2025-04-18,Headphones,Electronics,2,163.0,cancelled
3051,2B6174DB04e6e3F,2025-08-29,Jeans,Clothing,1,1904.21,cancelled
3052,FbB3b86D54c4aFa,2024-07-15,Jacket,Clothing,5,1042.42,created
3053,198937b4eeFDF8b,2025-08-16,iPhone,Electronics,3,1598.54,cancelled
3054,a4F1ea1a5dFF65d,2025-03-22,Sneakers,Clothing,1,745.67,cancelled
3055,8fd16D77b70C4b0,2025-02-22,SQL Guide,Books,4,608.88,shipped
3056,f6B7BFA812D7c3D,2026-03-30,Python Book,Books,4,1337.34,paid
3057,B4b640A7d1aE26C,2025-12-02,Python Book,Books,4,1757.66,paid
3058,72A3CF8f25a6636,2025-04-01,iPhone,Electronics,3,2206.64,cancelled
3059,2d5f690f928eC11,2024-05-30,Laptop,Electronics,4,2568.58,delivered
3060,aDe650FC3eB587D,2025-10-03,Jacket,Clothing,4,1936.58,delivered
3061,39bEBe851Bc23AE,2025-03-06,Monitor,Electronics,1,212.74,created
3062,7bCEeFB60afcAfe,2026-05-07,Python Book,Books,4,1102.1,shipped
3063,DfaF2CbCdD3Ca4c,2026-02-28,Jacket,Clothing,4,14.46,cancelled
3064,2b05a6f4B9ca468,2025-04-06,Python Book,Books,4,2084.4,paid
3065,63663Aa0CAdabec,2025-09-01,T-Shirt,Clothing,2,1719.32,delivered
3066,d79f74e3bA0fa91,2024-12-22,Monitor,Electronics,2,809.7,cancelled
3067,5C976CF15bb4D92,2025-02-23,SQL Guide,Books,1,2508.36,shipped
3068,A0b17f8bEDcDff5,2024-11-28,Machine Learning,Books,4,1833.35,delivered
3069,cd7D1e8deFe557d,2026-04-23,Keyboard,Electronics,5,1055.17,delivered
3070,9A0cD57FD382919,2024-07-18,Headphones,Electronics,3,2826.33,delivered
3071,3d6e9ce6a57D6bf,2025-10-21,Keyboard,Electronics,1,1399.23,created
3072,FBbdB5DedBdDc5a,2025-05-31,Machine Learning,Books,3,2218.55,shipped
3073,5fFdefd7eB80dC6,2026-04-02,Monitor,Electronics,1,2565.78,cancelled
3074,3C6fc55136fD1ae,2025-05-11,Jacket,Clothing,1,2554.66,shipped
3075,Ebd174Fa4B524eE,2025-02-09,Machine Learning,Books,1,2947.18,delivered
3076,c5CF38DEcABdaBd,2025-12-14,T-Shirt,Clothing,3,714.55,shipped
3077,cC2642d865Df485,2025-03-15,SQL Guide,Books,5,514.24,created
3078,5145Cc0d0Af87f7,2025-03-29,SQL Guide,Books,1,2961.34,created
3079,BFbf3d5E61671EC,2024-08-09,Machine Learning,Books,1,443.79,shipped
3080,4Df7A5a8FCBc329,2025-01-18,Keyboard,Electronics,4,2194.1,created
3081,eB1F321c4D24dfC,2026-04-26,Python Book,Books,2,2888.16,delivered
3082,b8218AE4E783eC0,2025-10-28,Machine Learning,Books,3,192.24,shipped
3083,da97C5CDEA68f5c,2025-12-28,Python Book,Books,3,32.0,shipped
3084,D3B7DD5f6FDBCd1,2024-07-05,Python Book,Books,4,1407.0,created
3085,552e7021eAaAd5d,2025-04-18,Jeans,Clothing,3,2596.53,cancelled
3086,f9b8Bf27EBEC27b,2025-05-28,Data Engineering,Books,1,896.79,delivered
3087,F7FEd4edDbccd71,2025-04-15,SQL Guide,Books,4,2513.03,created
3088,ef940162cb03EB1,2025-01-25,Laptop,Electronics,5,237.2,delivered
3089,777D732Ab00Fbcf,2025-01-11,Headphones,Electronics,5,2040.92,paid
3090,1196E1Eb1350b0D,2026-04-17,Data Engineering,Books,5,515.52,created
3091,Edcb3Eb5D4CDAAB,2024-08-13,Monitor,Electronics,2,2602.34,cancelled
3092,2434adE69FF1e91,2026-02-07,Keyboard,Electronics,2,2717.01,created
3093,380Bf8dA41889e9,2025-07-24,Python Book,Books,3,2434.18,paid
3094,6F4CAe8112B8e8d,2025-03-03,Machine Learning,Books,2,2220.5,paid
3095,EFE7B23112c08cE,2025-09-08,T-Shirt,Clothing,4,944.86,shipped
3096,43cBCffAa5aa4Cd,2025-05-28,SQL Guide,Books,3,2545.04,delivered
3097,D7Ef05fEaBeBDa4,2025-07-07,Jacket,Clothing,4,544.1,delivered
3098,4ef05e679f1b4F3,2025-02-15,Headphones,Electronics,4,2122.69,delivered
3099,4F7282FfbCd46Ee,2025-02-25,Headphones,Electronics,1,317.75,created
3100,40e097CEfE3C043,2025-07-31,Python Book,Books,4,2582.54,delivered
3101,9B0cBbcBb2fB068,2025-02-22,Laptop,Electronics,5,498.74,cancelled
3102,8bDb19b8bd34EFD,2025-05-05,Sneakers,Clothing,4,1983.43,cancelled
3103,BC4EB3b0010b1b7,2025-03-02,Laptop,Electronics,3,2968.73,cancelled
3104,327D6F6E2D30C9E,2024-12-28,T-Shirt,Clothing,3,2066.56,paid
3105,2fc188bD84FeED1,2025-01-25,Machine Learning,Books,2,1822.59,delivered
3106,DFE6dfb648B6029,2025-11-08,Machine Learning,Books,2,384.63,created
3107,d2185B4B8B534F6,2025-02-11,Jacket,Clothing,4,2480.16,cancelled
3108,3bcdA3277f71995,2024-05-24,Sneakers,Clothing,4,2480.25,delivered
3109,0501FF323Bc19dE,2024-05-24,Jeans,Clothing,2,469.32,created
3110,BE0BbB08ad519ce,2025-04-04,Laptop,Electronics,1,2139.16,created
3111,6577b7C5721CBeE,2025-03-07,Jeans,Clothing,1,2455.77,paid
3112,c1AFE8F16550097,2026-02-17,T-Shirt,Clothing,3,1433.54,paid
3113,4daE05AA997aaBD,2024-11-28,Jacket,Clothing,1,1447.81,delivered
3114,fb026cd40FCff12,2025-11-27,iPhone,Electronics,4,1608.21,shipped
3115,f20fCA7EFBcc8a0,2026-02-05,Keyboard,Electronics,3,703.97,delivered
3116,F5B5baBB2CcE9d5,2024-12-03,Python Book,Books,3,984.77,cancelled
3117,B1Ab2B1a674f1CC,2025-07-10,Headphones,Electronics,2,1238.37,shipped
3118,BE78BacAC03F9fC,2025-06-02,Data Engineering,Books,3,33.79,cancelled
3119,bA047f78A19d3Db,2026-05-08,Data Engineering,Books,1,2826.7,shipped
3120,37aEDBDFdf3CC3B,2025-06-20,Monitor,Electronics,5,2737.26,shipped
3121,6cC4b5eB0c3bCba,2025-09-11,Sneakers,Clothing,5,178.02,created
3122,09da63f8f2b9b3e,2026-03-26,Data Engineering,Books,3,2696.27,cancelled
3123,6aD772dDdBfDFb3,2024-12-03,Keyboard,Electronics,5,2312.6,cancelled
3124,4E6Ef32925C16ac,2025-01-27,Laptop,Electronics,5,504.21,paid
3125,566d0C0f7423F2c,2026-02-02,Python Book,Books,3,2119.01,delivered
3126,A43c3e4f8c529a1,2025-10-28,Python Book,Books,1,1035.88,cancelled
3127,428E737ee3F6DDB,2026-01-15,T-Shirt,Clothing,4,2166.04,created
3128,decF7fb2f863CB8,2025-08-23,Jeans,Clothing,5,666.42,cancelled
3129,CfbB2A36ac320b6,2025-09-19,Data Engineering,Books,5,1293.04,shipped
3130,5BbbcDC57d34d4d,2025-08-01,Keyboard,Electronics,1,1397.05,delivered
3131,067A924eAE8f0db,2024-10-28,Data Engineering,Books,5,1283.52,shipped
3132,0AF56f9c8ed1667,2024-11-04,Jeans,Clothing,1,1726.7,delivered
3133,B4E944C9A74d388,2025-03-13,SQL Guide,Books,4,11.2,cancelled
3134,cD1cBFbaf97b314,2025-03-07,iPhone,Electronics,3,538.81,delivered
3135,AFA280ffe2a4D4b,2025-08-29,Python Book,Books,4,2146.6,created
3136,105A22A1da5c5e9,2024-05-13,Data Engineering,Books,2,1900.28,cancelled
3137,CADf48bA6D18455,2024-06-21,Python Book,Books,1,2261.15,created
3138,04000ded70aAaEa,2025-06-11,Machine Learning,Books,3,556.85,cancelled
3139,0Ed1A0AB0eFcCab,2026-03-20,Sneakers,Clothing,5,564.02,paid
3140,4DDcE4B0c3dDa2B,2024-10-26,SQL Guide,Books,2,427.61,shipped
3141,F2fd02dfFD95760,2024-09-01,Monitor,Electronics,5,556.56,cancelled
3142,A11efDd74A6E432,2024-07-28,Data Engineering,Books,3,681.83,delivered
3143,a02F4bDaf820bA8,2025-09-09,Monitor,Electronics,2,1051.64,paid
3144,CDb25c609678bAB,2025-07-09,Sneakers,Clothing,2,2164.41,paid
3145,5E4DDDe8fB5d34e,2025-09-02,iPhone,Electronics,5,2908.76,delivered
3146,AE5d1de2D713B97,2024-05-24,Python Book,Books,3,139.12,paid
3147,Cf19AfeADFfb6C5,2024-09-07,iPhone,Electronics,4,139.4,created
3148,A54AD219E2fF40f,2026-01-01,Sneakers,Clothing,1,2562.44,delivered
3149,E583f90bE4C07c6,2024-12-20,Keyboard,Electronics,3,671.81,shipped
3150,bCCaeCbFB1787De,2024-07-27,Jacket,Clothing,2,2308.23,paid
3151,31dFA95eccba173,2025-08-04,Data Engineering,Books,4,803.64,delivered
3152,cbFdacC9EEFfAB0,2024-09-22,Machine Learning,Books,5,2569.66,delivered
3153,B313eCEa5d24dE4,2025-01-09,T-Shirt,Clothing,2,733.31,created
3154,F50DA5c7c4bFDDF,2024-09-03,Data Engineering,Books,1,1320.37,created
3155,BF213E9fAE25D7f,2024-07-27,Monitor,Electronics,2,2723.85,paid
3156,dBba12AdaFaD64e,2024-09-05,Jeans,Clothing,4,2861.34,paid
3157,cAe0DA4dc4dfde7,2026-02-20,Data Engineering,Books,3,1494.78,shipped
3158,559Cb3F7beF0f99,2024-10-28,Keyboard,Electronics,2,1297.56,delivered
3159,84f0C5ec034bbAd,2024-07-29,Laptop,Electronics,3,1235.97,cancelled
3160,bF4A413eBD3C1d3,2025-09-30,Python Book,Books,5,419.23,shipped
3161,B45EeBf84eC8e1C,2025-02-24,Sneakers,Clothing,4,1308.25,created
3162,EBBBd83DEC99D6F,2025-04-10,Monitor,Electronics,2,342.0,delivered
3163,df6cdec3FdD9Aa5,2025-09-14,Jacket,Clothing,4,705.69,shipped
3164,B2e02DCECa4DCa2,2026-04-19,SQL Guide,Books,5,1478.45,delivered
3165,b55dF4d8FbbFC63,2024-11-21,Keyboard,Electronics,3,2411.09,created
3166,6eD7932D7FDdbbB,2026-01-23,Jacket,Clothing,5,200.68,shipped
3167,4307DA599ECD0D9,2024-06-04,Jeans,Clothing,5,2907.86,paid
3168,22BfD6F659FA1cC,2025-06-09,SQL Guide,Books,5,2958.08,delivered
3169,15E44cCc41BD5fe,2026-04-20,Headphones,Electronics,5,801.41,shipped
3170,705Ed3626FAffdd,2024-05-29,Headphones,Electronics,1,484.83,paid
3171,dAeb181Ba6305f5,2026-02-01,Python Book,Books,2,231.33,delivered
3172,F7EF52Be0ABd42E,2024-08-13,Laptop,Electronics,4,840.87,created
3173,65D88ae93f7e599,2024-10-26,Monitor,Electronics,2,2812.24,delivered
3174,87EF54131e922C3,2026-02-20,Machine Learning,Books,1,763.22,paid
3175,bDA1d3747bDF7bD,2024-07-31,T-Shirt,Clothing,5,2065.2,delivered
3176,F0c2be0b3FdC0Ad,2024-10-08,Jeans,Clothing,4,2398.1,cancelled
3177,bf9B5a75DF48bd1,2024-12-31,Python Book,Books,3,2662.13,cancelled
3178,37DBBb4e33e17BE,2026-03-22,Keyboard,Electronics,4,814.11,cancelled
3179,1443013bFDD7c98,2025-09-04,Jeans,Clothing,1,661.95,delivered
3180,fFbCDfceF9f8fD8,2026-01-31,Headphones,Electronics,5,2250.71,paid
3181,d75CDf7Ee595937,2024-10-07,Laptop,Electronics,1,560.26,created
3182,A3b549b8d3efCBc,2024-05-08,Data Engineering,Books,5,1829.49,shipped
3183,b86d2AFb1FbFdd9,2025-09-10,Monitor,Electronics,2,443.77,shipped
3184,DDe1fB7fc3A92aF,2025-11-28,Sneakers,Clothing,3,928.85,cancelled
3185,c6bB8BDD94f0F2E,2025-09-27,SQL Guide,Books,1,1738.68,delivered
3186,66b29c6ab865ce7,2025-12-22,Headphones,Electronics,4,2916.15,delivered
3187,4cc892a0ae3E7BC,2026-01-11,Monitor,Electronics,3,2783.27,shipped
3188,3F00cF05A369ffa,2026-05-07,Machine Learning,Books,3,2862.12,cancelled
3189,Ff5AaF0d0a9C23b,2025-02-23,Jacket,Clothing,2,216.78,cancelled
3190,272bB0ab83A3fF4,2025-06-10,Monitor,Electronics,5,1468.01,cancelled
3191,fD8A0E47765f030,2025-02-17,Data Engineering,Books,5,2918.73,shipped
3192,13e22AacAb7C5af,2024-11-06,Jacket,Clothing,5,1000.97,shipped
3193,810ADd6EE4d50b5,2025-02-10,SQL Guide,Books,5,2041.62,shipped
3194,8111073ACACddcb,2024-06-22,Python Book,Books,3,2439.94,paid
3195,ca425AEfaD64Af5,2024-11-03,Machine Learning,Books,5,144.94,paid
3196,e12Ca2Eb70Dd31a,2026-02-16,Keyboard,Electronics,4,622.25,shipped
3197,15bb0bcAf32AcBd,2024-06-27,Headphones,Electronics,1,908.55,shipped
3198,31a109ba7C2a5eb,2026-05-07,SQL Guide,Books,3,2855.72,delivered
3199,d4834Ae2D8bACc7,2026-05-05,Jeans,Clothing,4,1694.87,shipped
3200,DBC6df195ce1AEA,2025-05-28,SQL Guide,Books,5,1522.21,paid
3201,77A7f78abbcc601,2024-08-02,Sneakers,Clothing,2,2399.47,delivered
3202,5F9bc97aAC527Be,2025-07-31,Jacket,Clothing,2,1955.91,created
3203,60e11EC565f8d82,2025-02-11,Sneakers,Clothing,2,1065.66,cancelled
3204,3ba4dAF9fb9fbec,2025-06-28,iPhone,Electronics,2,1199.89,paid
3205,71fd4Ec571F9fC1,2025-06-11,SQL Guide,Books,5,265.0,delivered
3206,f00d8Ff8f9d2222,2025-05-28,Python Book,Books,3,2655.65,shipped
3207,bFB7Ce449C2F7b6,2024-05-27,Jeans,Clothing,1,78.6,created
3208,5baeDDf7BDd9ae5,2024-07-16,Machine Learning,Books,2,324.68,cancelled
3209,faB9eebC7C696d4,2024-08-03,Laptop,Electronics,1,134.03,paid
3210,0a21b7e8A6297B5,2024-08-09,Headphones,Electronics,3,1277.75,shipped
3211,79e16F5EE50F1AD,2025-01-29,Jacket,Clothing,4,1833.31,delivered
3212,a97ECBaDB08Dae7,2025-09-12,SQL Guide,Books,1,1271.17,paid
3213,BdB1F62FEdaf4B2,2025-03-31,Laptop,Electronics,1,86.11,created
3214,affDAb52Eca6738,2024-06-28,Machine Learning,Books,2,1343.2,delivered
3215,FDC4Af26eE50Fda,2024-05-12,Data Engineering,Books,2,2629.39,shipped
3216,f9Cfd1d353C2068,2024-07-15,SQL Guide,Books,4,1267.61,delivered
3217,aD08DCFa5d493F9,2025-01-13,Jacket,Clothing,3,2815.9,shipped
3218,4BBcfB3FbBc4544,2024-07-29,Sneakers,Clothing,1,2299.05,shipped
3219,66ed69803B4ca14,2025-06-19,Machine Learning,Books,3,1542.56,created
3220,E9D0F5Cf66615E9,2026-05-03,Monitor,Electronics,5,423.37,shipped
3221,a0FC6AB1b4EBa1F,2026-01-14,Data Engineering,Books,1,1415.45,shipped
3222,ccB500BCEB4166f,2025-10-23,SQL Guide,Books,4,2654.43,shipped
3223,E28349Fe93B5fE1,2024-10-06,Keyboard,Electronics,1,2369.34,cancelled
3224,34852aA7dE9faEb,2025-09-24,Keyboard,Electronics,4,2884.46,created
3225,9D9Af7f7883AaF4,2024-08-04,SQL Guide,Books,3,1391.6,created
3226,bB79f8AB83bc3f8,2025-07-16,Sneakers,Clothing,5,2311.38,created
3227,CE0ccC2f9A64D2b,2025-05-06,Machine Learning,Books,5,1012.41,delivered
3228,DbD03547A753E24,2025-10-29,Jacket,Clothing,1,1798.43,shipped
3229,AFDfFE7CAdE810A,2025-09-30,Python Book,Books,4,2789.71,shipped
3230,a44827aE65daE4B,2025-04-16,SQL Guide,Books,2,1234.86,cancelled
3231,07B5F8de52d6ea6,2025-12-26,Laptop,Electronics,4,535.82,cancelled
3232,11E6E8ecf3AF508,2026-02-28,iPhone,Electronics,2,2491.41,created
3233,1277eEae7E9Bd6A,2024-06-22,Jeans,Clothing,4,79.04,cancelled
3234,315E7262E6de2c4,2024-05-19,Data Engineering,Books,3,371.96,paid
3235,c7a8aD2ced646A7,2025-11-23,Headphones,Electronics,5,751.76,cancelled
3236,C81f5DA996aAce1,2024-12-05,Python Book,Books,1,834.64,delivered
3237,AB38aD5bBE59EdC,2025-06-04,Monitor,Electronics,3,1003.94,created
3238,094315DEd6C2bBE,2025-08-19,Machine Learning,Books,1,2902.33,shipped
3239,cD317a48bEaaefD,2024-08-10,Data Engineering,Books,5,350.29,created
3240,dFad87d2e5f67cf,2024-06-02,SQL Guide,Books,5,1154.66,cancelled
3241,49d49Fd91b6C582,2025-09-07,Jeans,Clothing,3,1981.04,created
3242,Fc3171AFf165838,2026-04-28,Data Engineering,Books,3,176.51,shipped
3243,02FFb61a4CE31dE,2025-01-25,Data Engineering,Books,1,2797.86,shipped
3244,7C232Ae2C0F68a7,2024-05-22,Jacket,Clothing,4,1580.45,paid
3245,0CcFBEeeCbbA4DE,2026-03-03,Python Book,Books,3,1736.1,created
3246,58A3cFF6BE56eAF,2025-02-16,Jeans,Clothing,4,2247.96,delivered
3247,2c0BAfeBBDC5E0B,2026-01-07,Python Book,Books,3,2739.04,paid
3248,7eaAd846eEAEe9D,2024-05-09,SQL Guide,Books,4,1686.8,delivered
3249,a51De3fB8b056Ca,2024-07-31,Python Book,Books,2,124.98,created
3250,17FfCAE5c0A09F7,2024-11-12,Machine Learning,Books,4,1741.01,paid
3251,DAfFAF9590be5ce,2025-12-27,T-Shirt,Clothing,4,1479.87,created
3252,88347CCaB6fBFDf,2024-11-14,T-Shirt,Clothing,3,1259.89,created
3253,B2eC04a580f17cF,2025-03-11,iPhone,Electronics,4,1021.52,shipped
3254,8445d7a1ff87f12,2026-01-02,Headphones,Electronics,1,414.3,paid
3255,cbD9aeD03889C98,2025-10-18,Laptop,Electronics,2,56.75,shipped
3256,aF19DEC119C6ab9,2024-10-28,T-Shirt,Clothing,4,2007.29,paid
3257,fab8e69CEEf1aF5,2026-03-13,Keyboard,Electronics,2,1828.94,delivered
3258,af8C6d5DB6CD10c,2024-05-12,Sneakers,Clothing,5,2022.61,cancelled
3259,21F6dDEca3acF2C,2024-11-07,iPhone,Electronics,1,601.35,delivered
3260,a3Cf02BFb36CacA,2025-03-01,Machine Learning,Books,3,740.47,paid
3261,0a81aD2b72CfcB7,2024-05-08,Keyboard,Electronics,5,2366.98,shipped
3262,9aD6eb35dDc7eb3,2025-11-08,Machine Learning,Books,4,312.04,paid
3263,2F486C01c5c6F2D,2024-09-21,SQL Guide,Books,4,780.08,shipped
3264,aBbaC5d4eC8859D,2025-08-07,SQL Guide,Books,2,214.57,cancelled
3265,Dd4C759b78B8F78,2024-06-09,Monitor,Electronics,1,1187.49,cancelled
3266,95263f439eAF376,2025-07-30,T-Shirt,Clothing,5,835.77,delivered
3267,25A91106d6A42c7,2025-04-18,Monitor,Electronics,2,118.09,delivered
3268,Abd4ee97eD11600,2025-06-23,Sneakers,Clothing,1,807.06,paid
3269,a3dBA8d21810c34,2025-01-11,SQL Guide,Books,3,2977.52,shipped
3270,7c933F3d28EDCb1,2026-01-25,Monitor,Electronics,4,2251.23,cancelled
3271,5badb29BDf608ef,2026-04-08,Headphones,Electronics,5,1235.75,paid
3272,916B9Fcd8B1Bf6E,2025-03-25,SQL Guide,Books,5,2626.28,delivered
3273,FAbA2982bCAAD0B,2025-04-13,Laptop,Electronics,4,2459.46,shipped
3274,5C074ed02469Def,2025-08-01,Python Book,Books,3,2612.37,created
3275,3c3b8bF0d5dE65E,2025-11-23,Jeans,Clothing,5,1810.09,shipped
3276,C75501f34320be0,2025-06-20,Sneakers,Clothing,2,2137.06,delivered
3277,be3bd5182ea5BfC,2026-02-09,SQL Guide,Books,5,884.47,created
3278,DaC58bBEc1ee34f,2025-06-15,Laptop,Electronics,4,553.41,cancelled
3279,238dC6BfDEDd32E,2025-08-30,Machine Learning,Books,4,2041.51,delivered
3280,EA2Dc452cE8feb7,2024-09-07,Headphones,Electronics,2,716.47,paid
3281,39fFCc02acb18d5,2025-04-06,SQL Guide,Books,2,2025.62,created
3282,fd1a3f13f1Bc7d4,2024-10-06,Jeans,Clothing,4,2458.36,shipped
3283,10d1199BACeC620,2025-03-21,Headphones,Electronics,1,1169.32,paid
3284,2D9F69fdDD9c93C,2024-09-26,Jeans,Clothing,3,2648.09,delivered
3285,D76E2CEDBa43E5B,2025-01-11,Monitor,Electronics,5,1241.58,shipped
3286,Add3Cc68A39b923,2025-09-03,Data Engineering,Books,2,2428.28,delivered
3287,Ac8876CDCe42aFF,2024-06-15,Jeans,Clothing,1,1332.88,delivered
3288,cC8D72D6bBDe093,2024-09-12,Jacket,Clothing,3,2368.31,created
3289,c300C3C96F0BFAD,2024-10-12,SQL Guide,Books,5,658.66,paid
3290,7F17dC99ADB055D,2024-08-08,T-Shirt,Clothing,3,1914.09,created
3291,7Dca5cbD419c7ec,2024-09-03,SQL Guide,Books,5,1214.53,shipped
3292,Aa3e1BFA1A7F7CD,2025-01-03,SQL Guide,Books,5,2360.46,created
3293,6C75e72bE11d156,2025-03-04,Sneakers,Clothing,1,1764.24,shipped
3294,B98DEb8d15F7ffD,2025-01-20,Python Book,Books,5,375.08,paid
3295,8151BC3d3cd10aA,2025-12-05,Sneakers,Clothing,3,2514.63,delivered
3296,847bFF8FA17cEf0,2024-07-11,Jacket,Clothing,5,1856.64,paid
3297,05b5D097DBA4bEF,2024-12-13,Jacket,Clothing,4,2187.22,created
3298,bB01FB48d57Dc20,2025-06-26,Sneakers,Clothing,5,1093.67,created
3299,BCE2bb538a5a1Aa,2024-05-25,SQL Guide,Books,5,2398.97,delivered
3300,B87bE2DcEbb408b,2024-10-26,iPhone,Electronics,2,2654.73,cancelled
3301,87Bc30CE1A8b8a6,2025-09-12,Machine Learning,Books,1,1544.95,cancelled
3302,B7B7D8Dd8EBeCEc,2024-07-20,Keyboard,Electronics,2,251.0,cancelled
3303,ece6561DDADF3D1,2025-07-26,Machine Learning,Books,4,1383.46,delivered
3304,b63eE6Fe17e45bf,2024-12-29,SQL Guide,Books,5,35.06,delivered
3305,57fDC3cCc11da6C,2024-05-13,Laptop,Electronics,4,2674.56,paid
3306,9f4aebeA7baAA51,2025-04-07,T-Shirt,Clothing,2,711.53,paid
3307,D9d0C583C21e89b,2025-10-19,Jacket,Clothing,2,1242.03,cancelled
3308,8041f2873d493C3,2025-02-13,Headphones,Electronics,1,2880.92,delivered
3309,993Be56Bf07b8a4,2024-08-02,T-Shirt,Clothing,2,1509.52,created
3310,768eB5BfBC3EFE2,2025-11-06,Sneakers,Clothing,5,804.69,delivered
3311,30BEeFa14FBfFfc,2026-03-23,Monitor,Electronics,2,587.08,shipped
3312,f5E064dBEAf477e,2025-08-30,SQL Guide,Books,3,1848.69,created
3313,5bf3F9bbD9c558F,2025-03-03,Jacket,Clothing,3,1520.7,created
3314,Eb07CFdC77a91bb,2024-08-10,Jeans,Clothing,2,2004.95,cancelled
3315,7659FdF50ee98E3,2025-08-18,Headphones,Electronics,4,2272.25,created
3316,AdA8De15A4D33F0,2025-06-12,Data Engineering,Books,1,845.33,shipped
3317,eD4fc0FE46d8b9E,2026-04-15,Jeans,Clothing,2,2348.42,cancelled
3318,9ecB1b73225D33F,2024-07-07,Python Book,Books,3,1302.23,paid
3319,e0CEcbe0E02Bfa7,2025-08-22,Monitor,Electronics,3,2813.75,cancelled
3320,5B7fb074Aecd369,2024-10-14,Monitor,Electronics,3,85.11,cancelled
3321,cab64edd1fA0C80,2024-12-18,SQL Guide,Books,1,2721.49,created
3322,0eecdEEc05b5c2c,2026-02-17,Monitor,Electronics,1,380.27,cancelled
3323,d999a2c6D405Ba6,2025-01-02,Jeans,Clothing,1,1125.93,delivered
3324,04aDf7D26b5a60a,2025-07-01,Keyboard,Electronics,5,2127.69,created
3325,980Ed3e305AF259,2025-07-03,Python Book,Books,3,1134.96,created
3326,9e9aAfE3D6DfE2A,2024-10-06,Data Engineering,Books,5,1293.82,created
3327,eB6F1EAaA07b864,2024-10-23,Monitor,Electronics,5,2854.76,cancelled
3328,9F4cE44D44d9409,2024-10-14,Laptop,Electronics,3,744.67,cancelled
3329,825d752EB1eAA7B,2024-08-24,Data Engineering,Books,1,114.42,delivered
3330,AbB49ceffBEbedc,2025-03-20,SQL Guide,Books,3,98.08,paid
3331,Af67fEBd782BfF0,2024-10-13,SQL Guide,Books,4,372.71,created
3332,aB51Cbb3cA04fd2,2025-08-03,Keyboard,Electronics,3,2598.24,cancelled
3333,1Bcb28A2b1Baf9D,2025-08-27,Data Engineering,Books,3,2923.4,paid
3334,8bdbb09AFb49c52,2025-09-19,Data Engineering,Books,4,2551.66,delivered
3335,EDFF8BeCEF7438b,2024-09-07,Sneakers,Clothing,3,2123.5,cancelled
3336,B431F1fa9B826CD,2025-12-11,Jeans,Clothing,5,602.91,created
3337,1AB0Ca72adf9bba,2024-12-05,Keyboard,Electronics,1,228.75,paid
3338,5A4F92ba57650bC,2024-09-13,Keyboard,Electronics,1,1670.86,shipped
3339,84BBaf2b4Bd0d9B,2025-06-18,Jeans,Clothing,3,2161.7,paid
3340,50D4addafBbf2Ec,2026-04-23,Laptop,Electronics,3,2517.78,delivered
3341,77dFad2dc97F6F1,2025-09-06,Python Book,Books,5,2975.95,cancelled
3342,7dB0BA100BDA9Ae,2025-08-22,Laptop,Electronics,3,1578.15,shipped
3343,A44B0b43FfeB447,2025-11-02,Jeans,Clothing,5,2292.02,delivered
3344,aD5Caefe5715823,2025-05-11,T-Shirt,Clothing,1,2814.37,created
3345,Bdab2128EdCB3Bf,2025-09-17,Sneakers,Clothing,5,1608.48,paid
3346,e11BDCFD59aE9E2,2025-07-26,Monitor,Electronics,5,528.5,cancelled
3347,2B2cdaeBC8A776b,2024-05-24,iPhone,Electronics,4,507.29,shipped
3348,abA9bf679AbDd60,2024-07-21,Laptop,Electronics,5,2245.11,shipped
3349,2c2dB47abCc20ee,2025-10-27,Machine Learning,Books,3,983.08,shipped
3350,4EEBb9cBf411DEA,2024-05-21,Headphones,Electronics,5,2793.97,created
3351,eeaA4a9BCdED5a2,2025-11-23,Python Book,Books,3,1325.03,shipped
3352,e8A0fe50e0cceEE,2025-12-21,Python Book,Books,3,1453.44,delivered
3353,e11FabE8C4Da3Fe,2025-10-14,Monitor,Electronics,5,1949.12,delivered
3354,84Ff707ecA67cD0,2026-04-11,Data Engineering,Books,2,246.71,shipped
3355,36cCd33dB40b7dE,2025-03-20,Headphones,Electronics,2,482.7,shipped
3356,D3F4abdD2De2B06,2025-09-26,SQL Guide,Books,5,1424.1,delivered
3357,DFC6aAa8Efdbd6F,2024-10-21,Keyboard,Electronics,4,2106.92,delivered
3358,ACbd68dc2FcddAa,2024-10-10,T-Shirt,Clothing,1,1818.12,paid
3359,ACaD2537237BfEd,2025-04-22,Jacket,Clothing,3,1934.52,created
3360,Bf7D58aff1a0D2B,2025-02-09,Python Book,Books,4,2307.83,delivered
3361,6a4223BbCdc03f0,2025-05-26,Jacket,Clothing,1,23.75,cancelled
3362,D4FeF1afCBDA0Db,2024-10-24,Python Book,Books,4,2393.62,cancelled
3363,ecB4eb3e89BbEd9,2025-01-26,Headphones,Electronics,2,1486.08,created
3364,274Ecaa6C55abEe,2025-06-26,T-Shirt,Clothing,2,447.62,paid
3365,aAB67B966F1754f,2025-04-14,T-Shirt,Clothing,4,1205.08,created
3366,b56c11DAdAD187B,2026-04-01,Laptop,Electronics,2,1134.54,created
3367,Fe2E6bc0F3aB15f,2024-10-23,Sneakers,Clothing,1,1989.14,shipped
3368,Caf1f11C9a71BEC,2024-12-16,Data Engineering,Books,1,630.08,shipped
3369,f4B9fadEbCf3f04,2025-12-20,T-Shirt,Clothing,5,1099.15,paid
3370,Af592c4E54E77Ae,2024-07-24,Machine Learning,Books,1,893.74,shipped
3371,6a0f321dEa1c5a9,2026-01-31,Machine Learning,Books,1,2555.73,paid
3372,c8dA0DFFAe25450,2025-02-25,Headphones,Electronics,5,1872.91,paid
3373,B5ffdf0Ab3b0177,2025-11-19,Laptop,Electronics,3,422.2,delivered
3374,e3Af88adbe0F3E6,2024-08-31,Jeans,Clothing,2,311.92,shipped
3375,1534eDD2D0f873C,2025-11-28,Sneakers,Clothing,4,1956.87,delivered
3376,b3F37b56aBcfE9E,2025-01-20,T-Shirt,Clothing,3,1118.6,paid
3377,9F1aA38D18ad2DF,2025-12-07,Headphones,Electronics,5,1480.19,shipped
3378,dAa0F72b3FcEe9D,2024-09-16,Monitor,Electronics,5,2314.08,delivered
3379,2C9e3E5bEabEc8b,2025-03-08,T-Shirt,Clothing,2,1906.84,shipped
3380,0C73aFF4d7C9CD2,2024-10-12,iPhone,Electronics,5,844.88,paid
3381,51BdD2C752B0DE4,2024-11-11,Headphones,Electronics,4,1680.71,created
3382,D75091bD0AdFAdd,2025-08-19,Keyboard,Electronics,1,1025.36,shipped
3383,E8E8f216db91EeA,2025-01-27,Monitor,Electronics,4,1784.15,cancelled
3384,dC08EFdEee7fbD7,2025-11-17,Jeans,Clothing,4,2912.99,shipped
3385,Cd6c830cAaBA3aa,2025-03-18,Keyboard,Electronics,1,2579.16,cancelled
3386,eF660480a8Abd56,2024-09-01,Laptop,Electronics,4,1809.64,paid
3387,A2028BD04cD65f8,2025-08-08,Laptop,Electronics,1,424.94,cancelled
3388,DcFa2E8C0Efee2C,2024-07-30,Jeans,Clothing,3,1840.01,delivered
3389,e77faC30Fb19Bbe,2026-04-19,Python Book,Books,2,151.5,created
3390,F89b11bd6EEeDFb,2026-02-16,Sneakers,Clothing,1,694.88,shipped
3391,8c85d7Bb463eb2e,2025-02-13,iPhone,Electronics,5,1884.95,shipped
3392,81e7cBaA3bea9C8,2024-05-17,Sneakers,Clothing,1,311.31,paid
3393,9Db2bE31BBf1EeF,2026-05-07,Keyboard,Electronics,4,322.04,cancelled
3394,29BCb759b9fCf8C,2024-10-02,Python Book,Books,4,1480.18,cancelled
3395,f896B3cA955AcfD,2025-06-12,Keyboard,Electronics,1,1074.24,paid
3396,B097BE5eFDdD8ec,2025-08-02,Keyboard,Electronics,3,523.53,delivered
3397,fC6a58B7AFFDcFd,2024-11-18,Jeans,Clothing,4,407.92,delivered
3398,Ea6ACb44D3C3c55,2026-03-01,Keyboard,Electronics,2,1162.1,shipped
3399,AFa5fEf9d6bbA0B,2024-10-22,Keyboard,Electronics,1,2439.76,paid
3400,Df684AAfE538B8c,2025-03-09,Python Book,Books,1,1316.67,delivered
3401,C7BF62481E59FF3,2025-09-08,iPhone,Electronics,1,880.53,cancelled
3402,bDf5dCCFf2500a2,2024-09-17,Sneakers,Clothing,3,2156.38,delivered
3403,2cf85D124bcA16c,2025-02-10,Headphones,Electronics,2,1274.63,delivered
3404,CDD31f5f209cceE,2025-12-11,Data Engineering,Books,5,50.57,paid
3405,09DB0bDedb1deF0,2025-01-31,Headphones,Electronics,2,2484.8,paid
3406,C9d50ea5c1eb4ee,2025-09-27,Data Engineering,Books,5,1501.93,paid
3407,082f3f84eb2147B,2024-08-28,Machine Learning,Books,5,1792.46,cancelled
3408,3B02DCC6DAB9B7A,2024-12-03,Headphones,Electronics,2,1846.14,created
3409,CAeaA418Da0DcAe,2025-06-13,SQL Guide,Books,4,384.87,delivered
3410,72C9f5DF349D8fd,2024-06-13,Data Engineering,Books,5,1065.96,shipped
3411,c7B9ddCDB8Dba0F,2025-11-18,T-Shirt,Clothing,4,1610.89,shipped
3412,CA287fFFC8b54Ac,2025-10-19,Machine Learning,Books,1,963.81,created
3413,197FAddf0eFFfca,2025-03-09,Monitor,Electronics,3,553.32,cancelled
3414,8D1668c68Fc18d7,2026-01-28,Monitor,Electronics,3,2478.66,paid
3415,6520c88FF271a5b,2025-12-04,SQL Guide,Books,5,18.07,paid
3416,Aef68dF2BebA49E,2024-11-25,Python Book,Books,2,1374.58,shipped
3417,93C6Ca359DF9f1F,2025-08-08,T-Shirt,Clothing,4,1232.83,delivered
3418,dDa4Ac9ABFf40be,2024-05-31,Python Book,Books,2,1781.35,delivered
3419,a7cE8952BBaFAcE,2024-08-06,Monitor,Electronics,2,1813.24,cancelled
3420,3e5f288F0AbeDdC,2026-04-19,Jacket,Clothing,5,1031.31,paid
3421,0a3a3F379dcF5de,2025-01-14,Python Book,Books,3,2450.06,cancelled
3422,dD9DB8A96dD8B59,2026-02-25,Headphones,Electronics,1,23.9,paid
3423,E7BFaf4cbbF0cc5,2025-02-25,SQL Guide,Books,1,1454.31,delivered
3424,B6DDdA4EaeadfDd,2025-09-14,Python Book,Books,5,676.8,created
3425,aEf7c5CE271FbBD,2024-07-11,Machine Learning,Books,3,18.12,cancelled
3426,DFB3fFc2dCfcbfD,2025-10-29,Python Book,Books,3,971.35,paid
3427,7dF062F02016584,2024-06-01,Keyboard,Electronics,4,2875.52,shipped
3428,4DDa9DA90D524Fb,2025-03-08,Machine Learning,Books,2,1276.75,shipped
3429,c54c09Ffd950cdb,2025-09-26,Jeans,Clothing,5,2422.84,paid
3430,bEfDdF4d753A5a4,2025-12-02,Data Engineering,Books,4,1348.12,shipped
3431,E3FB8BFF1a0D5dE,2024-12-15,Python Book,Books,4,781.41,delivered
3432,ec03faD4b4E1d7D,2026-03-04,T-Shirt,Clothing,3,2911.25,delivered
3433,bd4d90dfa7a6f01,2025-11-19,Data Engineering,Books,2,2470.09,delivered
3434,dBF0DA92a48c28B,2025-08-03,Python Book,Books,4,180.8,delivered
3435,c1FDcFa5B003b77,2024-08-25,Python Book,Books,4,2416.01,shipped
3436,8F5fF61ACDbdF2C,2025-03-22,Monitor,Electronics,5,2915.27,paid
3437,6CdDD37dDCeFc16,2024-10-07,SQL Guide,Books,2,1638.83,cancelled
3438,69E5E0A8ee034F8,2025-12-03,Machine Learning,Books,3,18.8,paid
3439,cdeA9ecE6990be8,2025-09-27,SQL Guide,Books,4,326.09,created
3440,665e25665ACE45D,2025-06-13,Machine Learning,Books,1,159.1,shipped
3441,5A3ac549fadaed2,2025-10-06,T-Shirt,Clothing,2,2506.8,paid
3442,829f7895addddEe,2025-12-24,Jeans,Clothing,5,74.8,cancelled
3443,499aA834cE25ca6,2025-03-10,iPhone,Electronics,4,533.61,paid
3444,0eFEff243E0eAeF,2025-09-18,Sneakers,Clothing,2,2402.3,cancelled
3445,FEae977C299Ce2c,2024-05-21,T-Shirt,Clothing,1,2999.94,paid
3446,Ef3bB6489bdC2B4,2025-01-27,Machine Learning,Books,2,2510.27,delivered
3447,07Fa73bAD2716Cc,2025-01-17,Jacket,Clothing,1,115.94,created
3448,Ac6Bec95A2cf32E,2025-04-15,iPhone,Electronics,3,2444.37,shipped
3449,ce848DFFF90C7B0,2024-07-20,Data Engineering,Books,1,1403.5,created
3450,9A60e3AD4bb5Abf,2024-08-03,T-Shirt,Clothing,3,2399.84,cancelled
3451,5b22B8F74cCADc9,2025-03-27,Machine Learning,Books,2,2835.52,shipped
3452,5EDefaDbEeBdFA9,2025-06-26,Keyboard,Electronics,4,335.43,created
3453,EC7E77e7f757eAE,2025-11-04,Monitor,Electronics,4,1487.14,paid
3454,Cff222fBAB06A1a,2024-10-13,Machine Learning,Books,3,1714.78,delivered
3455,a2Ea6Dd80D6FE25,2025-11-15,Keyboard,Electronics,3,59.84,created
3456,02e53BDC6a87F9d,2025-04-10,iPhone,Electronics,3,887.63,delivered
3457,dbBdCF9231f3AC9,2025-02-05,Keyboard,Electronics,1,1626.55,paid
3458,AddeFDA38C30cf8,2025-02-23,Laptop,Electronics,3,1952.88,paid
3459,eeAeE0837B65E2B,2026-02-25,Python Book,Books,4,1657.93,created
3460,7b7AfCADa3cDb8a,2025-04-20,SQL Guide,Books,1,1508.62,shipped
3461,BF150DDE6Af5d7D,2026-01-27,T-Shirt,Clothing,1,1033.8,shipped
3462,2ec1B6c5BdE3Bdc,2024-06-14,Keyboard,Electronics,2,1861.49,delivered
3463,b8DcEd6601c8fdb,2026-05-03,Headphones,Electronics,5,2405.72,delivered
3464,67a94f77078f1e5,2024-08-20,T-Shirt,Clothing,2,1981.24,shipped
3465,fff47AE3895d2b9,2026-05-06,SQL Guide,Books,3,615.92,cancelled
3466,d3e5d07dB78EAde,2024-11-28,Monitor,Electronics,5,2510.47,cancelled
3467,8E9cf105B187Ff9,2026-04-08,Machine Learning,Books,1,2559.46,paid
3468,3CdaBd323C45Eb8,2024-10-21,Headphones,Electronics,2,396.52,cancelled
3469,ab68DE49c5d9c92,2025-01-29,Data Engineering,Books,5,242.61,cancelled
3470,9FfF6B00D269d7D,2025-10-12,Machine Learning,Books,3,2265.96,delivered
3471,FA2ae860aA2b0eF,2026-01-04,iPhone,Electronics,3,2105.98,cancelled
3472,2F51FA3bf4CA2E8,2025-07-02,Monitor,Electronics,3,1463.33,delivered
3473,ff1fb383dABe84b,2026-05-02,Data Engineering,Books,2,455.63,paid
3474,0Bf8Ca9626dCd9d,2025-06-10,Laptop,Electronics,1,2336.49,paid
3475,F941af369e1DDdB,2025-04-15,Python Book,Books,2,2152.32,cancelled
3476,682456A1CcdE147,2025-05-05,Python Book,Books,4,1161.06,created
3477,4E85BdadFF08a41,2026-04-22,Keyboard,Electronics,5,2899.07,cancelled
3478,1Ed11bBbd2ea98f,2025-10-08,iPhone,Electronics,4,1156.62,created
3479,d263edba686D8C1,2024-06-26,Laptop,Electronics,5,647.78,paid
3480,a81Bc9ed442a1e4,2024-10-15,T-Shirt,Clothing,4,2797.91,delivered
3481,d1b5deDC81C391D,2024-07-07,T-Shirt,Clothing,5,1242.0,cancelled
3482,1174Ee8FAC03Bf3,2026-03-21,Machine Learning,Books,2,863.85,cancelled
3483,618b7Ed99da57f0,2026-02-02,Laptop,Electronics,4,2506.02,delivered
3484,5ed94E9Cc5B55fb,2025-12-20,Jacket,Clothing,1,1213.72,cancelled
3485,FDb48ae31C92Ae1,2025-05-06,Jacket,Clothing,1,236.67,delivered
3486,D0bF0E8b8984b87,2025-04-29,T-Shirt,Clothing,1,499.04,created
3487,9e61Cfeb5dEA9C8,2026-04-03,Python Book,Books,1,1703.92,cancelled
3488,F1E7E2FBF5B0cF3,2025-07-14,Jacket,Clothing,3,2953.74,created
3489,A5cDdb2D3bacb36,2025-12-09,iPhone,Electronics,2,983.43,shipped
3490,9Cac93CAceF2e70,2025-06-21,Jacket,Clothing,2,1157.96,shipped
3491,10d6bC745A6BF1c,2025-10-08,Machine Learning,Books,4,754.62,paid
3492,82875beCAaAC4a7,2025-07-27,Headphones,Electronics,4,164.77,cancelled
3493,2BCaf01ecFe84fc,2024-07-19,Monitor,Electronics,5,521.92,delivered
3494,bfc96919ae905CA,2024-11-02,Sneakers,Clothing,3,2582.8,delivered
3495,DdBDE211AdCD96e,2025-05-24,Python Book,Books,4,108.56,delivered
3496,f779BD19ebacE99,2025-05-30,Laptop,Electronics,4,2762.89,cancelled
3497,8f23E6BcD7F81bb,2025-04-22,Machine Learning,Books,1,2673.76,paid
3498,DBFBaa157CE85c3,2026-04-27,Jacket,Clothing,4,2283.92,delivered
3499,bDB5f0ab90193c8,2024-06-23,T-Shirt,Clothing,5,257.51,shipped
3500,2aa4A3bb9cb81E2,2025-02-09,iPhone,Electronics,5,642.32,paid
3501,427422A895dFAB7,2025-08-03,Headphones,Electronics,3,1075.47,created
3502,c3Ff7FDf02CeaCb,2026-03-15,Jacket,Clothing,5,1040.48,paid
3503,c8A14c76b4E24E0,2024-12-14,Jeans,Clothing,1,1364.92,cancelled
3504,930DA7F1c5e3BCE,2025-03-12,Machine Learning,Books,1,2056.94,created
3505,d03FE3d7F8fb81e,2026-04-28,Monitor,Electronics,5,156.39,paid
3506,2bd6BbCCeAa4aFa,2024-12-25,Sneakers,Clothing,5,926.33,delivered
3507,f5bf264f7bdc5B9,2025-06-17,Jeans,Clothing,5,924.27,cancelled
3508,83Ad6fA83D4d4af,2025-01-19,Headphones,Electronics,3,2836.34,created
3509,5B2bdC9Fa84CfC9,2025-11-05,iPhone,Electronics,1,21.18,created
3510,b0AafFC095eC0F6,2024-10-27,Monitor,Electronics,5,1541.43,delivered
3511,De57823DFFA3AA2,2025-07-12,Machine Learning,Books,2,1233.5,cancelled
3512,2DA1eEAE68FdBca,2026-04-05,Jacket,Clothing,4,678.08,shipped
3513,Bdb1570A99e450c,2024-12-24,Sneakers,Clothing,5,258.1,cancelled
3514,6cBaAff7A614e5E,2025-11-19,Jeans,Clothing,3,546.96,created
3515,BB556Ff6bea903b,2025-09-10,T-Shirt,Clothing,5,1146.86,cancelled
3516,CE0fCFbD9543fd0,2025-02-17,Laptop,Electronics,5,1684.52,delivered
3517,9FBdd2e661f1662,2024-06-05,Machine Learning,Books,1,96.13,shipped
3518,8cdfBcDcCBa65C7,2025-04-09,Sneakers,Clothing,2,2881.65,created
3519,f4Cf0eAdc6b9cdA,2024-12-25,Keyboard,Electronics,3,1755.97,shipped
3520,af9A5DBE4B738ee,2026-01-13,T-Shirt,Clothing,4,642.59,delivered
3521,fC0f714fB98b7C5,2025-11-10,Python Book,Books,2,1694.44,created
3522,3D038FD8eda974E,2025-06-20,Monitor,Electronics,3,2606.99,created
3523,DCFFF9DB6C3A391,2024-08-21,Sneakers,Clothing,3,932.82,paid
3524,06C288dCEcEEcBB,2025-04-30,Jacket,Clothing,1,2515.83,created
3525,AcD35FE8d6CBeB1,2025-11-03,SQL Guide,Books,2,545.68,cancelled
3526,B9012CDc51EB8bB,2025-02-10,Jeans,Clothing,4,1218.7,shipped
3527,0eD0C4C6395fBb1,2025-02-27,Jeans,Clothing,1,2046.12,delivered
3528,92358E9DcE8F82f,2024-12-07,T-Shirt,Clothing,2,1347.46,delivered
3529,685EEB4f4C6AeE7,2025-02-12,Headphones,Electronics,1,791.03,delivered
3530,FEAC1301723f751,2025-11-14,Machine Learning,Books,1,1669.15,created
3531,f0cf0a570BCddcB,2024-11-25,T-Shirt,Clothing,1,493.26,paid
3532,4D28F7aEb896FdF,2024-09-15,Laptop,Electronics,1,1082.48,paid
3533,392F9160B8BF6Ed,2024-06-22,SQL Guide,Books,1,1601.68,shipped
3534,944853404a6ac74,2024-07-19,SQL Guide,Books,5,394.13,shipped
3535,ea404BCA0A6A512,2025-05-29,SQL Guide,Books,5,57.14,shipped
3536,C4a4adEB647F1bd,2025-09-11,Jeans,Clothing,2,521.98,created
3537,2cEdaBbF52cDBdB,2025-02-07,SQL Guide,Books,4,2945.1,created
3538,70f47Aba94CC6dB,2025-09-24,Data Engineering,Books,4,2280.1,delivered
3539,b31eC03B630C1dE,2026-01-21,Python Book,Books,1,1563.42,created
3540,f28F8d3D53aAFF7,2026-04-15,SQL Guide,Books,2,290.73,shipped
3541,6cd176fAEAD6541,2025-07-10,Data Engineering,Books,3,1498.27,shipped
3542,cb907C525bA7a82,2024-07-22,Jeans,Clothing,2,2789.85,delivered
3543,d7ccfCB56240E50,2026-05-08,SQL Guide,Books,1,1991.97,paid
3544,61dE832A6c9D51B,2024-06-09,Machine Learning,Books,3,2215.56,created
3545,231479269BCFEeA,2025-11-27,Monitor,Electronics,3,94.08,delivered
3546,dE4A4b6Deb6E0E6,2024-07-06,Jacket,Clothing,1,1633.35,paid
3547,be7d3119785a9dB,2025-06-10,Laptop,Electronics,1,2417.21,created
3548,A92DA4EE5F79451,2025-01-10,Monitor,Electronics,4,881.36,created
3549,3f7E98afFc1c7A5,2024-08-15,iPhone,Electronics,4,783.47,paid
3550,BFa9fc52adBdBC1,2026-03-07,Jacket,Clothing,2,1440.75,shipped
3551,16aB17cEA6F34eA,2024-09-05,Keyboard,Electronics,2,1581.32,created
3552,6bFC546DB4B9FaB,2024-09-29,Keyboard,Electronics,1,2739.71,cancelled
3553,A5BFCb9A04Cb228,2025-03-20,Python Book,Books,3,2256.5,created
3554,964dfEdb62E38Ce,2024-06-23,T-Shirt,Clothing,5,61.4,cancelled
3555,D4FBAFdA3f44cB9,2024-05-20,Machine Learning,Books,5,1109.03,shipped
3556,cAdBcD567581Da8,2024-12-18,Jeans,Clothing,1,2668.54,paid
3557,efF970AA5AAeDb8,2025-12-07,SQL Guide,Books,2,173.33,paid
3558,De9a9ED7a42Be3A,2026-03-30,Python Book,Books,1,2770.7,delivered
3559,F3CEbFc0bBA881f,2025-03-30,Jacket,Clothing,3,1082.36,created
3560,117C3888c48B748,2024-10-02,Sneakers,Clothing,5,2303.25,cancelled
3561,FF2AC2F7A2431bF,2024-11-29,Keyboard,Electronics,1,2092.08,created
3562,E564BEc33C3C1c8,2024-07-12,T-Shirt,Clothing,3,2130.4,cancelled
3563,cF5d8Dc8e7eeeB6,2024-11-30,Keyboard,Electronics,2,1389.37,delivered
3564,Fce11Af63F3acC8,2026-04-12,Jacket,Clothing,5,1046.99,cancelled
3565,199Bbaf5bD8ae10,2025-01-22,T-Shirt,Clothing,5,1044.11,created
3566,0A2AF9B7DeF1B1a,2025-10-23,Data Engineering,Books,2,269.33,delivered
3567,E1cE2eC9Fd5dCC1,2025-07-30,Jacket,Clothing,1,2366.59,cancelled
3568,eE5a19FC467f90d,2024-08-24,Headphones,Electronics,2,858.19,paid
3569,049FE30ceE36DE0,2025-06-03,SQL Guide,Books,1,767.35,shipped
3570,eBe506C2ca6E4Df,2025-01-07,Keyboard,Electronics,4,2071.37,shipped
3571,32F0509dEcfAEcc,2025-05-18,Jacket,Clothing,5,1811.63,delivered
3572,4E9840be7f7EA4e,2024-05-24,Data Engineering,Books,2,1492.62,created
3573,Ceb72df1d3a9df9,2025-10-04,Python Book,Books,2,37.18,shipped
3574,af57FAd2dCEC703,2025-09-22,SQL Guide,Books,5,609.66,delivered
3575,C1ADfF49dc5fBDC,2026-05-05,Headphones,Electronics,1,1262.82,cancelled
3576,ba0Dc628B266FaB,2024-12-27,T-Shirt,Clothing,5,861.38,cancelled
3577,2e1a4f58FBFFaC1,2024-08-27,SQL Guide,Books,5,2068.57,cancelled
3578,A6eC0c5ED3D63AF,2025-07-27,Sneakers,Clothing,2,2341.61,cancelled
3579,520FC7Bf5Da1a34,2024-09-29,Jeans,Clothing,2,1030.88,created
3580,eDB7ecCa60Db76D,2025-10-16,Jacket,Clothing,2,572.41,created
3581,d65DFCa65B47F7d,2025-11-13,Machine Learning,Books,3,2744.44,created
3582,bE8c8a5faCbeb84,2025-06-15,iPhone,Electronics,5,1180.79,created
3583,376F56ddB7F6baE,2025-04-12,T-Shirt,Clothing,3,2949.8,shipped
3584,A435be8F574d8B4,2025-01-06,SQL Guide,Books,2,1594.68,shipped
3585,A02AAc54D99bfA6,2024-12-29,Sneakers,Clothing,3,1125.59,cancelled
3586,9F23b50F1c4eAAC,2024-09-07,Monitor,Electronics,2,2804.74,shipped
3587,fAea1D23A7d93B1,2024-11-16,Sneakers,Clothing,1,2366.55,created
3588,73eaC8aca64bd38,2026-04-29,iPhone,Electronics,5,2346.57,delivered
3589,AE6AD0E8da1e4cF,2025-07-20,SQL Guide,Books,1,2510.72,created
3590,c69d18De92A66fB,2025-10-20,Python Book,Books,1,602.47,created
3591,95a21B790DdCbf5,2025-04-28,Python Book,Books,3,2531.64,created
3592,fec9CfE7FCabC70,2024-06-07,Machine Learning,Books,2,1356.4,delivered
3593,6bbFDb4d10A3bCe,2025-06-23,Headphones,Electronics,2,1172.68,shipped
3594,baaf5D101Dd9d42,2024-12-15,Jacket,Clothing,4,282.03,shipped
3595,a0aA8CfEf786ea7,2025-11-05,Jacket,Clothing,5,2173.06,shipped
3596,3f7511aAC56F24E,2025-06-20,Jeans,Clothing,3,1422.54,cancelled
3597,Dc4A2dCdaE8d4A7,2024-07-19,Machine Learning,Books,4,828.71,cancelled
3598,60CCB9354c81a5C,2025-11-09,Python Book,Books,3,2920.14,paid
3599,1A5391EF23fdeFe,2025-11-09,iPhone,Electronics,3,858.35,cancelled
3600,d80e7D64FC97B0C,2025-06-24,Sneakers,Clothing,3,269.71,created
3601,57a764766A8e87E,2025-03-02,Monitor,Electronics,5,27.32,paid
3602,e5E6F85091F11aA,2025-01-13,Keyboard,Electronics,3,2974.4,shipped
3603,FA0cE67D276c828,2025-07-31,Laptop,Electronics,5,1689.55,created
3604,0aeEFdc5C86D44a,2024-11-26,Laptop,Electronics,4,2891.67,paid
3605,fC30ff4AFcBf17d,2025-09-24,Jeans,Clothing,1,867.27,shipped
3606,208bB199B8a459E,2024-11-27,Machine Learning,Books,1,2629.98,delivered
3607,EbCcFbea29dBDE2,2025-02-23,Headphones,Electronics,1,350.6,delivered
3608,fc5a63eC73F17C0,2025-06-22,iPhone,Electronics,2,399.07,cancelled
3609,4EBF2e596A1C9Fe,2024-08-11,Monitor,Electronics,5,780.17,created
3610,B146dDe7cBeFb0f,2025-10-06,iPhone,Electronics,2,2637.3,paid
3611,f4DFcec9Fa498c7,2024-11-10,Laptop,Electronics,2,259.66,cancelled
3612,decE5dBEA6e704B,2025-09-04,Keyboard,Electronics,4,2954.66,created
3613,fB842A2cb945B7D,2025-04-30,Machine Learning,Books,3,124.41,delivered
3614,a81135be3DBde2c,2025-12-24,Laptop,Electronics,1,1761.5,created
3615,290D96f9cCbF30D,2024-10-31,Sneakers,Clothing,5,141.82,created
3616,F925f7D986f266D,2024-07-19,SQL Guide,Books,1,1096.0,shipped
3617,1d5c202fFD284ec,2025-11-02,Keyboard,Electronics,2,2557.92,delivered
3618,Bb1Cd1fD3F8756f,2025-05-26,SQL Guide,Books,5,2421.26,paid
3619,71785Fb3bEBDDB3,2024-05-27,Python Book,Books,4,990.64,paid
3620,6ba1dbd5Be91f1b,2025-07-11,Jacket,Clothing,1,527.39,created
3621,C59832dd72e0dE6,2025-01-12,Data Engineering,Books,3,2629.71,created
3622,93bc96eF5f7B6Ce,2025-11-05,Sneakers,Clothing,4,2351.85,paid
3623,c9BC8B9AD2eb40f,2025-11-02,Data Engineering,Books,1,2138.61,delivered
3624,bAc741d70aAcC0b,2025-07-12,Jeans,Clothing,2,1068.87,cancelled
3625,Cb30c76bBdFC00E,2024-10-31,Python Book,Books,5,749.29,created
3626,28D9d40385BEDB0,2025-04-05,Sneakers,Clothing,2,1269.26,shipped
3627,DD5Cb3c8DF2ce7f,2025-05-05,Laptop,Electronics,3,755.69,delivered
3628,4811b83A45c7fb6,2025-11-17,Jacket,Clothing,1,2950.8,created
3629,eD00806F4beA690,2024-07-06,Data Engineering,Books,3,1613.86,shipped
3630,a51a06fe3f301D7,2024-07-21,Jeans,Clothing,2,1789.41,created
3631,5E9a73a4D55cbD3,2024-10-26,Jacket,Clothing,3,768.37,shipped
3632,BDDEB5a1994E0B1,2024-10-05,Sneakers,Clothing,4,918.87,delivered
3633,F9f9429e3BF7054,2025-02-23,Sneakers,Clothing,4,58.62,shipped
3634,fce7Ae4E68fFcde,2025-02-01,Keyboard,Electronics,1,2406.32,paid
3635,Db5EEF9A2e1a48C,2024-10-18,Jacket,Clothing,2,1195.81,cancelled
3636,26cABACeEabd17d,2024-05-18,Jacket,Clothing,4,450.12,shipped
3637,E5a6E7b7F226613,2026-03-13,Jacket,Clothing,3,2193.27,shipped
3638,368b873f7e93F4c,2026-01-18,SQL Guide,Books,4,2655.83,cancelled
3639,CA11997714d6C68,2026-02-09,Python Book,Books,1,1092.54,created
3640,af7C3A53fAb0dF4,2025-12-04,Monitor,Electronics,5,1957.86,cancelled
3641,fCA1c6f74d61766,2024-10-12,SQL Guide,Books,1,1707.44,created
3642,5bB6d50E9fEfd4D,2024-10-04,Keyboard,Electronics,5,1095.97,paid
3643,7DbABEac6DcFCBA,2025-01-07,iPhone,Electronics,2,1738.97,created
3644,38cF0D7D6814EFC,2025-01-30,Headphones,Electronics,5,1148.98,created
3645,fD1bcA1c2d1ff90,2025-11-24,Python Book,Books,1,865.83,created
3646,EaC2DdA9A931bcA,2024-08-25,Machine Learning,Books,5,2212.01,shipped
3647,8FAdf1EE4A152b9,2026-03-15,Monitor,Electronics,3,1872.71,cancelled
3648,0B7DFd5dbBB43Aa,2026-01-26,T-Shirt,Clothing,4,2788.75,paid
3649,CDB0216DB100C01,2024-09-21,Jacket,Clothing,4,1344.39,cancelled
3650,d9600117AEdb17F,2025-01-23,Data Engineering,Books,1,1909.58,paid
3651,39A499EB371FBff,2025-07-10,Jacket,Clothing,5,2329.25,delivered
3652,4CAF84F9CFeEE6c,2024-05-17,Python Book,Books,3,1826.03,cancelled
3653,FBe684AbdBf5a1a,2025-02-19,Jeans,Clothing,3,2895.11,delivered
3654,751B21Bcc208CF5,2025-06-07,Laptop,Electronics,4,2890.48,paid
3655,E9604A9dDC77c9C,2025-05-04,Laptop,Electronics,1,254.0,cancelled
3656,B6BEf828aa9c3A7,2025-11-23,Data Engineering,Books,3,2205.57,cancelled
3657,FF1B9adbfFfBa2A,2025-03-20,Data Engineering,Books,1,785.32,shipped
3658,401228fE5B8bC3a,2025-05-10,Sneakers,Clothing,5,923.59,paid
3659,B6fbECD7f0Eb3dA,2026-04-09,Headphones,Electronics,4,2541.79,created
3660,Fdc517E73C27dC7,2024-11-02,T-Shirt,Clothing,5,1707.47,paid
3661,11ae233D477D335,2025-04-17,Python Book,Books,4,2763.55,created
3662,aa8e942bD9Cab24,2026-02-03,iPhone,Electronics,5,236.53,paid
3663,75C7c8c5cf5F7D5,2026-04-19,Data Engineering,Books,5,2215.57,delivered
3664,936a5ef581bE43F,2026-03-15,Python Book,Books,2,253.02,paid
3665,f4da7Ea10c3a39d,2024-05-09,SQL Guide,Books,1,126.71,paid
3666,a4Ea1d7594C4Bfc,2025-11-11,Laptop,Electronics,4,2805.92,delivered
3667,365e1646cdDCfd6,2025-05-12,Data Engineering,Books,2,686.65,shipped
3668,70fDf43eFd2fd5A,2024-05-15,iPhone,Electronics,2,426.23,cancelled
3669,71BafAFbE8addDd,2024-05-29,iPhone,Electronics,5,1681.66,cancelled
3670,9417F82f4F5BEA0,2025-06-07,SQL Guide,Books,1,1534.51,delivered
3671,2eADc8A9C7cEB88,2025-08-04,Keyboard,Electronics,2,1977.42,created
3672,2cac17Fe5FCaD25,2024-08-29,Data Engineering,Books,5,2548.31,shipped
3673,f668B8ec4cEB84f,2026-04-20,Sneakers,Clothing,1,2372.28,cancelled
3674,72CE99Fd8aBd80d,2026-04-24,Jeans,Clothing,2,1541.49,cancelled
3675,0CAdD14AdDB943f,2026-01-23,Data Engineering,Books,1,1254.81,shipped
3676,6FEd386c3EeBAD1,2024-12-15,Jeans,Clothing,5,156.69,paid
3677,1Bbdf271D2aE347,2025-08-18,Jacket,Clothing,3,665.05,paid
3678,6cb7f8e50c0cFaC,2025-02-18,Python Book,Books,3,2729.31,paid
3679,7Fc6B3aa296226B,2025-06-15,Jacket,Clothing,3,2094.83,cancelled
3680,AcE5dBA1ba72A99,2024-08-29,Laptop,Electronics,2,2157.74,delivered
3681,3aCB01f39E98c0a,2025-03-14,SQL Guide,Books,2,236.54,cancelled
3682,8f60feaDbd37FDd,2024-08-09,Jeans,Clothing,2,1074.18,shipped
3683,D1CCa3Bd74c3e51,2024-06-11,Headphones,Electronics,5,1959.39,created
3684,9f7FA6d1734EDD5,2025-04-21,Headphones,Electronics,5,1518.06,delivered
3685,B5FE44D6E5B628F,2025-07-19,Jeans,Clothing,5,872.93,delivered
3686,EfC7BB6EFc06B40,2025-09-09,Keyboard,Electronics,5,1441.97,paid
3687,F1e165e5BbE2c9a,2025-11-13,Monitor,Electronics,4,1900.0,delivered
3688,E53a52Ebec2D11B,2024-08-21,Machine Learning,Books,3,2503.03,paid
3689,BcF81BBFeE5deb1,2025-05-26,SQL Guide,Books,4,1364.86,created
3690,fEAAccb2d7CddBA,2026-02-28,Machine Learning,Books,4,2653.94,delivered
3691,fAcc3a8DAadA853,2025-06-12,Laptop,Electronics,2,1941.99,cancelled
3692,4e9aD7C2C56aB94,2024-08-29,SQL Guide,Books,3,455.13,shipped
3693,AE3De3D58bc05de,2026-01-12,Headphones,Electronics,2,2738.0,cancelled
3694,7073ca2E56Acae4,2024-07-19,Sneakers,Clothing,1,191.57,shipped
3695,C7CbB8248AbeCf9,2025-11-22,Keyboard,Electronics,4,1042.97,created
3696,258ecdE02aa824E,2025-02-23,Sneakers,Clothing,1,1823.05,delivered
3697,703Bd1bDECF7dA7,2025-12-05,SQL Guide,Books,5,392.33,cancelled
3698,abce0cD16CEe53C,2024-10-14,Keyboard,Electronics,4,1791.96,delivered
3699,86ae4cA1d001EFe,2024-05-09,Laptop,Electronics,3,2192.34,paid
3700,d8543bb2fF79aCb,2026-01-22,Data Engineering,Books,1,649.27,shipped
3701,A7c4A44ec88d86C,2026-01-27,Jeans,Clothing,2,999.1,created
3702,ac2D86a3C0FCBFc,2025-01-21,SQL Guide,Books,3,1459.28,paid
3703,0a11a7cBb60A3A2,2025-03-19,Laptop,Electronics,1,58.11,paid
3704,7f87BedaB98cb9D,2026-02-11,Headphones,Electronics,5,799.17,created
3705,9C9CcB1659EDec0,2025-07-21,Data Engineering,Books,1,1368.51,shipped
3706,6eAEDf4Bca1bCb9,2026-03-07,T-Shirt,Clothing,2,2928.59,created
3707,7a1CAc7Acd3630d,2024-08-26,Jacket,Clothing,2,1915.94,shipped
3708,D210dF14d07eA8d,2024-11-12,Data Engineering,Books,5,942.85,shipped
3709,5C025e388A8A134,2024-07-27,Keyboard,Electronics,2,1377.84,created
3710,cf61A8b2FBBA05F,2024-05-18,Sneakers,Clothing,3,342.53,delivered
3711,Ac5799F9e7d8c7E,2025-09-24,Sneakers,Clothing,5,658.21,created
3712,95C9D3B060ED02f,2025-09-10,Headphones,Electronics,4,2323.69,paid
3713,1d36d5Fec576FaE,2026-02-01,iPhone,Electronics,5,2666.3,delivered
3714,7801be0a4C46e7F,2025-05-19,Python Book,Books,2,232.36,cancelled
3715,b31E1E11f40d19d,2025-09-02,Jacket,Clothing,1,2673.12,paid
3716,dAd2F5A04d936F8,2025-12-19,Headphones,Electronics,3,697.27,shipped
3717,69A2DA2D5db73De,2024-11-17,Monitor,Electronics,5,1626.27,paid
3718,5F4960b99fb97e4,2025-11-06,Laptop,Electronics,3,2702.0,delivered
3719,D9A7Ee85caec0Eb,2026-04-23,T-Shirt,Clothing,5,2374.82,paid
3720,B324c04ceb5f055,2025-05-06,SQL Guide,Books,3,57.87,created
3721,942bbe7FD46e185,2024-12-16,Python Book,Books,2,1874.44,created
3722,8A2da6FAD57E49E,2025-07-08,iPhone,Electronics,2,2068.36,shipped
3723,E1D349Df4380bF1,2025-02-24,iPhone,Electronics,2,433.67,delivered
3724,305C26c95d0FDD1,2024-09-14,Laptop,Electronics,2,986.22,cancelled
3725,8ad4B22B1DBe1FB,2025-11-24,iPhone,Electronics,1,1329.48,cancelled
3726,e4efD9bCc8ddFEB,2024-10-04,Jacket,Clothing,2,2171.67,created
3727,c4B57B4EFA4ffF7,2025-03-12,T-Shirt,Clothing,5,589.46,created
3728,e7C5404b0eD0e14,2024-12-12,Python Book,Books,5,385.35,shipped
3729,AE316FFB0Ce8CA9,2025-09-17,Sneakers,Clothing,4,155.37,created
3730,13a00de36BB647e,2024-11-04,Data Engineering,Books,3,2160.73,delivered
3731,7a8033D11e6f9AC,2025-12-12,Laptop,Electronics,1,1178.37,shipped
3732,0f8dB33bA588D2a,2025-06-04,iPhone,Electronics,2,158.73,delivered
3733,E1B02BB5F89382f,2025-09-29,Laptop,Electronics,1,2678.95,paid
3734,7EeAeBfE1b2B8ab,2024-08-07,iPhone,Electronics,5,2139.24,delivered
3735,Db3556b9d5C5AfE,2026-01-24,Headphones,Electronics,2,678.79,created
3736,b3c0B8F7D916fe0,2025-09-17,SQL Guide,Books,2,913.61,created
3737,Bc053EFbD031bBC,2025-01-19,Sneakers,Clothing,3,2079.97,shipped
3738,D2418710b7Ab014,2024-10-16,T-Shirt,Clothing,1,2082.72,created
3739,51Ba6F6D57C4e30,2025-06-03,Headphones,Electronics,3,1294.89,created
3740,D7bD2Ce53ccDadB,2025-05-08,Data Engineering,Books,4,1952.61,cancelled
3741,8BdfBF2bA0A5aBb,2025-10-31,Monitor,Electronics,4,1648.31,delivered
3742,bdE5cAfcAed9BFB,2024-10-09,Keyboard,Electronics,5,2872.6,shipped
3743,9cB94Ac69BF5FC4,2025-11-01,Data Engineering,Books,2,1876.76,cancelled
3744,8EBd1E6aAfF2ea6,2024-10-19,Machine Learning,Books,2,1126.03,delivered
3745,DAa5FeF7cc5115e,2025-10-22,Jeans,Clothing,1,1284.97,shipped
3746,32FAE9c6FeaD62b,2026-04-26,iPhone,Electronics,5,1333.94,delivered
3747,DfCe1c3672dD4de,2024-08-08,Keyboard,Electronics,5,2161.89,paid
3748,bBE4f274Af06ff3,2025-08-04,Data Engineering,Books,3,1897.05,cancelled
3749,E42Fb6af8d1cFD1,2026-04-24,SQL Guide,Books,1,2392.15,shipped
3750,bD1d81F4B6b3ee3,2024-05-09,T-Shirt,Clothing,5,2863.49,cancelled
3751,f59EFAECAE8A94a,2026-04-01,Keyboard,Electronics,4,326.13,created
3752,Fe7aCdA670eaf73,2024-12-21,T-Shirt,Clothing,1,2625.54,paid
3753,fF7C43DCc330Feb,2025-09-10,T-Shirt,Clothing,3,964.89,paid
3754,2E49E60b80e9A84,2024-11-02,T-Shirt,Clothing,4,1862.51,cancelled
3755,c8Dc4CEaC55E7Cb,2024-09-27,Data Engineering,Books,2,1644.05,delivered
3756,bbf255E629CE3FD,2025-05-04,Jeans,Clothing,3,2944.63,shipped
3757,Bef1afC8b1d70d2,2025-05-04,Python Book,Books,4,2724.44,shipped
3758,997154B6ACEEaeF,2024-08-06,Machine Learning,Books,2,268.02,created
3759,bBBe2e1AD2ae861,2025-01-11,T-Shirt,Clothing,3,2698.98,created
3760,a70dDda72Ed26Aa,2024-12-25,Monitor,Electronics,5,1269.53,delivered
3761,66386a4F5D8ad7e,2025-05-04,Monitor,Electronics,3,1852.66,delivered
3762,1dEdcE54F1FC22a,2024-07-28,Sneakers,Clothing,4,1846.6,shipped
3763,Fee1add7dBece9E,2025-07-13,Monitor,Electronics,2,226.58,paid
3764,FbE1AAC976380F9,2025-01-01,iPhone,Electronics,3,1863.24,shipped
3765,FCDEdcaCA74868f,2025-10-31,Keyboard,Electronics,4,44.49,delivered
3766,57cE3a0c55B5aB7,2024-06-21,SQL Guide,Books,5,959.46,shipped
3767,B96bAD9feF6b0Cc,2025-02-18,Data Engineering,Books,5,1296.19,cancelled
3768,c89B5DdBDA82ad8,2025-06-08,Jeans,Clothing,1,1872.31,cancelled
3769,4ED5eAA5979DE50,2024-12-27,Sneakers,Clothing,1,255.86,delivered
3770,bAe9DdDCf20fCFB,2026-02-04,iPhone,Electronics,4,63.36,cancelled
3771,461682D061bCCBc,2025-04-19,Machine Learning,Books,4,2779.1,paid
3772,F1dEEfaAebbCCf4,2024-07-07,Monitor,Electronics,3,677.45,shipped
3773,2dBf4ff7cF7CF28,2024-06-28,Python Book,Books,1,1037.52,cancelled
3774,81E33E1f6fE3DCD,2025-03-12,Keyboard,Electronics,5,2424.75,paid
3775,39BEE3769bFDCA4,2026-01-24,Python Book,Books,4,1489.02,shipped
3776,1440FEbaaE8bea4,2026-02-13,Jacket,Clothing,1,2311.45,delivered
3777,220eb6fC99A03be,2026-02-24,SQL Guide,Books,4,2083.92,delivered
3778,e75895ceB86ceC7,2024-10-07,SQL Guide,Books,1,1322.16,paid
3779,a9EBC90aFC1c2f6,2025-03-04,iPhone,Electronics,1,1552.58,paid
3780,a4DF2fE57502C00,2024-05-11,Laptop,Electronics,1,2656.13,delivered
3781,5A754ff5eA3B5a6,2025-03-20,Laptop,Electronics,3,2983.47,cancelled
3782,Cc0E89bFdF3587a,2024-09-15,Jacket,Clothing,3,195.26,paid
3783,3BcD36Df46e8dD1,2024-11-19,Jacket,Clothing,3,1679.72,paid
3784,d5C0FDf122Ae41E,2026-01-01,Jeans,Clothing,4,541.71,created
3785,91ccdef0Ceb23Fa,2024-06-01,iPhone,Electronics,2,2416.45,created
3786,75C5C4FCbAbB5c6,2024-12-02,Headphones,Electronics,4,2664.81,created
3787,F6D98bD5bbfCDBF,2025-01-11,T-Shirt,Clothing,1,91.22,paid
3788,e3Dcdaa71e198d2,2024-10-12,Machine Learning,Books,4,184.84,paid
3789,Da3f7afEaCAD9cb,2025-09-05,Data Engineering,Books,4,1526.31,paid
3790,9c5DfA179D8Af6e,2025-10-10,T-Shirt,Clothing,5,1844.41,delivered
3791,C5Ecc8F18bb0E9D,2026-01-04,Machine Learning,Books,4,1378.31,cancelled
3792,Afccf13cFbf5e97,2025-02-04,Headphones,Electronics,3,1561.69,delivered
3793,50E9DA617cCafB5,2024-09-21,Python Book,Books,3,307.52,cancelled
3794,21DE3a37550ff9d,2025-11-10,Headphones,Electronics,5,232.61,shipped
3795,52A47ECDE829323,2024-09-15,Python Book,Books,2,769.02,shipped
3796,21BCD316cbA0e8F,2025-02-16,iPhone,Electronics,3,2439.38,paid
3797,F62aE4d6FE5d28C,2026-01-07,Data Engineering,Books,5,114.84,shipped
3798,AABf50EacC42baD,2025-03-01,Jeans,Clothing,4,1957.92,delivered
3799,da9Fbf763cEd53C,2024-09-10,Jeans,Clothing,4,2154.18,delivered
3800,2600CF6c6A399a6,2026-01-19,Python Book,Books,1,313.73,delivered
3801,96A6fbC9aE873aE,2025-03-13,Data Engineering,Books,5,1801.93,shipped
3802,3274716778C2e5A,2024-07-08,Keyboard,Electronics,5,2739.2,cancelled
3803,3FAB37F669DFE03,2025-05-19,Machine Learning,Books,4,2015.48,cancelled
3804,fAA42Daa473ac75,2025-03-31,Keyboard,Electronics,3,2438.35,shipped
3805,E091ec49F4ADB95,2025-03-07,T-Shirt,Clothing,3,301.55,delivered
3806,DeF809dff6dA5D4,2024-10-18,Machine Learning,Books,5,1292.85,shipped
3807,c95c0C26C2EFBF8,2024-08-15,Jeans,Clothing,2,2443.47,shipped
3808,B0AeAE428DcD8CD,2026-02-11,Monitor,Electronics,4,646.75,cancelled
3809,EA9B4ee3EFD5b19,2026-04-25,Sneakers,Clothing,4,59.89,paid
3810,6Ea5d7eba20f18e,2025-01-01,Laptop,Electronics,2,1265.09,paid
3811,FBfFCcec5e3dCb2,2025-06-21,Data Engineering,Books,2,1248.3,created
3812,9ADA3BC9285E6aC,2024-06-23,Keyboard,Electronics,1,2310.46,delivered
3813,3bBbdAac9fBDE03,2025-12-03,Jeans,Clothing,1,1060.07,created
3814,7f8Ff2Bf8a516a8,2024-08-13,Machine Learning,Books,4,187.81,delivered
3815,bDF2d847B8DDA67,2025-03-15,Jeans,Clothing,1,560.8,shipped
3816,9C71C36ba7F1D54,2025-11-28,Headphones,Electronics,2,1683.52,delivered
3817,dF90Bc3dA883B5d,2026-03-02,Jacket,Clothing,4,881.86,cancelled
3818,c6FCe147FaddA0B,2025-11-11,Sneakers,Clothing,4,122.11,shipped
3819,e3ed7D2E4FF29E0,2025-10-02,T-Shirt,Clothing,5,1585.32,created
3820,11cF5DBF5b3eb2a,2024-09-18,Data Engineering,Books,2,779.97,created
3821,7584dd9b79f2cb2,2024-05-27,T-Shirt,Clothing,1,46.38,paid
3822,cE16ffbF4c9c1F0,2024-06-20,Sneakers,Clothing,1,147.9,cancelled
3823,06702bC90165FDd,2024-10-13,Data Engineering,Books,5,409.64,paid
3824,Ec23A914aA08DFB,2025-07-26,iPhone,Electronics,5,1999.33,shipped
3825,f86fF07ABf1f2bF,2026-04-03,Headphones,Electronics,3,213.23,delivered
3826,F2EEa7bBCAD91e1,2026-04-08,Monitor,Electronics,3,37.29,cancelled
3827,e9482d8A4E2CD5A,2024-05-26,Monitor,Electronics,3,2556.19,delivered
3828,2CCD5B13a1d6e1E,2026-02-06,Sneakers,Clothing,2,1404.57,shipped
3829,8e0Ce4b3C7aDe91,2025-10-18,Laptop,Electronics,4,2984.24,paid
3830,CA7abeCdd2FAFF3,2025-09-07,iPhone,Electronics,4,136.56,created
3831,3af4aDBb7fE077d,2024-09-06,Data Engineering,Books,3,1437.62,cancelled
3832,bE2A36AE7C44d5F,2024-11-28,T-Shirt,Clothing,3,639.45,cancelled
3833,6DBD9cDeFc1f3f8,2026-01-15,SQL Guide,Books,4,126.82,delivered
3834,BFB2cECb105BFE0,2024-08-22,Keyboard,Electronics,2,920.49,cancelled
3835,04eA98DedF61afA,2025-01-16,Data Engineering,Books,3,2830.83,delivered
3836,74BDbDAf5FaEe31,2026-02-02,iPhone,Electronics,3,2109.61,cancelled
3837,4c5b26Fe1a910cD,2026-03-01,Data Engineering,Books,4,848.11,delivered
3838,57a1AA8DaA8EcC2,2024-08-08,Monitor,Electronics,2,2853.31,cancelled
3839,bF3CeE804bC7c4b,2024-11-06,Python Book,Books,3,156.71,created
3840,EBe2BFfbb91eC16,2025-04-24,Keyboard,Electronics,2,1653.64,paid
3841,b5c8f11877cCF2D,2025-06-21,Sneakers,Clothing,1,1517.57,delivered
3842,af6cBFFC8A4dEcC,2025-06-11,Machine Learning,Books,3,1020.88,cancelled
3843,2b1eCDF9F87bD45,2025-01-13,Headphones,Electronics,2,2940.09,cancelled
3844,9D69a689b4De238,2026-05-03,T-Shirt,Clothing,4,2269.6,created
3845,F1c5Db6Eb81d7b2,2025-02-06,Jacket,Clothing,1,2219.35,cancelled
3846,3a5aeBba2E3cB95,2025-06-18,Keyboard,Electronics,5,2017.43,delivered
3847,09776E5c2Bca757,2026-04-04,Sneakers,Clothing,3,772.57,cancelled
3848,B7F3BAFAAC302Db,2024-09-13,SQL Guide,Books,5,11.23,delivered
3849,d9baB47bc8572d5,2024-11-14,Keyboard,Electronics,4,1427.6,shipped
3850,CD9f9bee2E124c6,2025-06-10,Jacket,Clothing,2,174.83,shipped
3851,64CA6adFBB22bCD,2024-10-20,Jeans,Clothing,5,1676.16,shipped
3852,ddF43064AC3fa01,2025-06-07,Keyboard,Electronics,4,2255.05,cancelled
3853,FbDcFCfdbEFaC6A,2026-05-01,T-Shirt,Clothing,1,2050.37,shipped
3854,250A33BDc0bb340,2025-07-25,Data Engineering,Books,5,1385.74,created
3855,99D8d5cAD09B26e,2024-07-30,Headphones,Electronics,4,1142.21,delivered
3856,edADE11Bc1abd18,2025-08-28,Keyboard,Electronics,1,438.86,delivered
3857,bA5bfCaFA5eF6CF,2024-09-18,SQL Guide,Books,1,81.47,shipped
3858,FAE7AB5C0cb26ad,2026-05-02,Jeans,Clothing,2,794.36,shipped
3859,57df83ACCbb1Cd2,2026-01-22,Machine Learning,Books,3,334.53,paid
3860,c891b6bF4eDCC8d,2025-06-17,Sneakers,Clothing,5,2489.15,cancelled
3861,313CC57CBfC202a,2025-01-05,Python Book,Books,2,146.52,created
3862,d9Cf4104BcBE1D9,2025-11-21,SQL Guide,Books,5,324.12,created
3863,C8Fb5B08DCA3fEF,2025-06-02,iPhone,Electronics,3,2046.29,created
3864,BfA5d0A7E3fc058,2025-02-06,iPhone,Electronics,4,2542.83,paid
3865,DaD4Ea7E19FDFEE,2025-06-12,T-Shirt,Clothing,3,2825.13,paid
3866,4Cc0Ad196CF03cD,2025-05-19,Headphones,Electronics,3,2764.72,shipped
3867,ca98F3e53DAE6ed,2024-06-18,SQL Guide,Books,3,2103.03,delivered
3868,8cB8715086FCB36,2025-03-04,Machine Learning,Books,4,160.38,paid
3869,Ce511C0250999f4,2026-02-23,iPhone,Electronics,1,1476.99,delivered
3870,a8526AF9b52A2aC,2025-06-12,Python Book,Books,3,1869.89,paid
3871,96Eb419a36b4070,2025-01-25,Jacket,Clothing,2,1814.69,delivered
3872,CE234Ac2DE3f7D9,2025-11-21,Machine Learning,Books,2,975.41,delivered
3873,10dEb6308B01dB0,2024-12-11,Python Book,Books,5,2827.1,cancelled
3874,bc0B5aD3Ac8D555,2024-05-30,Monitor,Electronics,3,843.28,delivered
3875,AdDCEefacdDe5FA,2024-09-07,Laptop,Electronics,5,1875.83,paid
3876,CeCF59cD3CB6a3e,2024-12-19,SQL Guide,Books,4,2729.07,created
3877,88614AF97b5522a,2026-03-08,Jeans,Clothing,2,2826.81,paid
3878,CE4A9946bdCbEbE,2026-04-23,SQL Guide,Books,5,226.91,paid
3879,63F53543868DE5F,2026-02-09,iPhone,Electronics,5,457.46,created
3880,8566CD20eeB82C1,2025-12-23,Headphones,Electronics,3,818.45,cancelled
3881,cF9DC68e5186aF9,2025-12-27,Headphones,Electronics,2,1013.76,shipped
3882,CBB273899F8a272,2024-10-23,iPhone,Electronics,3,868.19,paid
3883,A74Ea7ee31c9b4E,2024-08-01,Sneakers,Clothing,1,2060.26,cancelled
3884,f6f23cfFe0b15EF,2025-03-23,SQL Guide,Books,3,925.38,cancelled
3885,8F6B0efaf2cc3dB,2024-09-23,Machine Learning,Books,1,1082.03,delivered
3886,16ad1088f1CEAcf,2024-06-02,Machine Learning,Books,3,1963.2,shipped
3887,facFF4e99A65afb,2026-05-04,iPhone,Electronics,3,1361.19,shipped
3888,55c04D2ca68dfD5,2025-01-20,Laptop,Electronics,1,1632.98,created
3889,DffAb17CB4889A7,2024-10-11,Python Book,Books,5,277.17,shipped
3890,cc8BfEEcfE57445,2025-01-18,Sneakers,Clothing,4,375.83,shipped
3891,DA83fa9fBB63F0a,2026-01-17,Keyboard,Electronics,4,1275.69,created
3892,E87bB2ffae47003,2025-11-02,Keyboard,Electronics,2,307.97,created
3893,12E957607f922a1,2025-04-05,Keyboard,Electronics,5,2836.18,created
3894,4dfEF0Dc0e9F2a7,2026-03-23,Headphones,Electronics,1,1927.25,paid
3895,3AECfc09554b0Dd,2026-04-09,Sneakers,Clothing,3,2100.92,shipped
3896,1b8FBcfB65cd676,2024-06-28,Monitor,Electronics,2,2852.2,shipped
3897,2bEe5ADbbABded4,2026-02-22,Monitor,Electronics,2,1668.76,delivered
3898,af7edCA60ebfA0B,2026-04-03,Laptop,Electronics,1,1266.71,shipped
3899,c7Bcdae19562F9c,2024-08-17,Monitor,Electronics,1,885.69,shipped
3900,1ABCdDCCbbF5BD9,2025-04-29,Jacket,Clothing,2,2286.95,cancelled
3901,27BAdC4603BEBCc,2026-01-18,SQL Guide,Books,1,1958.7,delivered
3902,EBE0ca4F1Ad281f,2025-01-17,Machine Learning,Books,3,637.5,shipped
3903,B920c02F0bfF070,2025-01-28,iPhone,Electronics,3,943.72,cancelled
3904,be9B4ccFa187A53,2024-05-28,SQL Guide,Books,5,2118.56,cancelled
3905,cC5A0f3c1A83Ebf,2024-09-21,Machine Learning,Books,1,2783.23,created
3906,9bb9cbdEdF93ec4,2024-07-07,Headphones,Electronics,1,2499.77,created
3907,3Da703Af3d6643F,2024-07-14,Machine Learning,Books,5,811.35,cancelled
3908,8fe17F891Bb233C,2025-11-21,Headphones,Electronics,4,1010.1,delivered
3909,caa6e0120EE3507,2025-03-02,Jacket,Clothing,5,2807.94,created
3910,f38d37509aba69F,2024-07-02,iPhone,Electronics,1,2487.99,cancelled
3911,0b1BC62be6F01BC,2025-02-16,Jacket,Clothing,4,2157.84,paid
3912,c511FfDFdFca841,2025-06-26,Jeans,Clothing,4,2634.39,created
3913,CBd7e895aacf6DF,2024-12-11,Data Engineering,Books,4,869.73,created
3914,9bdfC0d9aEb4aD7,2024-08-07,Data Engineering,Books,2,2127.76,paid
3915,215ea2Cc0DB7508,2025-09-11,Monitor,Electronics,3,2344.63,shipped
3916,57aafac7c3d2248,2025-05-24,SQL Guide,Books,4,1032.46,cancelled
3917,4dFe5Ed5b660F9D,2025-11-24,Python Book,Books,3,442.09,delivered
3918,E95E6C2E94A32f7,2024-07-01,Data Engineering,Books,1,1454.51,shipped
3919,769ccAC9c54DcA0,2026-01-28,Jacket,Clothing,5,1259.87,shipped
3920,Eb0C76FEbEddAef,2026-03-31,Jacket,Clothing,4,1018.77,paid
3921,aD6A09caed3f994,2026-02-19,Jacket,Clothing,2,2970.5,cancelled
3922,DfeEF5Fd6e8fcbb,2024-05-25,iPhone,Electronics,4,718.06,paid
3923,3dBF7b294FC29Ad,2025-04-15,Jacket,Clothing,5,1109.7,delivered
3924,636f98Fea1FD465,2025-03-03,Monitor,Electronics,3,1809.97,paid
3925,Edb5050FAf443fe,2025-05-20,Keyboard,Electronics,1,2976.19,cancelled
3926,bC4baaBb3be3ba6,2024-12-06,Monitor,Electronics,1,2767.23,created
3927,375d88FD2a6d4e9,2024-12-24,Keyboard,Electronics,1,1145.77,delivered
3928,F5CF88dD43Edb32,2025-12-05,T-Shirt,Clothing,1,142.49,shipped
3929,92AED10bA417552,2024-08-17,Monitor,Electronics,2,518.22,created
3930,A902c7b9dbcEfFe,2025-08-21,Python Book,Books,5,2219.31,delivered
3931,b54D49EfaBa3dc3,2025-12-11,Keyboard,Electronics,5,224.17,cancelled
3932,F399D8527c14Fe6,2025-12-17,Sneakers,Clothing,3,146.95,created
3933,6F3475e8Ba9eECD,2025-02-05,Jacket,Clothing,3,1232.24,paid
3934,c9f35c9e69f7910,2025-07-08,Keyboard,Electronics,4,763.57,delivered
3935,bB65BA46d8b8B84,2025-05-12,SQL Guide,Books,2,1953.57,created
3936,bEcbfB120CCb8DD,2025-04-28,T-Shirt,Clothing,5,887.59,paid
3937,2eeb54DBe85Fcc9,2026-03-23,iPhone,Electronics,4,1594.55,shipped
3938,6CdDeB4Cfcf22F0,2025-09-23,Jeans,Clothing,4,2105.22,paid
3939,f9d2aded1f10D9f,2024-11-08,Python Book,Books,1,2054.98,created
3940,dAd5ED4731dd266,2024-09-23,Laptop,Electronics,5,1435.89,delivered
3941,270fD1Cccb45692,2026-02-19,Jeans,Clothing,4,1781.74,cancelled
3942,Fed152e2cfAC7df,2025-05-20,Jacket,Clothing,1,1984.3,shipped
3943,Fd12bFbbDefcB6f,2025-07-17,iPhone,Electronics,3,1975.44,delivered
3944,a462bFe6ec78Ee9,2025-01-21,Python Book,Books,5,2073.59,cancelled
3945,Be33D95c6f4904d,2025-02-26,T-Shirt,Clothing,4,1018.8,paid
3946,fdF7B11C8Abd64c,2025-09-11,Jeans,Clothing,4,956.01,shipped
3947,B870d1eaf9A3E65,2026-01-27,Headphones,Electronics,4,1016.17,shipped
3948,50Eb0ed7E9f0C3a,2024-07-07,iPhone,Electronics,3,946.65,shipped
3949,ab9ff9BC0CB4933,2026-01-04,T-Shirt,Clothing,2,1910.49,shipped
3950,e1A460eE48A2aFd,2024-09-25,T-Shirt,Clothing,4,1081.78,cancelled
3951,7B0D0eeF8ABee2B,2026-02-13,Jeans,Clothing,2,1036.06,cancelled
3952,bC98eb1694b5e82,2026-04-27,Sneakers,Clothing,5,2145.85,shipped
3953,4b99cE1D2C1E96A,2025-12-26,Machine Learning,Books,2,2132.65,paid
3954,5Cf75CcfE243c1F,2025-04-04,Monitor,Electronics,5,118.14,shipped
3955,9c97Cba4Ff3def1,2024-05-12,Headphones,Electronics,4,1394.28,cancelled
3956,cf19E6b60ecf86B,2024-09-02,iPhone,Electronics,2,2409.26,cancelled
3957,2ecCc2FB0EDcEdf,2024-08-14,iPhone,Electronics,2,627.52,created
3958,3b4aCa38A1E7086,2024-07-19,Headphones,Electronics,5,1539.81,cancelled
3959,3aDDE0c1afCB4ed,2024-12-21,Keyboard,Electronics,1,444.59,created
3960,AcDf59F8e10c5fe,2026-03-15,Jacket,Clothing,5,1649.56,created
3961,7f3115A5dAaf5d2,2025-12-06,Keyboard,Electronics,1,2405.69,delivered
3962,6DdC64d101ca404,2024-07-01,Machine Learning,Books,4,2713.96,delivered
3963,ea38A6af3DbAe0d,2025-04-25,Sneakers,Clothing,4,617.21,paid
3964,8BF56221Afee8fA,2024-12-24,SQL Guide,Books,5,256.94,shipped
3965,5c763eaBDdE2Ca3,2025-02-10,Sneakers,Clothing,1,1396.79,delivered
3966,07ABC152aFFfD0E,2024-10-13,SQL Guide,Books,2,2675.06,paid
3967,8d822ad7AD207bE,2025-01-22,Headphones,Electronics,5,1523.85,created
3968,9aCbF48C76Bd30C,2025-04-28,Monitor,Electronics,1,1793.88,paid
3969,08FC8858B361649,2026-01-05,Python Book,Books,5,1764.66,created
3970,A478bfB65bCB01d,2026-03-04,T-Shirt,Clothing,3,1143.84,paid
3971,84525D14acdC08F,2025-10-29,SQL Guide,Books,5,241.19,shipped
3972,b0aAdfAacAf3CA4,2024-10-06,Machine Learning,Books,3,2151.47,created
3973,41bB1e5B3ebDB0E,2024-06-02,SQL Guide,Books,5,1250.79,paid
3974,CF5964f62bdcAe4,2026-02-17,Keyboard,Electronics,3,1315.81,delivered
3975,11F6f1F39e4cddD,2026-04-21,Jacket,Clothing,4,417.97,delivered
3976,b1A6B5D2D8edc1a,2025-07-21,Headphones,Electronics,2,830.4,created
3977,e2Aa06a5FEF7Bd7,2024-11-05,Machine Learning,Books,5,1821.43,delivered
3978,d26D176bfc0A391,2026-04-18,Sneakers,Clothing,5,2806.3,created
3979,9e8537041aAf0E8,2024-08-18,Monitor,Electronics,1,1223.36,created
3980,a1da5168ABD225E,2024-09-05,Sneakers,Clothing,5,2778.04,cancelled
3981,698f721bA382E7B,2025-01-03,Sneakers,Clothing,1,2245.8,cancelled
3982,BB15cb8562C22bD,2025-03-13,Laptop,Electronics,3,1598.87,delivered
3983,ECf9b768c9E0A6c,2025-05-01,Machine Learning,Books,1,1971.79,cancelled
3984,4Ad1A7c97f8D13c,2025-02-09,Jacket,Clothing,3,178.53,shipped
3985,4EA2C2A519DCaeb,2025-03-19,Jacket,Clothing,1,894.62,delivered
3986,22bB5695CF34cdE,2026-03-19,SQL Guide,Books,2,1860.3,cancelled
3987,27E1aE5a3b4acc0,2024-11-01,Machine Learning,Books,3,2079.55,shipped
3988,644Cc90dD4bAd95,2024-12-22,Sneakers,Clothing,4,2053.28,delivered
3989,Bd24E2e604eF0cD,2025-03-09,Data Engineering,Books,2,1794.54,delivered
3990,eFc691bA79391D3,2024-06-13,iPhone,Electronics,2,2352.42,paid
3991,C9d7eb5c32323dc,2024-07-08,Sneakers,Clothing,3,634.22,cancelled
3992,b52CFF180a4Dc51,2025-04-05,Monitor,Electronics,4,2586.9,shipped
3993,d568ea15AC330fc,2025-03-15,Python Book,Books,1,2058.69,paid
3994,Efb7aFddb6BdBBC,2025-07-11,Sneakers,Clothing,4,729.02,created
3995,c8b8D88423E1FB7,2025-08-30,Jeans,Clothing,5,1916.87,shipped
3996,Df36627ADd15CeA,2025-10-18,Machine Learning,Books,5,2581.14,cancelled
3997,c2d22aF6Ef81C0E,2025-05-25,Jeans,Clothing,4,2778.05,paid
3998,eaA6E8aCd8D1FEf,2024-12-16,Sneakers,Clothing,5,2850.49,delivered
3999,cCec976D0b1f7d9,2025-01-31,Python Book,Books,3,2331.96,paid
4000,9e5E7676faa27dB,2025-10-10,Data Engineering,Books,3,934.82,created
4001,D5cd7fFBe6A7dAd,2025-07-25,Python Book,Books,3,180.47,cancelled
4002,C69af56EdbfBFE0,2024-10-15,SQL Guide,Books,2,1075.53,delivered
4003,A7cdC9e8EddF249,2025-11-25,SQL Guide,Books,5,776.97,paid
4004,2A938586fBB66FE,2024-10-26,Monitor,Electronics,1,1178.57,cancelled
4005,b07D1A42Ed2DDF2,2025-05-06,Monitor,Electronics,1,2648.63,created
4006,2AA7Ae7512FBded,2026-03-26,iPhone,Electronics,1,2468.75,paid
4007,7982dF465C59FBd,2024-12-21,iPhone,Electronics,3,1581.4,paid
4008,f327Cc9F47bAE6b,2024-05-29,Jacket,Clothing,5,2496.24,created
4009,abfF80dfEb3AE53,2025-11-09,Jacket,Clothing,5,1222.4,cancelled
4010,F5EEa06c1DB73D0,2024-10-05,Jacket,Clothing,4,848.2,created
4011,FD5B5B2aac0Be7A,2025-08-11,T-Shirt,Clothing,4,2594.1,paid
4012,1C556d2f92bc46E,2025-12-25,T-Shirt,Clothing,4,1510.17,paid
4013,Adf3c5C1Fe1ffbf,2025-10-15,Jeans,Clothing,1,495.18,paid
4014,595a9773e8eCCBE,2025-07-13,Laptop,Electronics,4,1111.55,created
4015,2CfF25d04AFffDb,2024-10-27,Sneakers,Clothing,1,2577.06,paid
4016,246bDce1beD26Ba,2025-09-20,Monitor,Electronics,5,641.83,shipped
4017,e08CA6Cd4D6ABBE,2025-06-25,Machine Learning,Books,1,53.69,cancelled
4018,ED43B1e8Be5dcaa,2026-03-01,Sneakers,Clothing,2,1686.19,cancelled
4019,8ffC48709e24eA0,2025-07-18,Jeans,Clothing,1,302.48,shipped
4020,c799FED6C5b7903,2025-02-07,Jacket,Clothing,5,2314.22,shipped
4021,e7DB8470dACFf5b,2025-07-01,Keyboard,Electronics,4,62.37,shipped
4022,AEb2dcA711bd8e8,2025-04-01,Machine Learning,Books,5,2384.01,cancelled
4023,478b8C8490d836d,2025-01-29,Jeans,Clothing,5,791.81,delivered
4024,dEcE72d38191f57,2024-11-01,T-Shirt,Clothing,3,2899.55,paid
4025,1dA0DF6DD19D395,2025-03-11,Data Engineering,Books,4,117.4,paid
4026,Cb9cDBEb80BAA0e,2024-09-08,Sneakers,Clothing,1,32.18,cancelled
4027,C0663561bc4fcEA,2024-06-29,SQL Guide,Books,5,1021.5,cancelled
4028,29eB9ADFAEcFcaC,2025-07-18,Data Engineering,Books,2,817.39,shipped
4029,F185BeAB95aE9F6,2024-12-02,Keyboard,Electronics,5,592.06,cancelled
4030,ada27dcBEeDD6Ab,2024-11-27,Jeans,Clothing,1,1929.93,created
4031,8acc8Bd1d9798ef,2024-09-27,Python Book,Books,5,130.58,delivered
4032,E481a9c735e6E5c,2025-03-02,Jacket,Clothing,3,1818.36,paid
4033,132ad0Ea23aA7Af,2025-08-24,Jeans,Clothing,3,2868.95,delivered
4034,5eDD35d0800fb2f,2025-08-31,Machine Learning,Books,1,1306.97,delivered
4035,2aFeFcdeADEC3C8,2025-10-12,Laptop,Electronics,5,1699.85,shipped
4036,a9FE2a3a60Efccc,2025-05-23,Python Book,Books,3,911.81,shipped
4037,6A836b6bEf3D8dF,2024-08-12,iPhone,Electronics,5,472.22,paid
4038,CECDFffEaC5a228,2025-06-29,SQL Guide,Books,4,1785.43,cancelled
4039,6AA130Ea0abB44E,2025-11-15,Data Engineering,Books,5,2564.63,shipped
4040,72EaA6E9eCFDAa4,2025-09-11,T-Shirt,Clothing,1,1473.87,created
4041,bdee5a343f0DD88,2024-12-07,Machine Learning,Books,5,1563.86,delivered
4042,1C9572a46490D5d,2025-03-21,Sneakers,Clothing,5,2271.43,cancelled
4043,204601d5fbDC0DB,2025-02-14,Python Book,Books,3,964.09,shipped
4044,f4e2dbb4bf9E724,2024-12-22,Python Book,Books,1,710.91,paid
4045,eD815FfA87d0A8b,2024-11-28,Laptop,Electronics,1,1640.02,cancelled
4046,576Fc7982cCC7ea,2024-09-04,Machine Learning,Books,2,2313.48,created
4047,5dB1CebA44DbbFA,2026-01-23,Laptop,Electronics,3,2904.43,created
4048,cC811fb1EA11E6B,2024-09-06,T-Shirt,Clothing,1,1884.55,cancelled
4049,4D2CE7D2cD9d09f,2025-01-26,Laptop,Electronics,4,441.15,paid
4050,C6A6Dcae348Df32,2025-12-11,iPhone,Electronics,1,2987.27,cancelled
4051,7AadcBAD4B3c513,2025-02-18,Jeans,Clothing,3,164.77,shipped
4052,0f58D1716dAb18a,2024-08-06,Jeans,Clothing,2,1229.7,cancelled
4053,06EDfE78F5dc89E,2026-03-15,Machine Learning,Books,1,2605.08,created
4054,d45634dDC4Ab2ea,2024-08-20,Machine Learning,Books,1,260.18,created
4055,c155B6CEaf14636,2025-04-16,Monitor,Electronics,4,2616.96,created
4056,E9ca8bBd3CB911C,2025-11-11,Laptop,Electronics,4,2140.91,cancelled
4057,a84A1D398D3BE6c,2025-10-08,Sneakers,Clothing,5,93.28,created
4058,Fa4edffa7EACBBf,2025-02-04,iPhone,Electronics,3,564.1,cancelled
4059,872FaCCA1F8dcAE,2025-01-12,Python Book,Books,2,252.04,delivered
4060,AD5Dd5f3CA381e0,2024-10-26,iPhone,Electronics,1,851.21,created
4061,1abd54BF5Bccc4a,2025-02-28,SQL Guide,Books,1,227.68,delivered
4062,c184eBeaC9EA0cF,2025-04-28,Machine Learning,Books,2,2527.27,paid
4063,756beE8DA1789Cb,2025-01-31,iPhone,Electronics,5,2216.25,paid
4064,73A0E9F4CF6FAEd,2025-03-28,iPhone,Electronics,1,2892.53,delivered
4065,a7cCbE80dd5236B,2025-02-07,Keyboard,Electronics,4,1051.11,created
4066,28D1DBB9F8Dc3fc,2025-01-10,Sneakers,Clothing,2,2924.97,shipped
4067,AB003fCEd7cCC0B,2026-01-07,Data Engineering,Books,4,2412.1,delivered
4068,6E1Abe9BdFa3b4d,2024-11-06,Sneakers,Clothing,4,2748.56,delivered
4069,dB98014F3DD34be,2025-07-23,Python Book,Books,5,1660.23,cancelled
4070,cf11371BFa322Ec,2024-09-30,iPhone,Electronics,1,671.51,delivered
4071,e0c4bb11a92B7FA,2026-02-20,Sneakers,Clothing,3,1889.37,paid
4072,180E7aC72AbEfde,2024-05-14,Jeans,Clothing,5,130.22,delivered
4073,de3e9Bb0cB78860,2025-06-29,Monitor,Electronics,1,2762.03,cancelled
4074,9DfEc9F62b3Df48,2025-04-12,Machine Learning,Books,5,2969.76,shipped
4075,6D0A99462fc1fd4,2025-06-27,Keyboard,Electronics,2,2111.06,paid
4076,307073bfD6cba55,2026-03-03,Jacket,Clothing,2,2979.02,created
4077,B7CaC4a2eA4de10,2025-07-02,Sneakers,Clothing,1,308.7,created
4078,62fdFd30D93c5B8,2025-07-19,SQL Guide,Books,3,1338.46,shipped
4079,dccbBcd6a88DC50,2025-03-15,Keyboard,Electronics,1,25.4,shipped
4080,fa00cFdeDDefCAc,2025-03-24,Laptop,Electronics,5,356.04,shipped
4081,c8c3a378e27A584,2025-02-03,Laptop,Electronics,5,861.8,shipped
4082,7fEDda0634A8dA3,2025-04-05,Machine Learning,Books,3,514.77,created
4083,3DebAfEcb8D5EFE,2024-06-25,T-Shirt,Clothing,4,589.69,shipped
4084,A6289Abe1c6125a,2024-08-28,Monitor,Electronics,2,2029.36,paid
4085,06Ccc1bB2cEa8Ab,2025-01-03,Sneakers,Clothing,1,2021.31,cancelled
4086,5f1e544eF5799dE,2025-06-11,Machine Learning,Books,3,1095.0,paid
4087,4b0dfDeBe3C3B6d,2025-01-03,Data Engineering,Books,1,1457.81,delivered
4088,71eacD40bFd80aa,2025-08-30,iPhone,Electronics,1,2909.77,paid
4089,0AdF80e5F17b0D9,2025-10-23,Sneakers,Clothing,1,105.58,shipped
4090,A0e1a87B3f164fE,2024-08-01,Python Book,Books,2,1761.22,cancelled
4091,C95787e11300F1D,2024-05-09,Laptop,Electronics,1,371.41,shipped
4092,5B0EFc8a0ACc8e0,2024-06-26,T-Shirt,Clothing,1,303.43,created
4093,c2ba2cDeA4d6C51,2025-02-24,Python Book,Books,2,1996.4,created
4094,Df1ebf7C0cEF9F5,2025-04-22,Jeans,Clothing,1,1521.47,delivered
4095,42A30EebDef12e8,2025-03-08,T-Shirt,Clothing,2,67.8,paid
4096,F479Ea8Ee8FEBd7,2024-08-26,iPhone,Electronics,5,317.37,created
4097,CeaC1CcA085Dd56,2024-12-10,Jeans,Clothing,4,393.42,cancelled
4098,84BaE7741Ce4bBd,2024-09-24,Sneakers,Clothing,5,2470.31,cancelled
4099,431551dBcFbD662,2025-06-06,Laptop,Electronics,3,1509.87,paid
4100,Fece8df3EaaEAFD,2025-04-28,Machine Learning,Books,4,1740.36,cancelled
4101,07a035aa9ABF66C,2024-07-23,T-Shirt,Clothing,1,2168.96,paid
4102,0117A2DB9e1Dd12,2025-06-01,Laptop,Electronics,3,240.98,delivered
4103,A22Be035fdC736c,2026-02-09,Jacket,Clothing,2,393.72,shipped
4104,bF9c8171a0a7c36,2025-01-18,Machine Learning,Books,5,1488.96,cancelled
4105,e092d6D4F90bC4D,2025-01-07,Laptop,Electronics,1,1572.9,paid
4106,0Be8bbB0D0Fba07,2025-08-21,Python Book,Books,1,286.43,cancelled
4107,6c92A93D2d187bA,2025-02-14,Monitor,Electronics,4,2453.18,cancelled
4108,46ab85e0fC8E6bD,2024-05-10,Jacket,Clothing,3,1066.59,delivered
4109,AA0a557Ef0ff890,2024-07-10,Data Engineering,Books,1,1157.93,shipped
4110,2c40eC15b81b5a7,2025-05-23,SQL Guide,Books,5,1850.99,created
4111,a70B88dA10DDfA2,2025-11-05,Python Book,Books,1,1682.7,paid
4112,78CBF0e689Ed6B1,2024-12-15,Sneakers,Clothing,4,178.8,delivered
4113,6ba767E32ae0eF3,2025-08-31,Jacket,Clothing,3,175.2,cancelled
4114,e2B043D7420723e,2024-09-17,Keyboard,Electronics,2,2053.58,cancelled
4115,FCFbA83B3DEe3d1,2026-03-11,Sneakers,Clothing,3,1485.35,delivered
4116,c1bF878F8dd160A,2024-10-23,Keyboard,Electronics,3,2436.94,cancelled
4117,8fbCf3a340E1856,2026-04-29,Keyboard,Electronics,4,1942.32,created
4118,ED2bf866EbC613c,2024-12-04,T-Shirt,Clothing,3,2325.66,created
4119,aDab5f17aAd79Ad,2025-01-12,Machine Learning,Books,4,1927.34,created
4120,19B731e8261A21E,2025-06-24,Jacket,Clothing,2,399.04,shipped
4121,Cb45FE42735ab7A,2024-06-06,Laptop,Electronics,4,2316.1,created
4122,5Dad1ca7dec8db4,2026-01-09,Machine Learning,Books,2,1285.84,delivered
4123,0BcA706fE0DF5Cc,2024-11-25,Monitor,Electronics,5,1141.77,cancelled
4124,d3d88E3d9Ce3baC,2025-01-24,SQL Guide,Books,1,2723.86,paid
4125,54eB011FDCbF69a,2024-10-07,Sneakers,Clothing,1,1429.58,shipped
4126,fD9B2eD2D4B7A6f,2024-12-09,Monitor,Electronics,3,728.15,created
4127,ef70B983aadABF2,2025-07-09,Python Book,Books,1,751.9,created
4128,3E4b1AEFddbc62f,2025-09-17,Python Book,Books,1,643.76,shipped
4129,A38B162DbaAdb2B,2025-06-07,T-Shirt,Clothing,1,2581.89,cancelled
4130,8Ecf5FFDf69f77E,2025-05-25,T-Shirt,Clothing,3,766.82,cancelled
4131,913c9D0DbEDdd7b,2025-08-06,iPhone,Electronics,5,1022.13,created
4132,C1B743BfdBEFC8D,2026-03-14,Machine Learning,Books,2,1061.0,created
4133,2977DCeeDd2BF1b,2024-08-21,Python Book,Books,3,2857.49,shipped
4134,04AfEA942eCD86F,2026-03-18,Monitor,Electronics,1,2183.2,shipped
4135,48c8f061faD36BD,2024-10-01,Jeans,Clothing,5,1155.4,shipped
4136,F0FC990873cB46e,2024-10-15,T-Shirt,Clothing,1,2368.75,cancelled
4137,DF7A77887ee7FE2,2026-03-17,Headphones,Electronics,5,1497.59,cancelled
4138,c867afffeBe694f,2025-06-08,Keyboard,Electronics,3,2628.38,shipped
4139,C3cF09fFAFF55CB,2025-03-10,Monitor,Electronics,2,1758.15,shipped
4140,a1cE2b30F8aAB95,2024-11-03,Headphones,Electronics,3,695.59,cancelled
4141,4ca9Df200218cDc,2024-08-07,Machine Learning,Books,3,399.43,shipped
4142,073eCF0331d01dF,2025-11-22,Laptop,Electronics,5,887.09,delivered
4143,85eA788A1c5A830,2024-05-23,Monitor,Electronics,3,766.51,paid
4144,51DD0FeADFf9bDa,2025-11-04,Python Book,Books,4,231.36,paid
4145,fEDF1DCbEE5Cedd,2025-06-14,Monitor,Electronics,3,2980.88,delivered
4146,d5D9C3d7cB40fB4,2025-09-01,Laptop,Electronics,5,1509.14,cancelled
4147,7BD74a337fD88a0,2024-08-05,SQL Guide,Books,3,340.64,delivered
4148,0cAfD3EbcaCc06A,2025-09-24,Sneakers,Clothing,4,2840.02,delivered
4149,FBaaED7568a31bd,2025-04-30,Headphones,Electronics,3,678.38,cancelled
4150,1eACE9B6f90CB67,2025-02-25,SQL Guide,Books,5,2709.95,cancelled
4151,a78BBDD31eeb162,2024-09-25,Python Book,Books,2,1503.97,delivered
4152,ABB6E047b28cAf5,2025-05-20,Jeans,Clothing,1,316.7,paid
4153,CF674D1FB39f771,2025-09-27,Sneakers,Clothing,5,2491.47,created
4154,BEc639f5dF7e0ac,2026-03-09,Machine Learning,Books,3,2049.69,shipped
4155,ECA3BEB5fCaEa6C,2025-10-24,Python Book,Books,3,2742.32,created
4156,85d5BDcf3f50B64,2025-01-18,Python Book,Books,2,210.81,delivered
4157,1CfcED831C3d69F,2024-08-01,Data Engineering,Books,4,105.18,cancelled
4158,72Dcd4e9b4aC7f6,2025-09-13,T-Shirt,Clothing,4,1117.87,shipped
4159,d1d9A71BA11aB0C,2025-10-04,Machine Learning,Books,1,808.68,shipped
4160,c3Ba12BefBF5194,2025-07-21,T-Shirt,Clothing,3,757.12,delivered
4161,EB9500F4Fd2eD03,2024-05-11,Jacket,Clothing,1,622.89,paid
4162,dbc075388C1A305,2025-07-05,Machine Learning,Books,1,1241.27,paid
4163,2eC1DEE77657FEd,2026-02-06,T-Shirt,Clothing,4,1731.51,shipped
4164,3d5d1c5231b40fD,2025-04-18,SQL Guide,Books,4,2674.74,delivered
4165,CC726bfB78F1Da9,2025-09-19,Machine Learning,Books,2,1926.26,delivered
4166,dff03Eeba7F83a6,2025-09-05,Python Book,Books,5,1356.6,created
4167,2991AEC5FDDb462,2025-05-14,Jeans,Clothing,2,1897.59,shipped
4168,f8fc11AE6F9cbC0,2025-06-29,Sneakers,Clothing,4,2943.19,created
4169,378CDd7eec0F784,2026-02-27,Keyboard,Electronics,5,245.77,created
4170,a7eC8c64d1CA2ca,2025-10-25,Sneakers,Clothing,5,1643.47,created
4171,0de09d35A0D0A29,2024-09-07,Data Engineering,Books,5,2641.51,cancelled
4172,FC4f57Be1095AaF,2025-09-28,Data Engineering,Books,2,211.5,shipped
4173,71a9f5691da6A21,2025-02-07,Sneakers,Clothing,1,2096.73,cancelled
4174,eDa7Cb1a8e5bF73,2025-06-13,iPhone,Electronics,3,48.12,created
4175,d1Eed3cdC5E35F5,2025-12-13,SQL Guide,Books,3,55.82,paid
4176,608AA1C225bfEAF,2025-08-08,Data Engineering,Books,4,2744.18,created
4177,F1bFCfAc600BED8,2025-12-30,Data Engineering,Books,1,2383.98,delivered
4178,5C485cf02a5c915,2025-09-04,Python Book,Books,4,1933.08,paid
4179,dc5b82cbfa9f47d,2025-02-07,Monitor,Electronics,5,1971.04,paid
4180,1BA1fbD359b09Fa,2026-03-16,Headphones,Electronics,5,1103.19,created
4181,3b38F6d50C2cCc2,2024-12-17,Machine Learning,Books,5,1372.55,shipped
4182,E5C09DB0EeAE86F,2025-02-10,T-Shirt,Clothing,5,2702.34,created
4183,2723Ea9EA1b6a0B,2025-10-21,Laptop,Electronics,3,2166.2,paid
4184,b5FDCAC6f4f7ECb,2026-01-28,Sneakers,Clothing,4,1287.32,cancelled
4185,7FF91EC43ce602a,2025-07-24,Data Engineering,Books,2,1514.22,cancelled
4186,F83e0EA2B4B3282,2025-09-11,Python Book,Books,2,2709.46,delivered
4187,0ACef9AdE24A654,2024-10-17,Headphones,Electronics,2,1620.03,created
4188,9Cc9a74A8dcc6dF,2025-05-22,Keyboard,Electronics,2,247.25,paid
4189,bb7dC9DA7cf6Ee0,2024-12-13,Jacket,Clothing,4,1077.64,created
4190,79551e46331E1A0,2026-03-02,SQL Guide,Books,5,2151.61,created
4191,955AeFd9FE5874A,2024-10-21,Keyboard,Electronics,1,2395.76,cancelled
4192,CB8a4df0cFEfbBB,2024-06-24,T-Shirt,Clothing,2,1144.79,cancelled
4193,D762De6287CfeCb,2025-03-05,Sneakers,Clothing,3,1535.34,created
4194,CE3C0f09E9c740D,2025-12-11,Keyboard,Electronics,2,2233.47,cancelled
4195,DDc2Ad42C9458AB,2024-05-30,Sneakers,Clothing,2,2854.95,paid
4196,673E266dbEEfaB0,2025-07-18,Sneakers,Clothing,2,427.1,created
4197,2BEFe825fF05eBB,2024-11-17,Sneakers,Clothing,3,1757.08,delivered
4198,3baCCF9a4a8c1A5,2025-09-09,Machine Learning,Books,3,2391.67,cancelled
4199,AfBc7dFB4Ccdb22,2024-10-21,Laptop,Electronics,5,52.12,paid
4200,DfBabE1Fb3219b4,2024-11-18,Jacket,Clothing,4,2676.72,shipped
4201,A9d76fb8A059BdF,2024-05-15,Sneakers,Clothing,3,381.9,shipped
4202,fEdcad9ae087C68,2025-09-04,Data Engineering,Books,2,1061.03,delivered
4203,C8A4DcEcCE5a10A,2025-07-16,SQL Guide,Books,5,2810.8,created
4204,bcb94bd9fe3c087,2025-04-03,Python Book,Books,1,219.65,delivered
4205,A2dD4FBCA1aEB1E,2026-04-13,Keyboard,Electronics,2,2913.35,created
4206,dcCcCC90f8cBC3B,2024-10-23,Data Engineering,Books,1,1762.41,paid
4207,e4BedDc20ffcdf4,2025-02-09,Data Engineering,Books,5,1808.71,cancelled
4208,de1BCe5C42eFb7B,2025-01-16,Sneakers,Clothing,4,715.93,created
4209,79051d4BE1EA83b,2024-10-22,Jeans,Clothing,1,1341.21,shipped
4210,5aCAa4DEb08EDA7,2025-01-24,Monitor,Electronics,4,637.91,shipped
4211,21CC80EE68d5CfD,2024-11-26,SQL Guide,Books,5,1412.72,delivered
4212,2FA34Ced143bfd9,2026-04-03,Sneakers,Clothing,2,2150.93,shipped
4213,f4c0E7EF2D82FDd,2024-05-24,iPhone,Electronics,3,2193.16,paid
4214,D1824A7A5D2a8e1,2025-08-17,Laptop,Electronics,1,194.35,delivered
4215,7AB9A6710Dd3D50,2026-03-24,SQL Guide,Books,2,1127.79,paid
4216,C41dDCfa9f95D41,2024-09-09,T-Shirt,Clothing,3,2696.66,paid
4217,Fe5df3EAc23Ef7c,2025-08-15,Keyboard,Electronics,2,617.31,shipped
4218,abaebD9ECF9dfbA,2024-09-19,Jacket,Clothing,2,2619.76,paid
4219,3e6801B81432B0c,2025-02-25,Machine Learning,Books,4,971.32,cancelled
4220,C6BC11Cc436fe4D,2024-07-22,Jacket,Clothing,5,2368.39,delivered
4221,dCCcD64CD763154,2024-07-08,Machine Learning,Books,2,2453.23,delivered
4222,2C8bDf07344CF0B,2025-09-07,Keyboard,Electronics,5,1712.94,created
4223,a9A90BFEcDBABAe,2026-05-05,Sneakers,Clothing,5,655.06,created
4224,6Da1Bf82587d4Db,2025-01-07,Machine Learning,Books,5,266.67,delivered
4225,c0db5bAdCC21BEe,2024-09-28,T-Shirt,Clothing,2,2771.64,delivered
4226,E96EEe93e4438AE,2025-12-16,Jeans,Clothing,1,1544.21,shipped
4227,7Bb713cEF40DBea,2025-07-05,Machine Learning,Books,3,1908.55,created
4228,962cDdf8D01bB2F,2025-05-13,Data Engineering,Books,3,580.25,created
4229,BaA6BdCaf97cBEB,2026-01-18,T-Shirt,Clothing,1,2094.91,shipped
4230,c9bcE7A23D53AFe,2025-08-20,SQL Guide,Books,1,1177.63,paid
4231,0dC96Fc4c5eeA3A,2026-02-27,Machine Learning,Books,2,2760.61,shipped
4232,8fbCf3a340E1856,2026-02-25,Jeans,Clothing,2,1809.5,paid
4233,Bccd2Ba56C00D98,2025-11-30,Jeans,Clothing,3,1662.16,cancelled
4234,4fbF4AaaCAbAa04,2025-01-06,Keyboard,Electronics,4,1095.03,shipped
4235,c1BB0Fe90Ff9Cc6,2025-08-19,T-Shirt,Clothing,2,2264.04,delivered
4236,ccE7cC307202eBB,2025-12-27,Laptop,Electronics,4,1234.83,paid
4237,edc8CBBF1be7e3e,2024-12-07,Laptop,Electronics,4,738.67,created
4238,De2987A5BF2A7B3,2025-06-02,Monitor,Electronics,1,804.92,paid
4239,eBdb2Bc8A7EDeE3,2026-03-18,Jacket,Clothing,2,2957.53,delivered
4240,E10fAfe46353fB6,2024-07-03,Jeans,Clothing,5,810.83,paid
4241,cf8F9dFdabEee9a,2025-02-25,Laptop,Electronics,2,2298.63,delivered
4242,e1B8BbDDe68EeC1,2026-04-18,Laptop,Electronics,3,70.1,cancelled
4243,8D3942dADA07Ab5,2024-12-22,Machine Learning,Books,4,2008.79,delivered
4244,bC273F93D02Cd5b,2025-10-26,Monitor,Electronics,1,1036.08,paid
4245,2FeEcc932e1E0eb,2025-08-10,Machine Learning,Books,1,819.81,paid
4246,51ce186D3dea8f5,2025-07-05,T-Shirt,Clothing,3,59.46,created
4247,E500Cc2Fa197d1c,2025-09-16,Laptop,Electronics,3,2806.12,paid
4248,dbBEED530Dded7b,2024-10-25,Sneakers,Clothing,1,2202.64,created
4249,9ce5CaCA4AfE5A1,2025-09-06,Jeans,Clothing,5,1561.55,shipped
4250,d0C17b42ACD3E27,2025-03-23,SQL Guide,Books,1,269.62,cancelled
4251,C26fE5f33bC94cB,2025-11-14,Data Engineering,Books,3,17.9,shipped
4252,6cD6c0486FDD60E,2025-06-01,Headphones,Electronics,4,374.83,created
4253,D01bCa399C31C6C,2026-05-06,Keyboard,Electronics,5,2260.96,created
4254,90df0fbA9596b32,2025-08-24,Headphones,Electronics,3,2214.44,paid
4255,EBB29eae682d31a,2024-08-01,SQL Guide,Books,2,795.38,cancelled
4256,74D3EBD4aCc2BB8,2024-11-16,Monitor,Electronics,1,101.84,paid
4257,b669c7CF77a1cED,2024-09-26,Data Engineering,Books,2,638.63,paid
4258,b6FeCd0D3C521Dc,2025-12-14,Python Book,Books,5,2832.49,shipped
4259,0D40a8616cE7aCb,2026-02-09,Jeans,Clothing,2,654.4,created
4260,958Ea2Ce4c630Ea,2026-03-27,Sneakers,Clothing,4,2124.05,shipped
4261,6738c72CeA0D9CE,2025-11-08,Python Book,Books,3,794.66,created
4262,cFC5b5307ceC81a,2024-10-11,SQL Guide,Books,2,839.75,shipped
4263,C3c88FCf51F741E,2024-06-20,Monitor,Electronics,1,1613.5,paid
4264,8c6fBA22E4d3c9a,2025-04-03,Laptop,Electronics,2,901.78,created
4265,b48D2bBE53FBfAB,2025-05-06,T-Shirt,Clothing,4,213.52,shipped
4266,BD55b4ac47F9FeC,2024-12-17,Data Engineering,Books,5,2335.57,cancelled
4267,Cc8Daf16fA0612a,2024-08-18,Monitor,Electronics,2,2203.08,created
4268,39BC92BccE4C56E,2024-10-27,Keyboard,Electronics,3,1671.05,cancelled
4269,A90B8FDf9b5C176,2024-09-02,Python Book,Books,4,1429.08,shipped
4270,B49C32c5281cDDA,2026-05-05,Headphones,Electronics,1,2107.2,paid
4271,3BAB02b38aF8089,2025-10-30,Python Book,Books,4,2580.79,paid
4272,DD491de20CdCAcF,2025-06-01,T-Shirt,Clothing,3,1897.6,paid
4273,3bb2c8e7d86E1F8,2025-01-06,Keyboard,Electronics,2,2311.17,delivered
4274,9Ee87bbC847e5B2,2024-08-20,Jeans,Clothing,4,707.44,cancelled
4275,c3B5aaBE9CdB0C5,2025-11-02,Sneakers,Clothing,4,531.16,shipped
4276,6f0BEc8d5e50805,2026-02-06,Sneakers,Clothing,5,2726.74,shipped
4277,6E2aA211C123D30,2025-01-12,Machine Learning,Books,3,274.26,created
4278,BB6A6FdEE69cBaB,2025-09-24,iPhone,Electronics,4,1251.74,shipped
4279,3FcB0ed1477B90A,2025-03-23,Jeans,Clothing,5,2253.23,delivered
4280,DEDabF6Ad58cE2F,2024-06-27,Keyboard,Electronics,2,528.07,paid
4281,a061fF5fe4b8F7C,2025-06-02,Laptop,Electronics,4,162.04,shipped
4282,D82235CaE4dd91C,2025-03-04,Jacket,Clothing,2,2868.05,paid
4283,a7ac3DD90F8F1ae,2025-11-09,Monitor,Electronics,4,17.66,created
4284,45fF64bCc7DdE0E,2025-12-20,Jeans,Clothing,3,977.74,paid
4285,1aD21F0BD1D88CD,2025-08-25,Jacket,Clothing,1,1423.71,paid
4286,c943B2B200bF2bc,2025-04-10,Data Engineering,Books,1,2492.44,shipped
4287,C49de79F3bbee1C,2025-03-31,Headphones,Electronics,5,185.24,paid
4288,1F19F1fcC9082ed,2024-06-30,Sneakers,Clothing,2,1126.74,shipped
4289,ff75cbDde182ECf,2026-01-09,Jacket,Clothing,5,92.84,created
4290,7f7d19bB1BaA4fB,2026-04-01,Data Engineering,Books,2,2175.01,shipped
4291,f87ccD80f5b0DCb,2025-12-16,iPhone,Electronics,4,19.58,paid
4292,CDC3e89Da19d1A3,2024-06-15,Headphones,Electronics,4,2950.88,delivered
4293,4Dbf7eA669EA00c,2025-08-20,SQL Guide,Books,4,635.61,delivered
4294,5A30aB53cd8782C,2025-04-30,SQL Guide,Books,4,2890.09,delivered
4295,CB7926cf0b69120,2025-05-26,Machine Learning,Books,3,713.47,delivered
4296,E8cdd7341dFfBEc,2024-12-29,Laptop,Electronics,4,2010.72,created
4297,5867dD0e7F9302c,2024-10-02,Jeans,Clothing,3,1118.05,shipped
4298,F3d7C5F447dD89F,2025-10-07,Laptop,Electronics,1,2478.62,cancelled
4299,022EEEDdA3BEeF4,2025-10-13,iPhone,Electronics,2,1622.89,cancelled
4300,6E87AfffbEFEccC,2025-09-27,Machine Learning,Books,3,2544.39,created
4301,BFc10dcAc5ef7dd,2024-07-14,Data Engineering,Books,3,716.98,cancelled
4302,Ae3EbAa2aBfB1F7,2026-04-16,Monitor,Electronics,2,2476.5,shipped
4303,E8e7a3E00Bc0aDD,2025-10-27,Machine Learning,Books,3,1561.33,cancelled
4304,6756A0dCB3bccDd,2024-12-31,Jacket,Clothing,2,1688.57,created
4305,b6C3510DdDECDc2,2024-12-24,Jacket,Clothing,3,1212.56,delivered
4306,fea8529fD7DaB16,2026-01-06,T-Shirt,Clothing,3,428.81,shipped
4307,52F1742763a5270,2025-03-28,Laptop,Electronics,3,1579.43,shipped
4308,102444DBEBaf49f,2026-03-08,Keyboard,Electronics,3,804.32,shipped
4309,CdC9C346b0Eaf8E,2025-04-20,Jacket,Clothing,4,1274.85,cancelled
4310,AAff18F37Df311D,2024-08-12,iPhone,Electronics,4,2145.15,delivered
4311,9821cD8A90bE04c,2026-05-08,Machine Learning,Books,4,793.47,created
4312,5CDAFB532Bb12d8,2024-06-27,Machine Learning,Books,3,2776.01,delivered
4313,1AeD835bFB347Fd,2025-08-16,SQL Guide,Books,5,1838.47,created
4314,fbCD7449fC400aC,2025-06-17,Machine Learning,Books,1,2038.64,shipped
4315,5f3ffd06BDdbDD9,2024-12-21,Data Engineering,Books,3,2471.64,created
4316,C9cfea4EAD21AFa,2025-05-27,SQL Guide,Books,5,2960.04,created
4317,97AEAfa7bECc7EB,2024-12-15,Laptop,Electronics,5,1779.38,cancelled
4318,e0Ef4ea05dd4BE7,2025-04-04,Jeans,Clothing,5,595.36,shipped
4319,d1cFAF706aa546f,2024-07-20,Sneakers,Clothing,2,2012.71,delivered
4320,A8a7dAB5AA07942,2024-05-21,Headphones,Electronics,1,2565.75,cancelled
4321,9A4134dC0161847,2025-10-30,Headphones,Electronics,5,2095.52,delivered
4322,39B51f8b025e8Ef,2024-05-14,T-Shirt,Clothing,4,710.13,delivered
4323,15b8C5cBBd28458,2025-03-29,Jacket,Clothing,5,2140.87,shipped
4324,f419fB3CF300656,2025-10-20,Keyboard,Electronics,2,2245.68,cancelled
4325,57BDEcD71F37Adc,2024-07-17,Sneakers,Clothing,1,485.7,cancelled
4326,c7CffB42105cC2a,2025-01-17,Python Book,Books,2,1033.23,cancelled
4327,c6b6fDCB019D05e,2024-08-15,Headphones,Electronics,1,1351.25,cancelled
4328,E8f9d6eab8A6781,2025-06-02,Sneakers,Clothing,2,321.64,shipped
4329,44db02fDcBBb95E,2024-09-29,Data Engineering,Books,3,1844.43,created
4330,9351ED08dF3F6FD,2026-04-09,Headphones,Electronics,1,1378.5,shipped
4331,FFfc2B099bFc929,2024-07-07,Keyboard,Electronics,1,191.55,shipped
4332,03ba7f880903fb7,2024-12-04,Machine Learning,Books,3,337.12,paid
4333,e7Cf0a200F9C9Eb,2024-05-20,Headphones,Electronics,5,2325.82,delivered
4334,2ccc2d9E9AfcCB9,2025-03-08,Machine Learning,Books,3,1136.78,shipped
4335,38F2D196C99e53E,2024-07-09,Monitor,Electronics,1,229.91,shipped
4336,fdeA4fC8a2eF9bB,2025-10-24,Jacket,Clothing,2,2859.38,created
4337,0B83FCA5A9dc89e,2025-12-04,T-Shirt,Clothing,1,2070.92,created
4338,daBaF9fA10aE8F0,2025-10-13,T-Shirt,Clothing,1,842.2,cancelled
4339,aCd84dD7D67C43C,2024-08-01,T-Shirt,Clothing,4,2060.54,paid
4340,Ba10AAc7cf64bB7,2024-09-11,Laptop,Electronics,4,444.82,cancelled
4341,cd149C9Dc4afEeD,2025-03-24,Data Engineering,Books,2,2008.88,paid
4342,FCAb53Ac32bfccA,2024-09-18,Monitor,Electronics,3,2785.93,paid
4343,A150dBdA920Fb2a,2025-08-18,Machine Learning,Books,2,651.45,paid
4344,C7Aa3F8EAeecd69,2026-04-28,Python Book,Books,4,2261.06,delivered
4345,19AF0274cb2b447,2024-09-03,Laptop,Electronics,3,779.69,paid
4346,Fa9DccC2bcA0b5b,2025-03-08,Monitor,Electronics,3,762.3,paid
4347,fe1EBfCd1B600a4,2025-09-25,Sneakers,Clothing,4,2304.42,delivered
4348,1E0ee7B1ccd39Af,2026-05-08,iPhone,Electronics,5,2830.38,created
4349,cA982Ee7a63E72b,2025-01-28,Python Book,Books,3,2814.49,paid
4350,5Aa609aF6CfFC44,2024-10-26,Python Book,Books,2,2323.83,delivered
4351,e1DCD2DeA9b4Ba3,2025-11-29,Monitor,Electronics,5,2208.73,cancelled
4352,75E6a01B37dFbdB,2026-04-18,Jacket,Clothing,3,248.9,shipped
4353,BDE6a01CE2Fa9C1,2024-05-14,Monitor,Electronics,3,2821.88,shipped
4354,d0c9eBC95d13347,2026-01-22,Laptop,Electronics,3,1363.21,created
4355,A3aaebBBaFaE97F,2026-01-23,Jeans,Clothing,4,2470.72,cancelled
4356,eB468A16Ebfc47f,2025-03-21,Data Engineering,Books,2,2701.66,paid
4357,BAfa4AC5dAAD6bB,2024-10-09,Jacket,Clothing,2,2956.08,cancelled
4358,CDf1978D43AaCEA,2025-03-31,Sneakers,Clothing,3,736.77,created
4359,cCe798F4a3660de,2025-08-15,Jeans,Clothing,5,784.53,shipped
4360,CE3d4eD2d1dA72a,2025-10-19,Monitor,Electronics,4,2608.96,paid
4361,8deA2672EFBd73c,2025-08-18,Jeans,Clothing,3,2761.01,paid
4362,81e2597a152f85a,2026-04-12,Jacket,Clothing,1,1642.48,created
4363,Fd9d6c7832cB5Dd,2025-08-10,Sneakers,Clothing,5,2607.69,delivered
4364,fFf71640d4984eb,2025-11-22,Python Book,Books,4,535.82,cancelled
4365,05301ebDD23D6E8,2025-06-07,Python Book,Books,4,639.31,shipped
4366,2aE10bf5DCaFFd9,2025-03-29,Headphones,Electronics,5,979.81,paid
4367,6ded5a3B4A7298F,2026-03-14,Machine Learning,Books,1,2915.05,created
4368,AfcD9f6e51bDa67,2025-03-23,Machine Learning,Books,1,521.83,shipped
4369,7FEAf9c8Ebe43CA,2024-06-07,Python Book,Books,3,2294.83,shipped
4370,a43BD25eebEdfe2,2026-04-12,Jeans,Clothing,3,2181.73,shipped
4371,DB2bE47106D0C20,2024-08-09,Jeans,Clothing,1,888.31,delivered
4372,15dFead2783Dffb,2025-04-25,Laptop,Electronics,4,2680.57,paid
4373,bbb57215EAdec77,2024-07-20,Machine Learning,Books,2,982.71,cancelled
4374,8cBDb3692Dd02AF,2025-12-15,SQL Guide,Books,5,928.63,cancelled
4375,14BFc0f4bc957BF,2025-12-25,Laptop,Electronics,2,2080.96,delivered
4376,5fBA085345eFDeA,2025-02-01,Jacket,Clothing,2,125.53,paid
4377,CBeda5DeFae3dbe,2024-07-26,Keyboard,Electronics,3,972.33,paid
4378,7Fca39671FCcb7A,2026-04-03,Python Book,Books,5,2817.37,delivered
4379,B0dff8B8E80cAb4,2024-10-30,Headphones,Electronics,3,208.42,shipped
4380,F1E7fCC1ea8a75a,2024-07-09,Machine Learning,Books,2,1821.24,delivered
4381,da2C593eEc576F5,2025-02-02,Data Engineering,Books,5,215.43,delivered
4382,Fc9AfcDD7f39151,2024-07-27,Jeans,Clothing,2,950.04,cancelled
4383,CAF30A531463EC5,2025-05-24,Monitor,Electronics,4,2891.1,cancelled
4384,F9f31AA2CcbaE7e,2025-03-18,Monitor,Electronics,4,999.15,delivered
4385,50a5Dae1545efF8,2024-05-20,Python Book,Books,1,165.58,cancelled
4386,a7F4f1EeDef24B6,2025-08-13,Data Engineering,Books,3,1243.86,paid
4387,c6F3EB7FCBeAc9b,2025-06-06,iPhone,Electronics,4,1283.61,shipped
4388,ABadEE7D78dFd0f,2025-08-12,Python Book,Books,4,2519.12,cancelled
4389,675AfE43514F03b,2024-06-25,Data Engineering,Books,5,1034.6,paid
4390,ccCC4Bc8A0dBe6C,2025-08-01,Python Book,Books,1,170.19,cancelled
4391,b65ace87faCF5E4,2025-06-17,iPhone,Electronics,2,37.6,delivered
4392,e2Ad66ceb500BaF,2024-10-17,T-Shirt,Clothing,2,2879.12,shipped
4393,ba76Ae4c02fDCe2,2024-06-08,Machine Learning,Books,1,1531.81,delivered
4394,eaddb5feAf5fBAa,2026-05-01,Laptop,Electronics,1,2157.82,delivered
4395,Cb6eB25e5349eF6,2024-10-20,Keyboard,Electronics,5,1594.03,cancelled
4396,bd394FbDE9415bA,2024-10-01,Keyboard,Electronics,2,2060.66,created
4397,6f94CF3Ab11c9fA,2024-12-03,Python Book,Books,3,642.06,paid
4398,Cdbe7C14D1AFA7d,2026-01-23,SQL Guide,Books,4,402.32,cancelled
4399,a360EfeeF8B6f09,2024-09-04,SQL Guide,Books,3,1365.22,delivered
4400,8dc2FB76Ff6cB15,2025-10-14,Monitor,Electronics,1,1351.95,cancelled
4401,8e466cFdFEA3CC9,2024-07-20,Headphones,Electronics,5,372.05,paid
4402,C2F28AB3D5c3c7d,2024-07-15,SQL Guide,Books,2,533.32,paid
4403,aDd7B20BDFeD5aD,2025-09-30,Jacket,Clothing,5,354.99,paid
4404,F1bEF0fa478DAeE,2024-08-21,T-Shirt,Clothing,1,1368.59,shipped
4405,8b794dd4BBffF20,2024-10-05,Headphones,Electronics,2,1354.02,cancelled
4406,3a535DADBD0A2BB,2024-11-18,Sneakers,Clothing,1,1481.81,delivered
4407,46e97dc1dfb2C2a,2026-03-25,Jeans,Clothing,4,1416.75,paid
4408,BEf539ad0f113CB,2026-01-16,Jacket,Clothing,1,1616.08,shipped
4409,D639CF0CB6AfbF5,2026-02-27,iPhone,Electronics,1,2418.83,shipped
4410,401cFadfDF22733,2024-09-03,Data Engineering,Books,2,860.66,created
4411,C0A163f445F8042,2024-05-31,Monitor,Electronics,3,2587.75,shipped
4412,6a6bFE54ADd0CeE,2025-06-20,Jeans,Clothing,1,915.04,paid
4413,c5c7cDd1Ca69Fcb,2024-11-03,Data Engineering,Books,4,698.89,delivered
4414,d64dafF62D8b0e5,2024-09-15,Monitor,Electronics,1,845.54,created
4415,f1fc77e0666dDCc,2025-09-23,Headphones,Electronics,3,514.42,paid
4416,E1Bfc09e27eaD96,2025-10-09,Machine Learning,Books,3,1082.44,delivered
4417,CCBaE351e2470eD,2025-04-04,Laptop,Electronics,4,2366.57,paid
4418,bA2ddecCdC6185a,2025-09-19,Laptop,Electronics,1,1357.47,created
4419,ADBcddfB63bb1b3,2024-05-27,SQL Guide,Books,2,1745.32,delivered
4420,eA0DdC88daA559D,2025-05-31,Keyboard,Electronics,5,827.88,paid
4421,cBFaA6f9FE1Ddc6,2024-05-19,T-Shirt,Clothing,4,81.66,shipped
4422,A4d6F9ECdDb3AEc,2025-01-30,Jacket,Clothing,4,2979.67,shipped
4423,274c1FD0C3a0D2E,2025-02-02,Machine Learning,Books,4,1425.05,delivered
4424,b35B45BAef76FE2,2025-05-11,Laptop,Electronics,5,560.53,delivered
4425,122E34Bc50d0bC1,2024-12-29,Headphones,Electronics,1,1824.13,cancelled
4426,2Fb597f7c3dfCEC,2024-06-29,Python Book,Books,1,1199.69,cancelled
4427,36677DF7Aa275Ba,2026-03-29,Python Book,Books,1,696.58,cancelled
4428,1Dc43b7E414D6AC,2025-04-24,SQL Guide,Books,3,2435.97,created
4429,eDF5A0Ed71D7AA6,2025-01-02,Monitor,Electronics,4,1273.95,delivered
4430,69aaEc9629D7D5C,2025-06-02,Machine Learning,Books,2,133.67,delivered
4431,de26Fcec94102a7,2024-05-29,Python Book,Books,5,2071.95,delivered
4432,0C2EDb3eaAC6bF0,2024-08-12,Data Engineering,Books,1,2154.93,paid
4433,969D7A54F1C5E0b,2025-08-04,Keyboard,Electronics,5,2685.99,paid
4434,9e440A0DE4Ed7Ee,2025-12-07,Jeans,Clothing,4,2400.23,created
4435,a72D9789cd3aEaC,2025-09-23,Jeans,Clothing,3,1566.89,cancelled
4436,db0102c2c739BFa,2026-02-01,Data Engineering,Books,4,1324.6,created
4437,FbdA7bAD1B5C3A5,2025-12-27,Jacket,Clothing,2,2157.06,paid
4438,cCc9A9185e3Ad62,2024-07-30,Jacket,Clothing,3,1720.06,paid
4439,308DaFBeE0fB7cE,2026-04-01,Python Book,Books,2,2764.83,created
4440,7c8167407f607F8,2024-05-26,Jacket,Clothing,4,2479.72,shipped
4441,e3Dbe7b64b32770,2025-07-29,SQL Guide,Books,1,1353.11,paid
4442,0bAF7Cae57Ee9DC,2025-09-09,Monitor,Electronics,4,2598.95,created
4443,265da3fF4dFDeFe,2025-12-17,Headphones,Electronics,4,2936.48,created
4444,db075b65ff4e989,2025-07-25,Jeans,Clothing,4,187.97,created
4445,04d3e5D81fE7Fbe,2025-11-16,Sneakers,Clothing,1,600.83,created
4446,64C030CA291b74c,2024-12-30,SQL Guide,Books,3,405.71,cancelled
4447,dA378bb546cceEE,2026-04-15,Python Book,Books,4,1909.91,cancelled
4448,40B7D38c58be4b4,2025-05-11,Sneakers,Clothing,5,2956.22,delivered
4449,A411ac92e3eB32A,2024-09-30,T-Shirt,Clothing,5,2956.62,shipped
4450,bDF9EBAcd166638,2025-03-27,Machine Learning,Books,4,23.45,shipped
4451,dD820de3aBfAEBa,2026-02-07,T-Shirt,Clothing,1,721.01,created
4452,dDe5d5ACdEc1947,2026-03-26,iPhone,Electronics,2,2478.49,paid
4453,cbe9b7F3ab7cFa8,2025-07-13,Sneakers,Clothing,4,2364.82,paid
4454,9ecBcBE509fafd2,2024-07-11,Machine Learning,Books,3,2381.02,created
4455,1c3F8aD0B1593Ff,2025-01-17,Jacket,Clothing,2,1821.91,delivered
4456,8ec3ADab6662F78,2024-12-08,Jacket,Clothing,5,1086.62,shipped
4457,afb9Fa1644D7EA0,2024-08-24,Jacket,Clothing,2,1823.82,delivered
4458,1C1A9e3aFdD7c79,2024-05-15,Data Engineering,Books,4,1226.67,cancelled
4459,e6ec6ED7f9eAF2c,2025-08-27,Machine Learning,Books,4,2001.99,paid
4460,Be60CBa7e51De2A,2025-01-11,iPhone,Electronics,5,188.6,delivered
4461,561F1FE0dff9366,2025-05-12,T-Shirt,Clothing,4,1890.26,cancelled
4462,eB83955c9D0f2Ce,2025-06-27,Python Book,Books,1,571.92,cancelled
4463,00B28d406a4D7F0,2025-05-15,Python Book,Books,4,410.3,cancelled
4464,B56B63F3d05a1de,2025-01-18,Jeans,Clothing,3,440.11,cancelled
4465,f94893bD6798FBc,2025-07-21,Keyboard,Electronics,2,1379.5,cancelled
4466,D6DCcF19fe9EaD5,2024-08-31,Data Engineering,Books,1,739.36,created
4467,18B49a29EC5dDae,2026-03-24,Sneakers,Clothing,2,51.06,cancelled
4468,a7bEb59A4658b46,2025-03-09,T-Shirt,Clothing,2,1791.45,paid
4469,f2B9cEBAA6BA88e,2026-03-10,Python Book,Books,3,628.69,created
4470,83A9167D42036C9,2025-01-12,T-Shirt,Clothing,3,2647.23,paid
4471,DBd6f1cAFD58e4d,2025-08-23,Jeans,Clothing,2,234.87,created
4472,db90AD30daECcfA,2024-10-09,Monitor,Electronics,1,1531.78,delivered
4473,E3bD2ddCC9BdEde,2025-04-15,Keyboard,Electronics,3,2236.19,delivered
4474,98EB2133ef66CE8,2025-09-25,Sneakers,Clothing,4,1141.36,delivered
4475,bC0d84573b5ea56,2024-08-13,Python Book,Books,5,415.29,cancelled
4476,174805FD2668b1a,2026-02-08,iPhone,Electronics,4,1900.21,delivered
4477,05ef82EDdE8A38e,2025-09-20,Headphones,Electronics,2,1513.86,paid
4478,d3daFe0FD6F5bB7,2025-08-27,T-Shirt,Clothing,4,1295.79,cancelled
4479,afDA81daFF41f64,2026-05-02,Machine Learning,Books,2,744.74,created
4480,c28Bb00F6fEDa3a,2024-09-29,Python Book,Books,4,1473.06,created
4481,1BCec585F1C3Ba8,2025-01-27,Headphones,Electronics,1,2874.62,paid
4482,Bf08D082F8bEa0c,2024-09-18,Python Book,Books,2,303.14,paid
4483,101F2CfA28ddd83,2025-07-06,SQL Guide,Books,4,2911.03,created
4484,25cD253f9AA40dd,2025-06-22,Jacket,Clothing,4,2093.02,cancelled
4485,96BdBec9A23f6fB,2026-01-28,Laptop,Electronics,4,1321.86,cancelled
4486,9EfbCE7736caDEF,2025-06-14,Machine Learning,Books,4,2892.88,shipped
4487,bDeA86de6E008dB,2025-11-25,Data Engineering,Books,2,258.71,paid
4488,eF6aA3b7B7b6c8B,2025-10-19,Machine Learning,Books,3,964.61,shipped
4489,800753FfDAFc865,2025-01-31,Python Book,Books,3,1977.77,shipped
4490,97C927aF33CCCdF,2025-07-26,Jacket,Clothing,4,295.7,paid
4491,5CebfEb286C541A,2026-01-29,Data Engineering,Books,3,812.21,cancelled
4492,f8bBbEBBfC5a71E,2024-08-31,iPhone,Electronics,5,911.57,created
4493,9ba26ef0edC160b,2025-09-11,Data Engineering,Books,4,1312.54,delivered
4494,Ccf0b64f739Add4,2025-02-26,T-Shirt,Clothing,1,1273.37,cancelled
4495,FFBfB152D9A6f0c,2024-05-26,SQL Guide,Books,4,2703.59,cancelled
4496,5885e83cF03C1E3,2024-07-14,Laptop,Electronics,3,650.49,delivered
4497,1A8e0A8Adab7B54,2026-03-14,Headphones,Electronics,5,2170.76,created
4498,e98AaE7d84e57aE,2026-04-14,Headphones,Electronics,2,1991.23,paid
4499,619e6A2F4dBbECB,2025-09-03,Headphones,Electronics,1,290.47,cancelled
4500,54E24bF5a21EF6D,2025-05-19,Headphones,Electronics,1,1361.09,paid
4501,b3a4adf6DBCDefd,2025-06-16,Keyboard,Electronics,2,1117.39,cancelled
4502,EE2deBC43Fdf0cC,2024-07-12,Python Book,Books,2,1589.95,paid
4503,a8466642b3fDB0E,2024-07-09,T-Shirt,Clothing,4,1862.65,created
4504,ABfCaB7adfa6142,2025-05-07,Jeans,Clothing,4,2933.57,delivered
4505,95fB0C766F5Bf3C,2026-01-08,Data Engineering,Books,2,2626.09,cancelled
4506,DDA802Ba6Cbe70B,2024-06-07,Data Engineering,Books,3,1058.24,created
4507,deF4912B655dF33,2024-07-23,T-Shirt,Clothing,4,928.95,created
4508,d4F0Ca35e710004,2026-03-17,Jeans,Clothing,3,1763.32,created
4509,2387EAe6afaA9ba,2025-05-19,T-Shirt,Clothing,1,2014.67,shipped
4510,890FE862a4B2F23,2025-07-23,Machine Learning,Books,3,677.41,created
4511,C6D4Ac956aEFed7,2025-11-09,Monitor,Electronics,5,1789.57,cancelled
4512,B8f3d08C1dDCECD,2025-05-14,Headphones,Electronics,4,1109.75,shipped
4513,011AaEb2fcdfe71,2025-06-25,Laptop,Electronics,3,159.52,created
4514,f9b107a51fAcbe4,2025-09-14,Jeans,Clothing,5,782.92,paid
4515,Fa87A53a92Db55f,2024-07-29,SQL Guide,Books,1,1161.68,delivered
4516,aDc47DF35c3D6A3,2026-03-14,Data Engineering,Books,1,1712.62,delivered
4517,e0DA1b9AcC81D18,2024-09-18,Jeans,Clothing,5,1289.77,cancelled
4518,94c854AF649d0d8,2025-08-06,Data Engineering,Books,5,2292.09,shipped
4519,BC829DE1AF8DdcF,2025-07-31,Monitor,Electronics,1,959.32,paid
4520,E1D3DBA08c92867,2025-04-30,Jacket,Clothing,1,475.56,paid
4521,DF720a03DdA952F,2025-04-30,iPhone,Electronics,2,2780.66,created
4522,c4ff020cC0b8DE9,2025-02-03,Jacket,Clothing,4,1868.5,cancelled
4523,db82c5CDD622bcE,2025-10-17,Monitor,Electronics,4,1664.74,delivered
4524,ffEbc63CBc8E515,2024-07-11,iPhone,Electronics,2,1010.71,shipped
4525,cBdDE4ae3f86758,2025-11-24,iPhone,Electronics,4,1711.19,delivered
4526,bF1028FacB3F0A3,2024-12-08,Sneakers,Clothing,1,1040.0,created
4527,3B2f4db341e2122,2024-09-06,Python Book,Books,4,1254.35,delivered
4528,72DAd9C14E600df,2025-10-26,Jacket,Clothing,3,194.61,shipped
4529,312C13a4632A02d,2025-08-07,SQL Guide,Books,2,2116.91,delivered
4530,8132Fb6E7b531c0,2026-04-13,Machine Learning,Books,1,2599.57,cancelled
4531,a78BBEEe44a8A76,2025-01-26,Python Book,Books,4,1934.07,created
4532,260De9Af2a5e78f,2025-08-06,Headphones,Electronics,5,1529.33,delivered
4533,907bF641bA53E49,2025-08-08,Headphones,Electronics,5,66.75,delivered
4534,FBF43138552FD78,2025-03-06,SQL Guide,Books,2,2808.24,created
4535,8EAA913dE852C71,2025-08-26,T-Shirt,Clothing,2,2504.96,paid
4536,51bb91AAad05901,2024-09-17,Jacket,Clothing,1,1029.5,paid
4537,DFF8F5cAeCD4A5A,2025-03-29,Data Engineering,Books,4,2355.93,cancelled
4538,F389f0D99aDCFc1,2024-09-06,Jacket,Clothing,1,717.07,delivered
4539,Aaa6b84b694134A,2026-01-03,Python Book,Books,4,268.96,shipped
4540,b608AE6d1c8E4ea,2025-07-30,T-Shirt,Clothing,4,2756.97,paid
4541,3b44F590de8e2e7,2025-09-13,Python Book,Books,3,2136.03,paid
4542,E4feEBCC4BF4959,2025-01-01,Sneakers,Clothing,4,2482.66,created
4543,EcAFcBd9d9AeFd5,2026-02-16,iPhone,Electronics,1,589.66,cancelled
4544,c9e8eBcaf1DE536,2025-08-06,Headphones,Electronics,2,2949.38,delivered
4545,CEaeFe528CB4B26,2025-04-04,iPhone,Electronics,5,138.78,created
4546,02DEe782EBb08b1,2024-06-13,T-Shirt,Clothing,5,929.63,paid
4547,8dE1a53959CBd35,2025-09-25,Monitor,Electronics,5,1796.6,paid
4548,c0fff53446dd98F,2025-07-29,Keyboard,Electronics,3,217.18,shipped
4549,9E4e6AbdbEF325d,2025-09-29,Data Engineering,Books,1,2953.21,delivered
4550,AdE296A46aCFE35,2025-01-25,Jacket,Clothing,1,1781.76,paid
4551,bF7e44EC958aaCB,2024-06-24,Machine Learning,Books,3,2742.78,created
4552,Bd90b4CEB2EE6fb,2025-11-25,Data Engineering,Books,2,2060.72,delivered
4553,4e4bEBEF2Bab78D,2026-04-04,Data Engineering,Books,5,865.71,cancelled
4554,D93e8bC81FE00A4,2025-06-16,Data Engineering,Books,3,1746.06,created
4555,F7D3192b2bEbB5F,2025-07-27,Keyboard,Electronics,1,2946.6,paid
4556,2CD2cd31dbCd098,2025-04-05,Sneakers,Clothing,4,1492.47,paid
4557,d0e3C101B1f7f8C,2025-01-26,SQL Guide,Books,4,2421.27,paid
4558,D1F802cdaEf2f0D,2025-09-06,Data Engineering,Books,5,1948.05,paid
4559,BeDf46E72F73E9a,2024-07-13,Jeans,Clothing,4,2657.38,shipped
4560,921F65a6d69C0E4,2025-07-07,SQL Guide,Books,5,1188.57,paid
4561,dcd8355DDC1F9e2,2025-02-06,Python Book,Books,5,2989.73,created
4562,ad44d64fdedaB3e,2024-07-07,Jacket,Clothing,4,1634.08,delivered
4563,031f59eaAA99D6D,2024-07-28,Data Engineering,Books,4,1709.04,created
4564,d6267be4AF0CA3F,2024-05-24,Monitor,Electronics,2,2073.45,created
4565,a1f435b913E4Dd9,2025-10-09,iPhone,Electronics,2,332.51,created
4566,d076e6Ce4B4D72E,2025-04-07,SQL Guide,Books,5,797.65,cancelled
4567,2E5EBFBbD3FdA8E,2025-04-17,T-Shirt,Clothing,1,2980.28,shipped
4568,df2F2bac9a7ea5A,2025-07-05,Machine Learning,Books,1,2518.9,cancelled
4569,4644890DBdabbed,2025-11-22,Machine Learning,Books,1,268.48,created
4570,F7F4Fe72dD0eCCF,2024-06-04,Headphones,Electronics,5,797.36,shipped
4571,fBea68b44DE9E82,2024-10-19,Laptop,Electronics,2,1878.86,paid
4572,4B50AE681C4F4E8,2024-10-08,Data Engineering,Books,2,2359.28,cancelled
4573,6eccFd4619dFd01,2025-08-08,Python Book,Books,4,1742.86,delivered
4574,c83cDB6dbaB1638,2025-08-02,Jacket,Clothing,2,1144.6,created
4575,e0e861BbA13F7aB,2025-08-03,Machine Learning,Books,1,228.8,created
4576,BD447b1fECdA4Be,2024-10-13,SQL Guide,Books,3,365.25,created
4577,5ceFC32686bC5Eb,2024-12-27,Keyboard,Electronics,1,430.02,created
4578,01Ef05C20a5A7cD,2025-03-26,Laptop,Electronics,2,2958.36,shipped
4579,eD1168BB169BCe7,2026-02-04,Headphones,Electronics,4,1923.75,created
4580,5Ad80A024Ebfefa,2024-05-20,Machine Learning,Books,3,2970.75,created
4581,CEDaDA0c732dF3C,2025-10-07,T-Shirt,Clothing,5,1451.84,created
4582,75BfBD63A1AbCAB,2024-05-13,Sneakers,Clothing,2,2105.9,delivered
4583,beF33404C3b6697,2025-12-07,Python Book,Books,2,1603.7,shipped
4584,0b0cFB5AF003871,2024-06-21,SQL Guide,Books,1,2943.62,created
4585,2B5bED1Bb086aD1,2024-11-15,SQL Guide,Books,1,2676.62,shipped
4586,8d67f9aDEcA27FA,2026-05-03,Sneakers,Clothing,1,1435.03,created
4587,B5d3Ff1Ae02DeF7,2025-11-28,Jacket,Clothing,1,559.08,cancelled
4588,53f10e5F9637EC8,2025-02-14,Data Engineering,Books,3,596.05,shipped
4589,F26fce145948EE8,2026-03-07,Keyboard,Electronics,1,1601.85,delivered
4590,bd5AeC40eEa22Fc,2025-12-31,iPhone,Electronics,5,1811.85,shipped
4591,Eef6BE6EaDEa7Be,2024-05-26,Data Engineering,Books,2,719.08,cancelled
4592,46A589E6FD97cBE,2024-07-09,Python Book,Books,4,1979.79,cancelled
4593,F7Da87a16BD39cF,2025-06-08,SQL Guide,Books,5,1746.18,cancelled
4594,4BdBbC5FBCaD3C4,2025-06-04,Jacket,Clothing,1,1995.53,cancelled
4595,F48bB4CbbfA39B0,2026-04-01,iPhone,Electronics,3,1341.68,delivered
4596,94dc4fb51cB5458,2025-05-15,SQL Guide,Books,5,555.06,created
4597,Ccf327B9FDDd23c,2025-05-23,Jacket,Clothing,2,2026.76,paid
4598,9469fc4aa4EbbAe,2026-01-11,Monitor,Electronics,5,809.48,shipped
4599,53dE78b789e70bC,2024-10-03,Laptop,Electronics,5,1498.02,paid
4600,BA3bCBaC4dAEdC2,2024-07-12,Jacket,Clothing,5,2012.12,cancelled
4601,cBdBcb36bA7FfA8,2026-01-17,Laptop,Electronics,4,2153.7,delivered
4602,6BbC4a27d908Ba4,2024-08-29,Jeans,Clothing,3,2752.53,shipped
4603,F16AA6aeA26aaFF,2025-06-25,Machine Learning,Books,3,2638.94,created
4604,Dec9b112EEcC3c0,2024-07-13,Laptop,Electronics,3,1438.8,created
4605,4a6c8c27accbF2D,2026-01-10,T-Shirt,Clothing,3,2806.32,paid
4606,5c4ad5799A99a52,2026-04-01,Keyboard,Electronics,5,2521.09,shipped
4607,47A093fa0AEc1EC,2025-10-16,Jeans,Clothing,2,1001.92,cancelled
4608,3e28Bae9E3aA201,2025-10-03,iPhone,Electronics,4,2862.98,cancelled
4609,c85C6A19eF9627b,2024-11-04,Data Engineering,Books,5,1621.76,paid
4610,A172434D3a904fB,2025-12-24,Monitor,Electronics,2,1065.39,shipped
4611,aCce7F8d353bdAC,2024-12-24,T-Shirt,Clothing,3,304.88,delivered
4612,b22a51DBF80A4D0,2025-01-28,Jacket,Clothing,1,1813.96,shipped
4613,Dda5430c8De2E2f,2025-06-10,Python Book,Books,5,534.63,shipped
4614,643816cF98d1D73,2024-07-17,Machine Learning,Books,1,1948.76,shipped
4615,aF34cBF5B3C9f0d,2026-02-15,Keyboard,Electronics,1,537.15,shipped
4616,21C0F96eCf8C5Ca,2024-06-07,Python Book,Books,1,730.15,delivered
4617,452c61f65fC21FA,2025-12-11,T-Shirt,Clothing,1,1083.03,delivered
4618,BD7DfACD13b37ea,2025-03-31,Data Engineering,Books,4,629.3,delivered
4619,b5a543Ce913019F,2026-05-05,T-Shirt,Clothing,2,1075.01,delivered
4620,E28ABCFE4c7048e,2024-06-12,iPhone,Electronics,4,2705.67,shipped
4621,C35877bCadC81ac,2024-11-22,SQL Guide,Books,4,275.85,created
4622,feC4dA2A9DEa9e6,2025-01-03,Keyboard,Electronics,5,2945.15,created
4623,5D0063C7Eb85EAc,2026-01-31,Monitor,Electronics,1,136.91,cancelled
4624,DCf2018DbA3e8b9,2025-06-20,Python Book,Books,1,533.55,shipped
4625,04d9b91b770c71b,2026-04-11,Jacket,Clothing,1,2596.12,created
4626,dcA6EdF91f93EaF,2024-06-07,T-Shirt,Clothing,2,2840.04,created
4627,E8d8005ce523Be2,2026-03-18,Monitor,Electronics,3,2213.59,cancelled
4628,ed4560db4A405C6,2025-01-10,SQL Guide,Books,2,1510.57,delivered
4629,6E13dfBAEB02653,2025-08-14,Laptop,Electronics,4,1550.16,created
4630,AF49E4fA1C57ef3,2025-06-12,Machine Learning,Books,3,344.75,shipped
4631,B0619c7Cee70d3d,2024-07-19,Sneakers,Clothing,2,676.32,shipped
4632,D1aDf4a9dCafC1a,2024-12-05,Machine Learning,Books,3,1823.2,paid
4633,9a9c7Bc7c94Ec0f,2025-12-13,Machine Learning,Books,3,1510.76,paid
4634,C5d73fBF4ed36AE,2024-12-13,Machine Learning,Books,1,577.37,shipped
4635,EdE1a96fD1eb056,2025-07-10,Sneakers,Clothing,3,2555.0,paid
4636,EBCAfF53a8dDd4b,2025-05-16,Keyboard,Electronics,2,259.67,delivered
4637,5614c6169b4dDD0,2025-12-08,Monitor,Electronics,5,705.59,shipped
4638,bd3812Ed96B2602,2026-02-18,Jacket,Clothing,5,2895.74,created
4639,FeAB79Ab633B9cB,2025-10-28,Data Engineering,Books,5,2252.18,delivered
4640,57372F18C02D8ED,2025-05-07,Jeans,Clothing,1,207.27,shipped
4641,cFFcF8abA3A720E,2024-11-05,iPhone,Electronics,3,2331.22,paid
4642,D29b09BF22d911F,2025-09-19,Machine Learning,Books,2,117.64,cancelled
4643,623b0c791AdBdfC,2024-06-09,T-Shirt,Clothing,2,2993.46,delivered
4644,Ad0bB9869EED0Bb,2026-02-20,Sneakers,Clothing,1,1141.6,created
4645,e46C6f1a595af69,2026-01-19,SQL Guide,Books,1,32.54,delivered
4646,cDCD1ADB9fEFCcE,2026-01-30,Sneakers,Clothing,3,2186.9,cancelled
4647,81ebEbF41CEA070,2025-02-06,Headphones,Electronics,5,2727.58,paid
4648,DAa4C5Fb74ADBeF,2026-01-06,Monitor,Electronics,3,1549.31,delivered
4649,940a56f35ed63A6,2025-07-05,Laptop,Electronics,1,2952.03,delivered
4650,E82E3f9C35D0FA1,2024-12-08,T-Shirt,Clothing,5,389.64,cancelled
4651,be3ffba9addDECB,2024-06-12,Headphones,Electronics,2,558.05,cancelled
4652,0EF27572fFFA5e0,2025-04-20,Keyboard,Electronics,2,479.82,created
4653,c1BBC61fB60Ee8B,2025-08-06,Python Book,Books,1,1359.11,cancelled
4654,efC55C98cDdb853,2025-04-23,Machine Learning,Books,3,2574.66,delivered
4655,a1F64a8FA171f2a,2025-11-10,Laptop,Electronics,3,1573.83,delivered
4656,e035142D7Eb8cbd,2024-10-10,Machine Learning,Books,4,2355.21,cancelled
4657,2c3549CE464685C,2024-08-20,Jacket,Clothing,4,1653.61,created
4658,81829E57b1ef878,2026-04-06,Monitor,Electronics,4,2895.49,created
4659,BF2e47F840e5f43,2025-05-14,T-Shirt,Clothing,4,1328.72,delivered
4660,048A3e18B2cDc5A,2026-04-18,Python Book,Books,5,2797.09,delivered
4661,56792fDC0BFAbaD,2024-10-14,Jacket,Clothing,4,1984.56,paid
4662,Ba3A14f43e52ec7,2025-01-24,T-Shirt,Clothing,4,1874.45,paid
4663,6dcCEaDC84F0D4c,2024-09-27,Sneakers,Clothing,5,1163.18,created
4664,c3473B6A4e6b989,2025-07-08,T-Shirt,Clothing,1,2447.91,cancelled
4665,E8F4b1cb47e79B1,2026-04-26,Monitor,Electronics,2,332.39,cancelled
4666,7088e29F68C8d7c,2025-01-05,Keyboard,Electronics,5,479.23,cancelled
4667,eeaD2dAf22c6Ff0,2025-07-07,Jeans,Clothing,2,2648.69,shipped
4668,bF7DA4B170AbbBf,2025-05-10,Monitor,Electronics,5,752.11,shipped
4669,3fb73Fedee64B5F,2024-08-11,Sneakers,Clothing,5,677.49,created
4670,D47650f6A332Fdb,2025-05-10,Machine Learning,Books,5,1372.13,shipped
4671,beDeEB6a30653EA,2026-04-07,Keyboard,Electronics,1,1010.86,delivered
4672,F08B9BC1fbFe6b1,2025-10-26,Keyboard,Electronics,5,1755.03,created
4673,84cA4D10A5e542B,2025-01-12,Jeans,Clothing,1,462.82,delivered
4674,A71B325dafb2dbd,2025-05-20,Data Engineering,Books,4,2009.43,created
4675,3b5EAdcCFCbA080,2026-01-23,Python Book,Books,2,2408.61,delivered
4676,CC2FfBb4d58eA47,2025-03-13,iPhone,Electronics,3,1531.01,paid
4677,7bA6f27ef227dda,2026-01-09,Jacket,Clothing,2,1727.61,created
4678,989Dd9Bb60AAe60,2024-06-30,T-Shirt,Clothing,1,1313.64,created
4679,F17B37Cfdba0d49,2025-05-28,Keyboard,Electronics,4,2734.42,created
4680,a8CfFcDcE6731DE,2025-08-07,T-Shirt,Clothing,2,2893.18,shipped
4681,23Bf61F74D1608F,2025-08-01,T-Shirt,Clothing,3,48.78,delivered
4682,EaA7e1ecafcfE2A,2025-03-21,Monitor,Electronics,4,1073.08,shipped
4683,8dDc858DCAEfd8B,2024-12-15,Machine Learning,Books,2,1939.78,delivered
4684,CbAa6A94A8E6fd1,2025-04-27,Python Book,Books,4,2169.99,paid
4685,CEfAcFfb2057035,2026-02-10,Headphones,Electronics,3,550.18,cancelled
4686,1Adacdfa6A43fAb,2024-10-12,Machine Learning,Books,1,2492.08,cancelled
4687,7F5eFCafBB2db1e,2024-09-24,SQL Guide,Books,4,1370.93,delivered
4688,e73bF8Ba4e7E4A9,2025-01-31,Keyboard,Electronics,4,157.55,created
4689,BBDadD1155dCaB5,2024-10-24,Jacket,Clothing,1,718.17,created
4690,3c592eD6afBc2Ed,2026-02-28,SQL Guide,Books,3,1492.56,shipped
4691,FbC5cA0aD86390B,2024-12-28,Jacket,Clothing,1,2822.26,delivered
4692,77aa1CD0Af186c9,2025-01-29,T-Shirt,Clothing,5,2090.28,cancelled
4693,de7Db525e23b8D7,2025-08-11,Jeans,Clothing,2,1803.92,delivered
4694,3F3A7e6AbD5a504,2025-05-27,Data Engineering,Books,5,1899.12,cancelled
4695,34efEdcF3130aAd,2024-06-08,Jacket,Clothing,2,2609.11,delivered
4696,9FfEFC0f0785F2f,2024-08-15,Laptop,Electronics,1,2464.08,cancelled
4697,A19dAbd461Aa28e,2024-12-15,SQL Guide,Books,2,1503.7,delivered
4698,3e9dcA3cd8a52db,2025-03-07,SQL Guide,Books,4,2586.25,created
4699,d72bf9fb30E068e,2025-02-23,iPhone,Electronics,2,2798.85,cancelled
4700,9AeE314e2c62A47,2025-07-25,Keyboard,Electronics,1,957.93,paid
4701,ECcfB61c8393BDe,2024-07-23,Laptop,Electronics,5,995.0,created
4702,aA8912597EbD6f9,2025-05-02,Jacket,Clothing,4,1802.95,created
4703,fD2DCd6BeFE0b4B,2026-01-21,Data Engineering,Books,4,65.13,created
4704,f0BfC4eA8DcFeDF,2025-03-09,Machine Learning,Books,3,868.57,paid
4705,C3D229fBd0F6ED5,2025-03-24,iPhone,Electronics,2,2149.07,shipped
4706,7D7f15e2aDC7eB2,2025-10-23,Machine Learning,Books,3,2082.82,cancelled
4707,8cc9F0BdB6afCfA,2026-04-13,iPhone,Electronics,4,2089.26,created
4708,79B4b58bBc6B494,2024-05-23,Jacket,Clothing,3,1945.36,cancelled
4709,5F4D20BCe51D6Db,2024-08-12,Data Engineering,Books,4,747.33,paid
4710,fa8eaeC1bFeC1C7,2026-01-01,Keyboard,Electronics,5,1008.21,delivered
4711,d2439Eed77DeaF7,2025-11-12,SQL Guide,Books,1,2316.06,created
4712,2aC6A1b5FBF1DE0,2026-02-25,Headphones,Electronics,5,267.68,paid
4713,fbea28beDEEEfDd,2025-01-15,Keyboard,Electronics,1,539.35,created
4714,72ea7220EbbBB55,2024-05-24,Sneakers,Clothing,4,1280.76,paid
4715,FD7ACF4f428aB6D,2026-01-18,Headphones,Electronics,4,1744.66,delivered
4716,FeBEb0Ac62A7eB4,2024-11-15,Sneakers,Clothing,5,2051.89,shipped
4717,Ff2f069edBB4DeD,2024-05-23,T-Shirt,Clothing,4,1184.43,shipped
4718,3276e7EeD85B1cC,2025-05-24,Headphones,Electronics,5,1950.43,delivered
4719,c50b9E02E9259dC,2026-01-29,Sneakers,Clothing,1,201.52,delivered
4720,Edb9CFe1D982ad5,2024-08-16,Jeans,Clothing,3,974.62,delivered
4721,ff9eBcB5bc8Fd76,2025-10-31,T-Shirt,Clothing,3,953.96,shipped
4722,C0ffaEAb7944458,2025-03-24,Sneakers,Clothing,3,630.64,shipped
4723,7b6527aB2dDdDeC,2024-11-07,iPhone,Electronics,2,2896.45,shipped
4724,2AfcD6d20B1fa0e,2025-04-17,SQL Guide,Books,1,754.75,cancelled
4725,A75777dd6DbeaEA,2024-07-07,Keyboard,Electronics,5,1754.69,delivered
4726,0e39Da4F7B0540f,2025-03-03,Python Book,Books,1,2881.1,delivered
4727,cb202e17F23D893,2025-02-28,Sneakers,Clothing,2,2771.74,delivered
4728,ef848dbb1ae0067,2026-01-28,Headphones,Electronics,1,2640.09,shipped
4729,Ff6fCcCc34Dbc9c,2025-10-03,Python Book,Books,3,2415.82,cancelled
4730,E4db8FDeeC68c75,2024-07-13,T-Shirt,Clothing,4,2780.72,created
4731,1315bFaE298EDBd,2024-06-17,Python Book,Books,2,2227.73,cancelled
4732,Efe3aCa7CAbC8d7,2025-12-09,Jacket,Clothing,3,1142.09,paid
4733,0CdCbdDB206D68e,2024-06-15,Python Book,Books,2,2546.25,shipped
4734,6CA6E6d6A5fEC1f,2025-04-29,iPhone,Electronics,3,1908.98,cancelled
4735,C0984fe25aC487F,2024-07-09,Machine Learning,Books,2,1508.67,created
4736,5FBB016bDFbE06a,2025-04-13,Python Book,Books,1,34.87,created
4737,6FdEb2B91939e5b,2025-10-02,Headphones,Electronics,2,2291.15,cancelled
4738,98e414a72d692fD,2025-09-29,Monitor,Electronics,3,1107.25,cancelled
4739,10e5AFDF9DED72F,2024-10-15,Sneakers,Clothing,4,2597.03,paid
4740,b0aC4Dd4CbAe32c,2025-10-28,Machine Learning,Books,1,165.6,shipped
4741,fd9c1dFCBF514da,2024-06-26,Data Engineering,Books,2,1826.4,cancelled
4742,4Ee1De8bf7c8b66,2024-06-12,T-Shirt,Clothing,5,390.88,paid
4743,D7b2a28cbBfF7BD,2024-05-08,Headphones,Electronics,2,2734.54,created
4744,52fd1B39FddE25f,2025-06-28,Python Book,Books,4,1144.45,shipped
4745,6DADdd0Bfa1aFc6,2025-03-31,Monitor,Electronics,3,1080.24,created
4746,CEC396Ec5cC961a,2025-05-01,Jacket,Clothing,5,2200.71,shipped
4747,0d2EE70Cf7D20f5,2024-05-12,Laptop,Electronics,1,2831.13,cancelled
4748,d6C47eC31fEefc5,2025-04-20,Jacket,Clothing,1,1285.51,cancelled
4749,99e0cfdEB772F3a,2025-09-10,T-Shirt,Clothing,5,999.85,paid
4750,ebF3F2f8370693D,2024-11-26,Jacket,Clothing,2,1649.29,paid
4751,877E3B3AfF89A6e,2024-07-25,Headphones,Electronics,2,2765.15,delivered
4752,0d2B2daecc4F283,2024-06-17,Machine Learning,Books,2,481.93,shipped
4753,E9ebAc8daaF3d5F,2024-12-20,Python Book,Books,5,1903.87,cancelled
4754,A4b937BBfEa29c3,2025-05-07,Laptop,Electronics,2,2308.97,delivered
4755,9E8898EBcb9EdA4,2025-02-13,Sneakers,Clothing,2,1581.35,cancelled
4756,248B65Fe9c2A800,2026-02-11,Data Engineering,Books,4,2229.23,shipped
4757,3F8C95accd8D71b,2026-03-19,Sneakers,Clothing,2,2090.02,created
4758,8eEc67C0fae2acC,2024-10-28,Sneakers,Clothing,1,1208.77,delivered
4759,8bb2fc578d931E7,2025-12-19,SQL Guide,Books,3,2102.68,created
4760,d66DBbde0509E8c,2025-12-11,Jeans,Clothing,2,2915.61,shipped
4761,29B2469c2D3f173,2026-05-08,iPhone,Electronics,1,2316.79,cancelled
4762,CF11DFC18ee8dBf,2025-03-19,Jacket,Clothing,1,2350.62,cancelled
4763,7Fc60CbEfBfaCda,2025-09-28,Jacket,Clothing,3,1560.08,shipped
4764,C39F0Cb59AB4f7c,2025-01-26,Jeans,Clothing,3,332.16,cancelled
4765,1fDdF4CF4A385Bd,2025-04-29,Python Book,Books,5,46.2,shipped
4766,4af07230bB1e65f,2025-04-06,Monitor,Electronics,5,2458.4,shipped
4767,f4C9aEB2ec2c09F,2025-06-09,Sneakers,Clothing,3,1578.05,cancelled
4768,BDf7DdeaA5BEd62,2025-10-06,Machine Learning,Books,5,2100.82,delivered
4769,974A58d406C616c,2024-09-25,Data Engineering,Books,2,30.18,delivered
4770,BB86B0a8A714cbB,2025-09-03,Machine Learning,Books,5,2264.82,cancelled
4771,fCE1a4AF50A03c9,2024-10-10,Sneakers,Clothing,3,1474.62,shipped
4772,ABfb180BfFAB1FF,2026-02-04,Keyboard,Electronics,3,1492.89,shipped
4773,0a2Bf8C75fa3995,2026-04-01,Laptop,Electronics,4,2946.67,cancelled
4774,a6dbA8E0f12720a,2025-01-04,Jacket,Clothing,3,2237.74,delivered
4775,e8fa110767cbAD7,2025-05-21,Sneakers,Clothing,3,1239.29,cancelled
4776,b628688bceEfaA7,2025-10-21,Laptop,Electronics,1,1972.55,delivered
4777,64F7DDa7b5BFBf0,2024-10-21,Jacket,Clothing,2,1574.53,cancelled
4778,49D28DB73B14B48,2026-04-23,Sneakers,Clothing,4,2004.12,created
4779,DCFAEDbff130D3d,2026-02-08,Sneakers,Clothing,4,1649.7,paid
4780,e24DB3dC4ABB3BE,2024-05-25,Headphones,Electronics,1,260.68,paid
4781,efAa85e0945FDBB,2024-06-09,Jacket,Clothing,5,2581.48,cancelled
4782,AB917a4DDdad9b7,2025-07-25,Python Book,Books,2,1384.76,shipped
4783,f63338b7A4ABDB0,2025-10-14,Monitor,Electronics,5,1756.76,cancelled
4784,e76A6f012eF015A,2024-06-23,Monitor,Electronics,2,650.57,cancelled
4785,fDe2BC8E6EAda4D,2026-01-04,Headphones,Electronics,2,2564.02,paid
4786,bae9e10AcCa17A9,2025-10-31,Machine Learning,Books,4,102.19,delivered
4787,d7683AfdD0aD14e,2024-11-08,SQL Guide,Books,3,2796.4,paid
4788,B1eEEa6B0CA8a7D,2024-12-28,SQL Guide,Books,3,1893.29,created
4789,5075BfE6dabA2Ed,2024-09-04,Python Book,Books,4,1183.07,shipped
4790,76cb45e4D5c17e7,2025-10-26,Jeans,Clothing,5,843.5,created
4791,61b1BeEa0D5aff8,2025-10-20,Monitor,Electronics,5,500.51,shipped
4792,D3FEaf2Cbf79e43,2025-08-14,Jacket,Clothing,3,2170.14,delivered
4793,cBf0a2d115AD4f8,2025-02-21,Headphones,Electronics,5,833.36,cancelled
4794,692bb7bCdEaCd42,2025-04-27,Jeans,Clothing,4,1705.93,paid
4795,a1E49a4E029AD63,2024-08-08,iPhone,Electronics,1,2380.88,paid
4796,e9B2801b7dCA3c7,2024-08-22,Keyboard,Electronics,2,2007.96,created
4797,5ed9E83Fe771ABc,2024-10-16,iPhone,Electronics,5,581.43,created
4798,CAe2ABdB143Cd6B,2025-03-21,T-Shirt,Clothing,5,2541.79,delivered
4799,f686F7ba80C66dB,2025-04-30,Jacket,Clothing,4,709.52,cancelled
4800,9b13acDbea1Aa6e,2025-10-12,Sneakers,Clothing,1,2746.78,shipped
4801,A65FB2F73D00f7a,2025-04-24,Jacket,Clothing,1,178.36,created
4802,e1fCcf204Bf73cd,2024-09-26,Monitor,Electronics,4,1741.77,paid
4803,2cB47Ef75B09CEc,2025-05-01,Keyboard,Electronics,4,1232.25,created
4804,e4BfcC7f8edeCeF,2025-06-05,Sneakers,Clothing,2,1924.16,paid
4805,8C23FF10d817aa8,2026-04-15,Keyboard,Electronics,1,1955.41,cancelled
4806,73Cb2aE6CB3B9AC,2026-03-05,Keyboard,Electronics,4,2304.89,delivered
4807,83E6190D2FCEA1f,2024-05-27,Machine Learning,Books,5,702.45,created
4808,c4Ddc8B06A67DDC,2025-09-02,Monitor,Electronics,1,2566.51,shipped
4809,1CBEfCfF1d0ad4a,2025-01-06,SQL Guide,Books,1,718.17,cancelled
4810,5bE9Ba8aC86AD6C,2025-12-29,Sneakers,Clothing,1,2456.98,cancelled
4811,7EeBb1586fbDd3b,2026-05-08,Machine Learning,Books,5,2016.73,created
4812,FFB6605Ad4E9693,2024-10-05,Monitor,Electronics,1,2528.45,created
4813,8640C4dff0a191d,2024-12-22,Sneakers,Clothing,3,2857.28,shipped
4814,FD7CE57fCa40E17,2025-06-06,Keyboard,Electronics,3,1113.31,paid
4815,1d5CCE6d0bE4c2a,2025-03-05,Keyboard,Electronics,4,2442.15,delivered
4816,3Cc5A9FCd5514fE,2026-05-03,Monitor,Electronics,5,203.13,cancelled
4817,C87fB7e62cfdd3B,2024-09-04,Machine Learning,Books,2,687.62,cancelled
4818,Bf547f3F870be4d,2025-07-31,Sneakers,Clothing,3,248.12,paid
4819,64F9f25E07Cbd7F,2024-06-15,T-Shirt,Clothing,5,1611.87,created
4820,A08ECeD150F8708,2024-06-06,Sneakers,Clothing,4,534.42,paid
4821,DFdBC33331061B8,2025-06-03,Headphones,Electronics,4,2966.68,cancelled
4822,baBCDF5fa2cae4B,2024-07-22,T-Shirt,Clothing,3,2409.16,delivered
4823,c03081AB5BDEB7b,2024-09-11,Jacket,Clothing,4,1557.26,delivered
4824,8934Ce8cada3cbb,2025-11-07,Python Book,Books,4,1965.32,paid
4825,fD7df1F2E1Dbd71,2025-08-18,Jeans,Clothing,1,458.27,cancelled
4826,c0a8EDe4c686a9f,2025-01-31,Data Engineering,Books,2,162.49,cancelled
4827,e14f3E282758b4f,2026-01-29,T-Shirt,Clothing,1,20.08,cancelled
4828,Cf146421f5FEf09,2024-06-05,Machine Learning,Books,4,2581.21,paid
4829,9B6F4C087BF7cEc,2025-11-20,Keyboard,Electronics,4,1843.0,shipped
4830,eb963634Bed81Df,2026-05-07,iPhone,Electronics,2,1846.61,cancelled
4831,dEEDE23CF1b9293,2024-12-04,SQL Guide,Books,2,300.09,delivered
4832,5FE9CFE0A73d7df,2024-08-12,Headphones,Electronics,1,2300.07,cancelled
4833,2d43Cde0EdDBAF2,2024-06-21,T-Shirt,Clothing,3,1866.49,created
4834,6D1904eADE3aB97,2025-06-30,Python Book,Books,2,2544.38,paid
4835,1B8e2C2DE0d36f5,2025-08-11,Headphones,Electronics,3,637.05,cancelled
4836,5ABab3bE38B5ABC,2025-07-20,Machine Learning,Books,5,256.75,cancelled
4837,DeD6ebc0c5E1ADf,2025-08-22,T-Shirt,Clothing,5,2921.66,delivered
4838,9C9f2aaaD18E4f4,2026-03-13,Python Book,Books,3,665.43,cancelled
4839,fbA805deafcAa8A,2024-06-19,SQL Guide,Books,2,295.22,paid
4840,1BFAFf9cbAB20ec,2024-12-30,Machine Learning,Books,1,2541.91,cancelled
4841,AC84BbE7926F8cf,2026-03-19,Jacket,Clothing,1,2060.06,delivered
4842,Caa10C57DDBD5B9,2024-10-23,Python Book,Books,4,115.39,cancelled
4843,Be94BBF0CAffbC4,2025-04-12,Data Engineering,Books,5,2445.96,delivered
4844,fbDFdCceaD4bB4b,2025-02-19,Jacket,Clothing,2,662.55,cancelled
4845,f362848FF21981e,2025-10-19,Laptop,Electronics,5,2355.2,delivered
4846,76F4Aee28D5Cab5,2025-12-24,Machine Learning,Books,2,490.9,delivered
4847,B97EEBE4EeF7DEf,2024-11-20,Sneakers,Clothing,3,491.23,cancelled
4848,2dCB3e2DBC10eDc,2024-11-02,T-Shirt,Clothing,3,2305.06,paid
4849,EDDB3c932C8c773,2025-07-11,Data Engineering,Books,4,2074.6,delivered
4850,3D0BDAe4bF5a6ba,2025-02-11,Laptop,Electronics,2,2906.34,cancelled
4851,aB92F998E5afBB5,2024-11-20,Python Book,Books,1,2823.05,shipped
4852,B9Fa2f9906D2ff4,2025-10-16,Python Book,Books,2,592.97,cancelled
4853,a81338A5C7eAE3c,2025-12-01,Python Book,Books,5,2310.48,delivered
4854,B3662EDcB07FCbe,2026-02-22,iPhone,Electronics,3,2095.6,cancelled
4855,78651CD76f5D3ba,2025-10-22,Headphones,Electronics,2,1964.94,shipped
4856,3AA22EfA55Ab259,2025-06-09,Keyboard,Electronics,2,2311.56,delivered
4857,f01c0c817FafEC4,2024-08-25,SQL Guide,Books,2,2217.1,shipped
4858,e841F31DA9fcc8c,2025-03-31,SQL Guide,Books,4,2109.88,shipped
4859,7C0aD52BDFFd258,2025-10-24,Jacket,Clothing,5,469.46,created
4860,08aADbACE66fBfD,2026-01-27,Data Engineering,Books,4,1054.24,delivered
4861,Fdf9F6cF15F98AF,2024-06-14,Machine Learning,Books,1,2316.11,cancelled
4862,ECAe6FDc1d474BE,2025-12-31,Sneakers,Clothing,2,2586.61,delivered
4863,8E3be811a09b7de,2024-09-11,Laptop,Electronics,3,775.97,shipped
4864,FCD749b5EBA3E7A,2024-07-17,Machine Learning,Books,3,2933.56,paid
4865,feCc1eACeeb447a,2026-03-23,Jacket,Clothing,3,924.83,cancelled
4866,8cC2d277466Bc95,2024-05-22,Data Engineering,Books,3,1044.82,delivered
4867,db233B409Bfe379,2025-12-30,Monitor,Electronics,2,1748.47,paid
4868,aC172aB36dEb7DD,2025-04-17,Data Engineering,Books,5,187.28,created
4869,faafaeDe9c0d7f4,2025-02-15,Jeans,Clothing,4,2203.8,paid
4870,e6FF8Dd86E9Dbe9,2025-03-05,Python Book,Books,3,1493.63,paid
4871,8eAcd432EFc1406,2024-07-09,Jacket,Clothing,5,1459.88,delivered
4872,fb6a9c6BD0Ea3af,2024-07-08,Jeans,Clothing,2,182.43,cancelled
4873,AEf58017c9C72A5,2025-10-29,Laptop,Electronics,4,335.31,cancelled
4874,abdcd85acb5456C,2025-03-03,Sneakers,Clothing,1,2040.92,cancelled
4875,3EB76fa9247A8F0,2025-09-28,Jacket,Clothing,2,1241.03,created
4876,E73fd3fAa84c0CC,2026-02-02,Python Book,Books,1,2672.91,cancelled
4877,53aACdEEeFfDc8F,2026-03-25,Machine Learning,Books,4,2506.32,created
4878,9FF90B18EBD7bdd,2025-06-16,Jacket,Clothing,5,33.05,cancelled
4879,0Fb17Bfb5B09e4F,2026-03-04,Data Engineering,Books,5,2734.62,created
4880,feb2b2B2BB58AD1,2025-01-29,Sneakers,Clothing,3,89.28,paid
4881,b9EB4C8a1ccbb8a,2025-12-01,T-Shirt,Clothing,1,660.54,paid
4882,c8d85C430A6f8dB,2025-04-22,Jeans,Clothing,1,1271.33,shipped
4883,65A155C348B40eA,2024-11-28,Python Book,Books,4,2257.1,shipped
4884,303f955863677b9,2024-12-05,SQL Guide,Books,3,244.66,created
4885,aEDBdDedaa2BDFe,2025-10-28,Machine Learning,Books,3,1633.96,shipped
4886,89Bea4f2ee07c9C,2024-05-28,Headphones,Electronics,1,1650.92,created
4887,2D141594c9e5Bf5,2025-07-14,Data Engineering,Books,2,481.18,shipped
4888,cA49e22e23DeaE5,2026-03-09,Jacket,Clothing,5,20.22,shipped
4889,1a9f34eF9c0817C,2024-09-29,Sneakers,Clothing,2,1104.42,delivered
4890,47bC7eC6451E82c,2026-02-25,SQL Guide,Books,4,2728.2,shipped
4891,81EE243eBA360Dd,2025-05-26,Jeans,Clothing,5,1142.58,delivered
4892,E17F691FDB60E60,2025-04-04,Jeans,Clothing,4,1622.77,paid
4893,fbe9A935BAA9308,2024-12-25,Jacket,Clothing,4,346.8,shipped
4894,1B8BAEcCA4Da92D,2024-05-24,Laptop,Electronics,3,2766.41,delivered
4895,8d0D27be3781c78,2024-06-29,SQL Guide,Books,4,1106.75,created
4896,C54F57f5D40972E,2026-02-10,Headphones,Electronics,5,1798.4,created
4897,41bE6d52B1217AA,2025-07-17,T-Shirt,Clothing,1,1056.15,cancelled
4898,eb4ffda92cFeb95,2025-08-21,iPhone,Electronics,5,2885.81,created
4899,e173835FfF9cEe2,2026-01-14,Jeans,Clothing,1,1917.83,delivered
4900,FbAaebdCCFf7af8,2025-02-16,Jeans,Clothing,2,2225.0,cancelled
4901,F67EB8C65f8FF9F,2025-02-18,Jeans,Clothing,5,915.05,cancelled
4902,Edb96De386dcF1B,2024-07-22,Headphones,Electronics,5,782.03,delivered
4903,ff943c58B6DAccC,2026-04-02,iPhone,Electronics,2,159.13,cancelled
4904,791b370725c6a6C,2025-10-31,SQL Guide,Books,1,2335.77,shipped
4905,19f3cdC5aCdD9FA,2024-05-25,Data Engineering,Books,3,2675.72,paid
4906,3a3e684b9e04d0c,2024-11-17,Headphones,Electronics,4,1278.74,shipped
4907,67C1FC6ccB1Cde4,2024-11-07,Machine Learning,Books,4,697.42,paid
4908,eBefCFf55558ce2,2025-08-27,SQL Guide,Books,5,155.09,paid
4909,AdCf4F0Fa1015B2,2026-01-02,Jacket,Clothing,3,2783.41,delivered
4910,1ebAb1948c2bd00,2025-09-08,SQL Guide,Books,5,2430.0,delivered
4911,5dBD6D5fCbBcE7f,2024-09-12,Machine Learning,Books,3,662.96,delivered
4912,bF9412F6Fe0AD9d,2024-07-14,Machine Learning,Books,1,1916.4,shipped
4913,bD24ecbe925c942,2024-09-10,Jacket,Clothing,3,1429.37,paid
4914,8aAFAF70a5B3CfC,2024-09-04,T-Shirt,Clothing,5,2263.14,paid
4915,B58Ad3DEdf4F437,2026-02-25,Python Book,Books,1,600.28,shipped
4916,3F2FD7FFD1d66E9,2024-06-03,Jeans,Clothing,5,1398.31,paid
4917,D01eF37Ef65Fdd2,2025-05-19,Data Engineering,Books,1,2902.58,created
4918,eD94E7b0c69C0Df,2025-05-12,Monitor,Electronics,3,902.08,paid
4919,DD0B3d7ebcC8ED9,2025-02-16,Headphones,Electronics,1,1605.93,cancelled
4920,8ACfbeDAfFf091b,2025-09-25,Machine Learning,Books,4,2619.49,cancelled
4921,9C855DEC27fa3fE,2025-07-03,Headphones,Electronics,2,1420.39,cancelled
4922,AFecE2Fda9514fF,2025-07-26,T-Shirt,Clothing,1,397.88,shipped
4923,F2E6B9B3dBfe49B,2026-02-20,Laptop,Electronics,5,1768.98,delivered
4924,4C7E710dAc32aFb,2025-05-03,Headphones,Electronics,3,193.55,paid
4925,0220eeE7a9ee6DB,2025-10-27,Monitor,Electronics,3,709.54,paid
4926,71E241eBaCa0c4C,2024-11-06,Sneakers,Clothing,1,547.91,cancelled
4927,9F8d0dAfa25aced,2025-02-20,Jacket,Clothing,4,1928.04,created
4928,2A1b7Eade36e0dE,2025-03-03,Monitor,Electronics,3,2147.26,paid
4929,BAaF451aBcDfdfD,2025-10-08,SQL Guide,Books,5,708.64,shipped
4930,dE2Fef0B94Ff8dE,2025-08-21,Python Book,Books,1,686.48,delivered
4931,Aee7d1c466293EA,2026-03-02,Laptop,Electronics,3,616.87,paid
4932,aa74c70c4D2FF36,2026-04-17,Laptop,Electronics,5,2727.22,delivered
4933,CFadD2afBaf6A01,2024-09-19,Keyboard,Electronics,3,1054.63,paid
4934,B6a5a16cFEbFBc0,2025-02-16,Keyboard,Electronics,5,570.65,paid
4935,7AeAa1dF81A704a,2024-07-02,iPhone,Electronics,1,2761.94,paid
4936,D7adF2C4FEfDeBE,2026-02-02,Python Book,Books,1,627.17,created
4937,baC8C8Fb0caE05A,2024-06-01,Headphones,Electronics,1,2318.13,delivered
4938,e242Bfab785C73c,2024-09-18,Machine Learning,Books,4,2136.55,delivered
4939,1DdE0dbDecaBcEA,2025-07-15,Headphones,Electronics,1,2607.18,paid
4940,bDaEdecBD1cCC11,2025-09-19,iPhone,Electronics,5,1979.01,paid
4941,BF81EeA8eDCe1C5,2024-08-09,T-Shirt,Clothing,5,370.66,created
4942,A38c5092bF50Bdb,2026-04-16,Sneakers,Clothing,3,935.6,created
4943,98Ced1A5478a25b,2025-01-26,Data Engineering,Books,1,2016.25,shipped
4944,dF6F0C47F44D6Ab,2024-11-06,Machine Learning,Books,5,1693.72,cancelled
4945,393f5Fc1fB17bF3,2024-11-15,Python Book,Books,1,473.92,delivered
4946,8B5b896eB1c5115,2026-04-09,Laptop,Electronics,2,1300.84,paid
4947,9FA2665d11Fb5f1,2024-10-18,Data Engineering,Books,2,481.62,delivered
4948,9d18F1b261B87Ee,2025-09-02,SQL Guide,Books,4,1910.49,cancelled
4949,F03dcaD084B85af,2025-12-06,Monitor,Electronics,4,51.34,paid
4950,Eb3B647421B4e7b,2025-05-19,T-Shirt,Clothing,3,2476.67,shipped
4951,7BE7Be3FAB5EFd4,2026-01-08,Jeans,Clothing,1,1689.86,delivered
4952,2FaCD7E9abAafFa,2025-04-21,Data Engineering,Books,2,1887.27,created
4953,e47AaBCE6f7153D,2025-06-13,Jeans,Clothing,4,1818.77,delivered
4954,Fa5D1eaCc4f2Fe3,2025-07-11,Laptop,Electronics,5,203.64,created
4955,d3e529EA571fcaA,2026-03-24,Laptop,Electronics,5,1010.64,shipped
4956,e9aC11AFE5AbCfc,2025-12-26,iPhone,Electronics,3,118.38,cancelled
4957,fD6cAC4F08Df00c,2026-04-08,Laptop,Electronics,5,2939.49,shipped
4958,A0AFF962D9d54C1,2025-11-27,SQL Guide,Books,1,606.82,created
4959,eb8F594F0bff81A,2026-04-03,Jacket,Clothing,4,1761.7,paid
4960,9c5DfA179D8Af6e,2025-12-21,iPhone,Electronics,4,242.66,created
4961,C53BDd446abB3b5,2025-04-07,Jeans,Clothing,5,1644.85,cancelled
4962,6B7eFa56Ed2AE69,2024-12-27,SQL Guide,Books,2,246.77,delivered
4963,1afFcEF4f03D5EC,2026-03-29,Laptop,Electronics,2,1386.64,delivered
4964,2a12eD9C279dEb8,2024-07-25,Machine Learning,Books,4,504.67,delivered
4965,D7Ba1ccFa6D1baC,2025-08-05,T-Shirt,Clothing,5,2844.71,created
4966,bbae07e8CAA413e,2025-08-18,Monitor,Electronics,1,1147.55,cancelled
4967,eeB807818CfA89A,2024-07-20,Data Engineering,Books,3,750.14,shipped
4968,dC20E9a9f4FfEE2,2024-05-23,Laptop,Electronics,3,1195.45,created
4969,84347bF2162D42C,2024-06-17,Sneakers,Clothing,4,628.58,cancelled
4970,7EBAB2Dd7Fb24bB,2024-09-19,Python Book,Books,5,113.85,paid
4971,5DBd9ef71F8ffE1,2025-10-27,Jacket,Clothing,2,2319.05,paid
4972,Cdc3f156DAA4983,2026-01-20,Keyboard,Electronics,2,267.11,paid
4973,D7e0CB1639FbC13,2025-12-03,SQL Guide,Books,4,2660.61,cancelled
4974,CCEbD875dd3510F,2024-08-09,Data Engineering,Books,5,2395.7,created
4975,caa179Da88aADB3,2024-11-29,Headphones,Electronics,2,2791.53,delivered
4976,de9F019bd20FCd9,2024-11-01,Sneakers,Clothing,3,1302.35,shipped
4977,Bb468Eef0fc825b,2024-10-20,Monitor,Electronics,5,2297.7,cancelled
4978,3ec0b6cbCfA1D52,2024-07-17,Jeans,Clothing,3,1331.36,created
4979,4101bBfCccCEAd4,2024-09-21,Python Book,Books,4,1571.74,created
4980,DCCc3373A2Bd9C6,2025-11-11,T-Shirt,Clothing,5,2299.81,shipped
4981,6f75915455be588,2025-05-06,Jeans,Clothing,2,809.41,shipped
4982,90eFCfEE2Ca1b7F,2026-02-04,Sneakers,Clothing,4,905.93,shipped
4983,1B7De8Cb542cF31,2025-03-22,Sneakers,Clothing,5,395.27,created
4984,b41bFD1BB9ccc29,2025-06-26,Jacket,Clothing,5,922.44,paid
4985,7ae6c9CB95dbE5b,2025-01-04,Jacket,Clothing,1,1711.27,cancelled
4986,F64d4EaCF1b13AB,2024-08-15,Machine Learning,Books,5,1187.24,shipped
4987,f353514cF1F2dbB,2024-10-10,Keyboard,Electronics,3,963.26,shipped
4988,fA4a2fbEC9fBA0A,2024-12-07,Machine Learning,Books,2,2473.21,shipped
4989,e0F0FdDFDD8ad86,2025-04-21,iPhone,Electronics,5,2054.89,shipped
4990,5aEDAF0cB4bEeee,2024-10-17,Monitor,Electronics,4,2667.42,shipped
4991,8CaBEddcf5F95DA,2025-03-09,Keyboard,Electronics,4,1161.61,created
4992,Ccbea7beF4A7fC6,2024-07-11,SQL Guide,Books,3,2219.41,shipped
4993,0bb2E40b0AC46dc,2024-12-17,iPhone,Electronics,3,156.33,paid
4994,b1d51e3bcD3aBD7,2025-02-01,T-Shirt,Clothing,4,1697.56,delivered
4995,eCFbE3307c5C6Ca,2024-06-03,T-Shirt,Clothing,5,2290.25,shipped
4996,ec6906a5Abb4F37,2025-06-24,Python Book,Books,2,2270.51,shipped
4997,CDB8DBfeCba5ff2,2024-05-21,Jeans,Clothing,3,1513.44,shipped
4998,60AE637cEEd72Ff,2025-09-27,Jacket,Clothing,4,486.93,cancelled
4999,40D8ce7cd4861a9,2025-04-15,Data Engineering,Books,1,66.07,delivered
5000,d43e5BDA8501963,2024-05-31,Jeans,Clothing,4,1693.1,delivered
5001,5ecCDCA9CdEA6EF,2024-07-31,iPhone,Electronics,3,909.11,delivered
5002,f490F0Bfe9606ee,2025-01-09,Sneakers,Clothing,3,1875.55,created
5003,73b35045cBb7e4D,2025-01-16,Laptop,Electronics,3,1376.54,created
5004,f8b39e10e5eED54,2026-02-09,Data Engineering,Books,5,1169.16,delivered
5005,eb8d940fD3c6F69,2025-01-25,Sneakers,Clothing,4,2856.37,delivered
5006,FbE3f97Fa154d47,2024-09-30,Sneakers,Clothing,1,2718.33,shipped
5007,11eBACc787fc4eA,2024-09-10,Jacket,Clothing,2,1907.29,delivered
5008,dB3902Fbb246baA,2025-04-05,Monitor,Electronics,4,992.84,created
5009,29bC6dFe3B4B045,2025-07-16,Jacket,Clothing,5,84.64,cancelled
5010,aEFcf3ff2588b72,2026-01-09,Sneakers,Clothing,4,1648.53,created
5011,9EEC318EABBFAEc,2024-07-05,Jacket,Clothing,1,1811.16,delivered
5012,bc87b3cBDeee383,2025-11-06,Monitor,Electronics,3,2900.72,paid
5013,0fb4aE437DcF4cE,2024-11-07,Jacket,Clothing,5,1757.61,delivered
5014,7AF0Bf6b857F05b,2024-06-15,Machine Learning,Books,4,134.22,created
5015,eE5A2Af47F72C27,2026-04-19,Machine Learning,Books,5,340.96,created
5016,F52eAAFdDFeF70c,2025-04-04,Sneakers,Clothing,2,1813.08,created
5017,8307CEaCF1daFBe,2024-07-03,Data Engineering,Books,1,2415.72,paid
5018,aa4Ed5Ca896ed0f,2025-10-20,SQL Guide,Books,2,2311.99,created
5019,2Aacbfe5c8DFae8,2025-07-12,Machine Learning,Books,3,2374.27,cancelled
5020,4c0E79EDDdF02B4,2025-05-03,Jeans,Clothing,1,1456.97,shipped
5021,197EbbF6eEC2aa4,2025-04-18,Jeans,Clothing,3,2749.47,paid
5022,AB12cfE8EA68C46,2025-02-21,Jacket,Clothing,2,995.57,delivered
5023,342dbD19134AD1f,2025-07-23,T-Shirt,Clothing,5,1381.72,created
5024,B6Daee952D44018,2026-04-23,T-Shirt,Clothing,1,2911.74,created
5025,7c8f22af5134CCd,2026-04-11,Monitor,Electronics,1,890.58,paid
5026,469eeccd36e4D89,2024-05-22,Jeans,Clothing,4,256.17,cancelled
5027,AA899C05e20E7Ed,2024-05-08,T-Shirt,Clothing,4,370.23,created
5028,7D6eaB0bAC82FeD,2025-12-26,Python Book,Books,4,25.32,shipped
5029,E9ce7F4f822FC18,2024-07-13,SQL Guide,Books,5,623.95,paid
5030,4b12beD2FaEb6d1,2025-08-16,Laptop,Electronics,2,65.03,cancelled
5031,06BEeA0ADbCBada,2025-03-21,Headphones,Electronics,1,1681.5,cancelled
5032,b6bf3eDc9fE02C2,2025-04-24,Sneakers,Clothing,1,1072.39,created
5033,C7dACfadE334a7a,2024-08-26,Jeans,Clothing,2,2722.91,paid
5034,9Ea74c44DB8bAA1,2024-09-27,Monitor,Electronics,4,1485.98,shipped
5035,5240cC94Ab4766A,2025-02-08,Headphones,Electronics,4,2887.91,shipped
5036,0b97F95D7F2ADd1,2024-11-16,Jacket,Clothing,1,2073.45,paid
5037,5Eb37B846dcfd9b,2025-05-22,Sneakers,Clothing,2,2779.99,paid
5038,535E4C583E2aEdD,2025-12-16,Machine Learning,Books,3,1860.07,cancelled
5039,5Ecc8eafD8aa378,2024-10-19,T-Shirt,Clothing,3,2012.83,created
5040,aCf3522dadA80AF,2025-03-25,Monitor,Electronics,4,1233.64,delivered
5041,eE7e9D5CfCeb845,2024-05-27,iPhone,Electronics,2,1751.59,created
5042,Aed34b5A5Ce7b0B,2024-07-29,Sneakers,Clothing,2,1111.55,shipped
5043,eC46a257f457690,2024-11-25,Sneakers,Clothing,4,1220.99,cancelled
5044,FF62Ec561CC955a,2026-01-20,Machine Learning,Books,2,932.37,shipped
5045,bF0bEeCAcDD3e1e,2024-08-31,Keyboard,Electronics,5,2408.19,cancelled
5046,DCaCEdEF29e4c0E,2024-09-29,Jacket,Clothing,2,2575.19,created
5047,A61eA84c2DADF2d,2025-04-26,Headphones,Electronics,3,786.78,cancelled
5048,2fE2CfFdbfa9cec,2025-02-26,Jacket,Clothing,5,2716.17,created
5049,04F320E0994A8F9,2025-05-19,Monitor,Electronics,4,2365.59,created
5050,4C7F253CDee0CEF,2025-03-23,Jacket,Clothing,1,2781.19,shipped
5051,fb9c513CaE6A4C5,2024-10-06,Python Book,Books,2,695.88,shipped
5052,DcB59DfA777c4D2,2024-08-06,Laptop,Electronics,5,850.84,created
5053,aDAf7abF4dD2C53,2025-06-18,Python Book,Books,1,1877.7,cancelled
5054,0ABDEC6D012e6Bf,2025-03-10,Headphones,Electronics,4,2531.77,paid
5055,Ecacf2da32E9dfd,2024-11-17,Headphones,Electronics,3,863.56,created
5056,AEc8b6CF64B5354,2024-06-14,Python Book,Books,1,1555.55,shipped
5057,ff3496551c5bC1D,2026-04-25,Headphones,Electronics,2,2657.89,created
5058,a743189DBCD783F,2025-08-08,Machine Learning,Books,2,902.88,delivered
5059,6cCC7FE3Ad4f26B,2025-11-17,Data Engineering,Books,3,2701.74,shipped
5060,FEff2B6dF2ce43A,2025-07-21,Jeans,Clothing,4,2685.15,created
5061,1bE180CCdE26a3C,2025-08-26,Monitor,Electronics,4,1410.27,paid
5062,4f8620fD9e4FBB9,2025-03-02,Monitor,Electronics,4,2409.5,delivered
5063,1C4FbF09DAb2E2f,2024-12-05,Machine Learning,Books,4,174.41,delivered
5064,84497309E3d24F6,2026-05-05,Headphones,Electronics,3,1197.2,created
5065,9C461771B90fBc0,2025-02-01,Jeans,Clothing,3,2032.43,paid
5066,d7d9efaEf1fCC3d,2025-02-28,Keyboard,Electronics,4,2179.81,delivered
5067,AA3c0AfD7A28A47,2025-08-14,Data Engineering,Books,1,2830.59,created
5068,7acbedAb95532Eb,2025-10-19,Data Engineering,Books,2,1929.04,cancelled
5069,dFecDfCEBB9cbC5,2026-04-26,Jeans,Clothing,3,2304.24,created
5070,0acfabbc228d3a9,2024-07-13,Keyboard,Electronics,3,818.35,created
5071,b8bb0Ee340A377a,2024-10-23,SQL Guide,Books,1,786.01,shipped
5072,5E5b9Ac8b9efAdE,2026-05-04,Data Engineering,Books,3,2795.39,created
5073,b3Ee8bebdA03ea5,2026-02-27,T-Shirt,Clothing,1,604.13,created
5074,Dd8b889CCF1acbb,2025-09-28,T-Shirt,Clothing,3,2480.28,created
5075,DB99A77611caEE3,2026-01-17,Data Engineering,Books,5,2103.39,cancelled
5076,aff1C6dd2AADd9C,2025-03-14,Python Book,Books,4,2595.62,created
5077,32BDc4F5A1094aC,2025-06-15,T-Shirt,Clothing,4,759.61,created
5078,e4363F711EC9e3D,2025-08-15,SQL Guide,Books,3,523.96,delivered
5079,EC06f02C92196D7,2025-03-14,T-Shirt,Clothing,1,2086.29,shipped
5080,F0fE008BC4Cc748,2026-01-10,Data Engineering,Books,5,2537.4,cancelled
5081,b509ad07AB1aac0,2026-04-30,Machine Learning,Books,3,831.65,paid
5082,A9E66Aaa720d795,2025-11-21,Sneakers,Clothing,4,1921.97,shipped
5083,A6A3Fd5B254C987,2025-01-01,Python Book,Books,1,1192.44,paid
5084,D728c91A4Bd5dbd,2025-10-04,Jeans,Clothing,4,1366.27,paid
5085,552D7C8f2C6dC1A,2024-12-01,Keyboard,Electronics,3,994.46,delivered
5086,1BdABFdE827Bcb8,2025-02-09,Machine Learning,Books,2,2099.69,cancelled
5087,ef0b7bFa4e274bF,2025-01-02,Headphones,Electronics,1,2806.85,shipped
5088,48944b0b3C0DEf5,2025-06-01,Sneakers,Clothing,3,653.54,cancelled
5089,bE09c60C3EFE9cF,2026-01-08,Monitor,Electronics,1,1753.7,paid
5090,C378BEAA45de146,2026-04-26,Machine Learning,Books,5,1776.91,cancelled
5091,2A864FDCA4B3b8f,2024-06-28,Machine Learning,Books,5,1295.08,cancelled
5092,CF9cC466DDEEAEC,2024-07-18,Monitor,Electronics,5,2620.06,cancelled
5093,bcFEb397BA21F9B,2024-05-24,Headphones,Electronics,3,967.33,cancelled
5094,36E3De4dA7E9da6,2025-10-15,Data Engineering,Books,3,2647.65,created
5095,f79c37dee03fC3C,2025-07-12,Machine Learning,Books,5,2527.17,delivered
5096,f09Ee49AE15Eb1C,2024-12-13,Python Book,Books,2,980.06,paid
5097,9e1AFA83bE7d7ce,2025-08-30,Sneakers,Clothing,5,908.79,created
5098,505a2a0ddcB11E8,2024-05-30,Headphones,Electronics,4,1152.0,delivered
5099,4A644aa5EfDa65a,2024-10-08,Data Engineering,Books,4,1755.49,shipped
5100,3CF2EEcf5061E24,2024-12-22,Jeans,Clothing,4,2157.97,shipped
5101,A6f7C77AfF3afBA,2024-06-18,T-Shirt,Clothing,1,1785.0,paid
5102,efed2c265aE294F,2025-02-15,Data Engineering,Books,1,583.16,created
5103,099b3dfCD68cEFA,2025-12-27,Machine Learning,Books,4,1694.99,created
5104,D9eadFECAb5c8CA,2025-08-30,Keyboard,Electronics,2,1945.98,shipped
5105,BF3EFFD4bF5694c,2024-10-28,Jacket,Clothing,1,1377.17,created
5106,75EaFA42d54FfC9,2026-02-22,SQL Guide,Books,5,918.12,shipped
5107,d0b4DFb50AEdccB,2024-11-07,Laptop,Electronics,2,395.92,created
5108,b56CFba78B29017,2026-02-07,Machine Learning,Books,4,310.14,paid
5109,6971Dc0a6E1f3ce,2026-01-24,Headphones,Electronics,2,170.54,created
5110,145595783dDeFBa,2025-11-06,Headphones,Electronics,5,2713.01,delivered
5111,F5Dd171DE7DB3b4,2026-01-10,T-Shirt,Clothing,1,1825.84,created
5112,1E7fEc1cA2d1FAd,2026-02-16,Sneakers,Clothing,4,1361.01,cancelled
5113,ee899F4bBF7B701,2026-01-18,Sneakers,Clothing,4,1983.83,delivered
5114,7Cd0FD43De46A0E,2024-06-26,Data Engineering,Books,5,737.65,shipped
5115,17487a9D0aCe0e8,2025-08-02,iPhone,Electronics,3,2792.88,shipped
5116,D791Caf30d85239,2025-08-20,Laptop,Electronics,3,2748.88,delivered
5117,67904527DF4b34b,2025-06-20,Keyboard,Electronics,4,465.3,shipped
5118,A9153E9ee2F3Eb5,2026-01-24,iPhone,Electronics,4,1942.44,delivered
5119,f406451FB379f5b,2024-05-16,Data Engineering,Books,4,1290.78,cancelled
5120,D8910072bD18c2F,2025-03-06,Headphones,Electronics,3,1346.51,paid
5121,aec23d1bFFf20Dc,2025-09-07,Sneakers,Clothing,3,2864.24,created
5122,Aa4Da82cc78A87c,2024-08-30,Python Book,Books,1,594.0,paid
5123,2e66d99eB056bab,2026-04-29,T-Shirt,Clothing,1,2733.41,created
5124,DF8F5bEAF7b315d,2024-10-04,Machine Learning,Books,5,1863.28,shipped
5125,FcB8eFAa16decf3,2026-03-19,Python Book,Books,5,1455.5,paid
5126,EF11BCda9BAfbf3,2024-10-16,Data Engineering,Books,3,201.25,created
5127,Fe0B3aaDAcdDE13,2024-07-04,Keyboard,Electronics,5,384.5,created
5128,566caFa3AC3Fdca,2025-01-31,Jacket,Clothing,1,1830.49,created
5129,70AD96BAcffdA07,2024-10-24,T-Shirt,Clothing,5,163.2,cancelled
5130,dCC2117c6e28092,2024-06-07,Sneakers,Clothing,3,60.54,delivered
5131,9812D1283dc2E5e,2024-12-04,Headphones,Electronics,4,667.5,paid
5132,ACBc2988eC7deF1,2025-10-08,T-Shirt,Clothing,4,1874.54,created
5133,0b3bcad6c507Aab,2025-08-03,Jacket,Clothing,1,1906.83,created
5134,D3BfC5De2eDC90f,2025-09-01,Laptop,Electronics,1,1812.17,created
5135,5B57bc771B2EBDa,2025-05-30,Sneakers,Clothing,3,989.84,cancelled
5136,3DE4B6626F54f3b,2025-06-08,iPhone,Electronics,5,1819.44,delivered
5137,f1Eaa94f7F0fdA0,2024-10-01,Data Engineering,Books,1,2866.4,shipped
5138,16adABDDf2DcEF1,2026-04-18,Data Engineering,Books,5,1280.71,cancelled
5139,7b30cE1eBe5dEc3,2026-04-26,iPhone,Electronics,2,457.36,cancelled
5140,EF0cC12BACBd53B,2025-06-19,Laptop,Electronics,2,60.31,delivered
5141,ae5A37f22d8ca6F,2025-03-31,Laptop,Electronics,5,1444.86,delivered
5142,aAea74ab30Db364,2024-12-21,Monitor,Electronics,4,2237.44,delivered
5143,9e4cDb45dBE2BAC,2026-04-22,Jeans,Clothing,3,956.84,paid
5144,5Fb9a6755aAabf5,2025-07-30,Machine Learning,Books,5,268.13,shipped
5145,22569475De34e0E,2026-04-23,Python Book,Books,4,1318.18,paid
5146,F5993A0D8823cfe,2024-06-10,SQL Guide,Books,2,1637.27,created
5147,8608F04f5BB6CD6,2024-05-13,Machine Learning,Books,2,192.23,paid
5148,dFb9F4758dBA73f,2025-05-03,Sneakers,Clothing,1,1901.6,shipped
5149,de676a5366b6B88,2025-02-01,Sneakers,Clothing,1,2029.66,shipped
5150,76f6EA9CD1Eacf2,2024-10-20,Sneakers,Clothing,1,172.2,delivered
5151,B0E7a433583AF4B,2025-01-28,Monitor,Electronics,1,509.62,cancelled
5152,1B2eC86cF8FE4d0,2025-01-16,Laptop,Electronics,5,2522.1,created
5153,3e89Fc364B9d7D7,2026-02-23,Keyboard,Electronics,3,392.97,shipped
5154,ADcbFD34e68BDce,2026-02-04,Machine Learning,Books,2,2189.05,shipped
5155,3a9AB9a9E05aBB6,2025-05-13,T-Shirt,Clothing,5,705.54,created
5156,890CD61D69a4D3B,2026-04-22,Sneakers,Clothing,3,2082.02,cancelled
5157,dAfA71fD653D2dC,2025-10-24,SQL Guide,Books,3,343.51,delivered
5158,Caa2B0bEDDFEc3f,2025-08-09,SQL Guide,Books,3,510.61,created
5159,dDce07A799ebb7f,2025-08-19,Data Engineering,Books,3,1578.39,cancelled
5160,cA3A37B8966FAFb,2024-09-28,iPhone,Electronics,4,88.23,shipped
5161,A35624C2b8eE372,2025-05-26,T-Shirt,Clothing,2,1815.71,shipped
5162,BF4AF7bf34700Be,2024-08-13,SQL Guide,Books,3,1815.38,cancelled
5163,fbe7Acb42b3beEE,2025-12-24,Data Engineering,Books,2,2426.56,shipped
5164,E502a3Dfa80Fa56,2024-10-21,iPhone,Electronics,2,1847.98,delivered
5165,ea44A0Ef34a2f44,2025-05-08,Jeans,Clothing,3,2490.15,delivered
5166,bAd05cfEeE7D8BF,2024-09-17,Machine Learning,Books,1,2080.81,delivered
5167,4ff37b7cC0FbE9c,2025-06-13,iPhone,Electronics,3,2878.75,delivered
5168,CD6E2a5f9Af2dEd,2025-11-20,iPhone,Electronics,3,1208.11,cancelled
5169,8FB89fA34EeaAd6,2024-07-21,Jacket,Clothing,4,2352.76,delivered
5170,C66aeAfa99c3339,2025-09-15,Keyboard,Electronics,3,2398.32,shipped
5171,AB51EC25EEc5EBa,2025-03-22,Data Engineering,Books,3,2381.1,created
5172,C5fEa2dBA68D8e3,2025-01-30,Machine Learning,Books,3,1476.67,shipped
5173,2ef0c74Dc10dB36,2025-07-31,Keyboard,Electronics,1,483.45,cancelled
5174,602BA1d62EafEF9,2026-04-08,T-Shirt,Clothing,5,976.48,delivered
5175,bdEbE0DB1B0DCE9,2025-03-17,Python Book,Books,4,2537.39,paid
5176,F07dFBD7CdcDa86,2024-12-23,Python Book,Books,4,1092.03,paid
5177,7AbDed85212484f,2025-07-27,Monitor,Electronics,1,879.53,delivered
5178,179Be4e2eD916eb,2024-07-12,T-Shirt,Clothing,5,127.04,cancelled
5179,FFdAC0fAbb70CAa,2026-02-04,Sneakers,Clothing,2,495.1,shipped
5180,4Dc8d582edd3EeA,2024-07-21,Laptop,Electronics,3,886.3,shipped
5181,76e129Dd33fF689,2024-05-27,iPhone,Electronics,2,470.21,cancelled
5182,4C3a4edfAceB1aD,2024-12-18,SQL Guide,Books,1,2389.56,created
5183,Db1B6fD14aA9dbD,2024-05-23,T-Shirt,Clothing,1,2204.53,cancelled
5184,b9332db7d271C6f,2025-07-08,Data Engineering,Books,5,1026.39,shipped
5185,dbCdB82E6da09a1,2026-02-04,SQL Guide,Books,4,2516.23,delivered
5186,4FD93c1EAE7ab60,2024-09-11,Machine Learning,Books,4,1046.68,paid
5187,6cdF5a63Ea45E8c,2026-02-16,Monitor,Electronics,2,662.01,paid
5188,061c5BAC11CdEe1,2024-05-09,Data Engineering,Books,3,2162.2,cancelled
5189,9EFF9CEC5075124,2024-07-01,T-Shirt,Clothing,3,1370.73,created
5190,21C0D91Ba5cFcb5,2026-01-08,Data Engineering,Books,5,2978.29,paid
5191,5fE22Af825E05cf,2024-06-09,Sneakers,Clothing,2,1575.77,cancelled
5192,B5FeFfcB8CBdCe0,2025-09-28,Laptop,Electronics,1,2896.91,delivered
5193,45F9D69C7ffAB3E,2026-03-26,Data Engineering,Books,2,2263.7,created
5194,6240dC68AaCa6B3,2026-03-11,Laptop,Electronics,1,1555.65,paid
5195,291Fa052155a9e0,2025-07-09,Monitor,Electronics,3,1869.02,paid
5196,63c49e404AFa47B,2024-07-23,Sneakers,Clothing,1,463.04,shipped
5197,bF1077Ba68A5ce0,2024-08-13,iPhone,Electronics,3,88.45,created
5198,5A06cC572A63BE3,2025-05-18,Jeans,Clothing,4,1306.28,shipped
5199,2aD7eDe3eC1ebF0,2024-06-19,iPhone,Electronics,2,1750.13,created
5200,03B4DcDBDeba74F,2025-07-14,iPhone,Electronics,1,1502.89,shipped
5201,4dFCDaFedDbA9FC,2024-08-26,Laptop,Electronics,4,831.47,created
5202,F34b912ddadb09F,2024-11-09,Data Engineering,Books,4,1034.33,paid
5203,45906B3BFe2FbE3,2025-05-30,Python Book,Books,5,567.24,created
5204,485117cB1CEaDE9,2024-12-25,T-Shirt,Clothing,2,518.95,paid
5205,793FFAbd54455F1,2025-12-23,iPhone,Electronics,2,655.05,paid
5206,Df63c56afB2d0F5,2024-08-15,Monitor,Electronics,1,1960.8,delivered
5207,51C9E59fFBF6CeA,2026-03-05,Headphones,Electronics,3,2381.54,created
5208,2dDECFb8090ed3e,2026-04-11,iPhone,Electronics,5,2752.79,delivered
5209,Aa6795E6a5df12A,2025-01-28,Laptop,Electronics,5,268.79,paid
5210,ccF890b1eD7faaA,2025-03-14,Sneakers,Clothing,2,2936.72,delivered
5211,5D9adADF6EDf8de,2026-03-26,Headphones,Electronics,2,2311.38,shipped
5212,71B6f5BE906dB43,2026-03-21,T-Shirt,Clothing,3,907.73,shipped
5213,df1bbF4AAFb7cf4,2025-09-13,Python Book,Books,3,2845.88,delivered
5214,6eb7d3781B92790,2025-08-18,Sneakers,Clothing,4,2324.73,delivered
5215,Dc76656Ac869009,2026-03-12,Headphones,Electronics,3,307.01,paid
5216,3B96Bd27283FB1e,2025-02-26,Data Engineering,Books,4,1143.16,delivered
5217,1032BB5b8c8aF59,2025-11-28,SQL Guide,Books,1,1198.64,shipped
5218,1fdF2c3B2bdBd34,2026-02-13,Machine Learning,Books,3,1579.65,created
5219,a6067e40d62cA8f,2025-10-14,T-Shirt,Clothing,1,2522.96,paid
5220,FFf5BBcA4Dd9F2a,2025-10-19,Python Book,Books,3,1178.42,created
5221,fe8ffA82fdC9A7A,2025-12-16,Monitor,Electronics,3,2986.86,cancelled
5222,a4e53dfE5cDefA6,2024-10-30,SQL Guide,Books,5,451.66,delivered
5223,5DABf1C7324Eac0,2025-03-08,T-Shirt,Clothing,4,805.69,paid
5224,4ad7cA0d87e4732,2024-11-26,SQL Guide,Books,1,2073.81,shipped
5225,72be9d7dbf14b8d,2025-08-02,SQL Guide,Books,5,1126.55,shipped
5226,9BEaDaedf59BeBd,2024-11-05,Jacket,Clothing,2,2525.5,delivered
5227,c6F1EfFafA309cF,2026-03-22,Machine Learning,Books,2,872.09,delivered
5228,cAbCE5cbf2dB5a5,2025-01-05,Jeans,Clothing,5,2850.94,paid
5229,01f07869Ff4Df22,2024-10-13,Sneakers,Clothing,2,1821.94,shipped
5230,d1a33eD766BB3ad,2025-02-25,iPhone,Electronics,5,1819.34,paid
5231,e8A247FBd0E1f66,2025-04-28,T-Shirt,Clothing,1,480.07,cancelled
5232,48Fe1C5b692f2BD,2025-06-14,Keyboard,Electronics,4,1832.5,delivered
5233,EaCBF5de9e9DeEA,2025-07-25,Sneakers,Clothing,2,2882.55,paid
5234,CE7aec1AEa3BADF,2025-12-01,SQL Guide,Books,2,2908.52,paid
5235,8ecCe8bed5284dF,2025-10-04,T-Shirt,Clothing,1,2228.35,created
5236,06EC9CfBf8fC0CA,2026-01-05,SQL Guide,Books,4,777.79,created
5237,b5ffae265DBDcCC,2025-06-04,Headphones,Electronics,4,778.73,paid
5238,dA72D0dF99C55e2,2026-03-24,SQL Guide,Books,5,2963.91,shipped
5239,2aDCFaC8f1fDE40,2025-07-29,T-Shirt,Clothing,4,2862.76,cancelled
5240,ed87FEdAA8Ce4f1,2025-08-22,Sneakers,Clothing,2,193.53,cancelled
5241,10DFaaeF24E3E3e,2024-06-20,Laptop,Electronics,1,1477.47,paid
5242,cC8B4AFFbdA92CD,2026-04-01,Sneakers,Clothing,2,898.74,shipped
5243,Da6B0e0B3fAe1E2,2024-12-09,Headphones,Electronics,3,435.21,paid
5244,54d9c4fC8DCAf3b,2024-05-15,Jeans,Clothing,2,182.47,created
5245,DAB39B44bED33F4,2024-10-19,Sneakers,Clothing,5,87.07,created
5246,1b7E02d362A06Af,2026-03-03,Keyboard,Electronics,3,1588.95,cancelled
5247,fEC70AaE7BbbffE,2024-10-05,Jacket,Clothing,1,874.86,shipped
5248,AFC0EaFF03d9FfF,2025-01-31,Jacket,Clothing,3,2913.17,paid
5249,E46FbD9ffF8D8EA,2026-01-13,iPhone,Electronics,4,648.96,shipped
5250,ff429ae8FeB15A8,2025-03-01,Data Engineering,Books,1,123.55,shipped
5251,dCEEA2a8cDDa386,2024-06-28,Sneakers,Clothing,5,2242.61,paid
5252,5fECf1C1E2a2A56,2026-01-06,T-Shirt,Clothing,1,531.98,cancelled
5253,4e1BDB9F7efD369,2026-04-02,Jeans,Clothing,2,566.15,paid
5254,0cCD45a0c7BEEAc,2024-11-25,Jeans,Clothing,5,691.65,shipped
5255,e3Af88adbe0F3E6,2024-11-11,Data Engineering,Books,5,197.94,cancelled
5256,8A56298F3969dAa,2024-07-29,Jacket,Clothing,5,691.76,cancelled
5257,a78F6AEA6fE58db,2025-07-03,T-Shirt,Clothing,4,1753.52,created
5258,46f3dEfbaac52d6,2025-11-22,T-Shirt,Clothing,3,667.56,delivered
5259,A3C84e8c7d126Ce,2026-03-08,Machine Learning,Books,1,2449.53,delivered
5260,8F706698d23d8eC,2024-12-29,Machine Learning,Books,2,481.81,paid
5261,89Ad168Edf216FA,2025-11-05,Jacket,Clothing,3,1193.95,delivered
5262,1Ced0c5B770D8c3,2024-10-05,Python Book,Books,5,1190.04,created
5263,bd555baDEFf641d,2026-04-08,T-Shirt,Clothing,5,1985.83,paid
5264,7BC66BCBa9de5F2,2026-01-03,SQL Guide,Books,1,2552.95,shipped
5265,2F7cB005a3e3a28,2025-05-06,Jacket,Clothing,5,728.14,created
5266,13a9D6E4fecA372,2025-08-10,Laptop,Electronics,2,694.16,delivered
5267,be3a9925B734bbB,2024-09-14,SQL Guide,Books,1,2521.68,shipped
5268,66de8C30DE6Abef,2024-07-17,T-Shirt,Clothing,2,1490.21,delivered
5269,bEb7CB3cCD464fD,2025-08-30,Jeans,Clothing,3,441.75,created
5270,3bfAE32DBF707De,2025-03-24,iPhone,Electronics,2,249.73,paid
5271,f15ABF4dD677357,2025-03-30,Python Book,Books,5,2492.51,delivered
5272,eF148cbBcdfe8e4,2025-07-22,Jacket,Clothing,3,1868.19,shipped
5273,9Fb9A4E857C28f2,2025-03-06,SQL Guide,Books,4,2743.23,paid
5274,BCecAdBd46bEEEb,2025-07-11,Jeans,Clothing,4,2343.4,created
5275,9D98167e96C4266,2026-04-26,SQL Guide,Books,4,471.63,paid
5276,23349bbF6197e1A,2024-11-04,Machine Learning,Books,3,1916.84,delivered
5277,00ceae22dA40A8E,2024-12-01,Machine Learning,Books,2,2969.14,paid
5278,bE442dfe3dd9855,2024-09-07,Laptop,Electronics,1,1113.04,shipped
5279,BC5d57a5c0F5232,2025-02-03,Jeans,Clothing,1,699.03,shipped
5280,93D2DBc1a0dA73C,2024-07-01,Jeans,Clothing,5,1306.54,shipped
5281,985d85BfACFf13b,2024-11-17,Jeans,Clothing,2,1079.39,shipped
5282,ebc4729AAf4B551,2025-10-13,Data Engineering,Books,4,1039.35,shipped
5283,F513DaE4aC54bFb,2025-01-14,Machine Learning,Books,5,480.05,cancelled
5284,8D8cf3Bb5FEBfd6,2024-06-20,Jeans,Clothing,5,1005.55,paid
5285,1bf9764b13F2a5a,2025-06-11,Laptop,Electronics,4,1972.47,shipped
5286,16fA8ebeDeBD95f,2025-03-21,Laptop,Electronics,4,2286.56,shipped
5287,aBF5C9DDeB5971a,2025-01-05,SQL Guide,Books,3,1108.43,shipped
5288,e4FA5f23649BBf1,2024-05-24,Jacket,Clothing,1,1493.4,paid
5289,E872BEc052A12c9,2025-05-28,Laptop,Electronics,2,532.52,created
5290,b5a3988F5D4dE54,2024-05-14,Monitor,Electronics,2,2020.87,shipped
5291,CA9eEeCFdfAd5fF,2025-06-13,Monitor,Electronics,4,2883.2,shipped
5292,6e20FbFE5BfFE83,2025-09-08,Monitor,Electronics,2,2768.85,created
5293,af8C95f0d54d205,2024-06-22,Sneakers,Clothing,3,1800.35,created
5294,7891B548aC738a1,2026-05-05,Jeans,Clothing,4,155.04,delivered
5295,3C7859bbEc2aBb9,2025-10-24,Sneakers,Clothing,1,2096.47,cancelled
5296,fAdCFCD25D2eac7,2024-11-15,Keyboard,Electronics,3,692.26,shipped
5297,Aa8A6eaBdB5FCff,2025-08-04,Data Engineering,Books,5,1071.85,shipped
5298,E2Ed76f695dfef9,2024-07-15,Monitor,Electronics,5,1684.06,created
5299,38B3fa46c5b52Da,2024-08-02,Sneakers,Clothing,1,1061.62,shipped
5300,E48d22adBCA0cDe,2024-07-31,SQL Guide,Books,5,438.67,created
5301,BB4bf94773352e8,2025-01-29,Jeans,Clothing,1,693.69,cancelled
5302,dFB7815EDeeB866,2025-10-07,SQL Guide,Books,2,1504.75,delivered
5303,0F5aAb4e2090351,2025-05-01,Jacket,Clothing,4,1032.21,paid
5304,C69e6564C78968b,2025-08-30,Python Book,Books,3,186.31,shipped
5305,99d43B0dd0aD96a,2025-04-04,Laptop,Electronics,5,357.15,shipped
5306,336cB28E4B7FCEa,2024-12-02,SQL Guide,Books,3,269.15,created
5307,5150601DfAce1a2,2024-07-21,T-Shirt,Clothing,1,1367.99,delivered
5308,627db5dB6C31a8c,2024-07-12,Monitor,Electronics,1,679.28,delivered
5309,2b2eC3eb202DeFA,2025-02-05,iPhone,Electronics,1,2243.04,delivered
5310,753DaB7BeF931a9,2026-03-10,iPhone,Electronics,3,1227.71,created
5311,B9fdd8FA8C6dFbC,2026-04-11,Data Engineering,Books,3,1338.68,cancelled
5312,e91EfB06D7C0Ca4,2025-03-27,Monitor,Electronics,5,1636.04,shipped
5313,adE8CBcb89FAeD4,2025-04-22,iPhone,Electronics,5,2368.13,created
5314,a1beCA9E23cc27c,2026-04-22,Headphones,Electronics,1,1343.24,cancelled
5315,8EA76acb4C6Be91,2024-08-24,Data Engineering,Books,2,2248.24,cancelled
5316,Cf08a3DbF84b620,2025-04-15,Machine Learning,Books,4,1809.97,created
5317,bF9f85cF57f3A3e,2025-11-07,Data Engineering,Books,4,2943.06,shipped
5318,98B2fDf2AAE8d9B,2026-03-16,Jeans,Clothing,3,2229.11,cancelled
5319,19d21Fc02a369bc,2025-06-08,Python Book,Books,2,79.55,cancelled
5320,e1C4237DcdaEb5C,2024-07-18,T-Shirt,Clothing,1,2316.58,created
5321,87dcB3E89b7Af8A,2025-07-14,Jacket,Clothing,4,2667.75,delivered
5322,cFdF1DAadb44b9E,2025-11-29,T-Shirt,Clothing,3,2905.67,created
5323,b93AEd7Ef9ac410,2025-05-29,T-Shirt,Clothing,5,1804.38,cancelled
5324,d11c42b0f2f57df,2026-01-17,Keyboard,Electronics,5,1764.27,shipped
5325,CC51c8A6aaaeE78,2026-04-18,Jeans,Clothing,3,2821.03,shipped
5326,669d83EeD3a138E,2026-05-08,Data Engineering,Books,2,2720.17,created
5327,cdC63bCf69F5C22,2024-10-14,Python Book,Books,4,961.27,delivered
5328,21BFD8A4Ee9BDeC,2025-11-19,Monitor,Electronics,4,1150.05,cancelled
5329,fe2fEB4162A336d,2024-09-25,Jacket,Clothing,5,1084.69,shipped
5330,507eE7d83449a1A,2024-11-25,Laptop,Electronics,2,2534.79,paid
5331,aEE2dDCDaDd2Ff9,2024-08-28,Python Book,Books,5,493.63,shipped
5332,c7D8d082a2f46eD,2024-12-08,Python Book,Books,1,378.96,delivered
5333,Fd0F80D8a7F4C53,2026-03-06,Sneakers,Clothing,4,1763.22,delivered
5334,5Ff6edF49F4B040,2025-07-29,Jacket,Clothing,3,2442.83,paid
5335,f8aB69dd8c7ec41,2025-01-03,Machine Learning,Books,1,678.33,delivered
5336,39Ef8b2dAC8892D,2025-02-01,Sneakers,Clothing,5,1540.4,created
5337,AF38da3DB8daa71,2025-10-03,Headphones,Electronics,4,1235.64,delivered
5338,E05a41Ea62BB1B1,2024-07-23,Machine Learning,Books,2,112.64,paid
5339,A3dbA53737d4BD1,2025-04-25,T-Shirt,Clothing,3,2496.32,paid
5340,631F99C8F6792b3,2024-09-18,Python Book,Books,2,1422.95,delivered
5341,f32BEF5a780A27A,2024-11-17,Monitor,Electronics,3,2132.22,created
5342,8119fecDEB0F66D,2024-11-11,Machine Learning,Books,5,171.54,created
5343,3E2CDeB6D8099c0,2025-12-29,SQL Guide,Books,3,1846.37,delivered
5344,69530cCc11C66fF,2026-02-13,Laptop,Electronics,4,2739.4,paid
5345,DCd723E7d6aB1Dc,2025-12-30,Laptop,Electronics,4,1130.48,shipped
5346,aAaEB2E36edD9a2,2025-10-16,Keyboard,Electronics,5,1144.79,shipped
5347,71aFBB53C5A062D,2024-06-05,Laptop,Electronics,4,2830.73,cancelled
5348,673F945ad0FbC6f,2024-12-16,Python Book,Books,1,706.23,created
5349,4460004A5aD6eb7,2024-08-25,Laptop,Electronics,4,370.1,shipped
5350,B5FAEbbbA02bbdF,2024-08-11,Monitor,Electronics,1,1313.64,cancelled
5351,b8B596fBB74dAcb,2025-04-10,T-Shirt,Clothing,5,1446.93,cancelled
5352,51bBF967d02D90d,2025-04-11,Machine Learning,Books,1,1243.29,paid
5353,94cA044Ac227FD4,2024-08-03,T-Shirt,Clothing,5,2678.08,created
5354,3EEceCf4dCE7eCE,2025-02-25,Python Book,Books,2,1062.34,created
5355,BedD68eB273ba03,2025-07-17,Headphones,Electronics,5,365.83,paid
5356,0eFE22a50B3629f,2025-05-15,Laptop,Electronics,3,1455.95,cancelled
5357,fB0BB6b8fDB9B88,2026-04-21,Sneakers,Clothing,2,158.68,delivered
5358,80EFBBf3eaDE793,2025-08-20,Keyboard,Electronics,1,978.21,cancelled
5359,cBFa534A466c79c,2024-10-27,Sneakers,Clothing,2,2643.34,cancelled
5360,77d1cffdc5Cec6e,2024-10-14,SQL Guide,Books,1,113.84,delivered
5361,6D6BD96b3A0a5eB,2025-02-23,Data Engineering,Books,4,458.12,created
5362,3a0accEADEB7b94,2025-11-29,Data Engineering,Books,2,39.98,paid
5363,Ef8F69bb02dF8AD,2025-12-13,T-Shirt,Clothing,4,707.84,cancelled
5364,14574108AbfB0e2,2025-11-24,Jeans,Clothing,2,2479.21,delivered
5365,b431d6EF36cF0Bb,2025-06-01,T-Shirt,Clothing,1,939.3,paid
5366,Be76cd2B680afB7,2025-11-11,Sneakers,Clothing,2,2171.59,paid
5367,6aEDefdDeaFD0D1,2024-08-12,Machine Learning,Books,3,2409.69,delivered
5368,2E981faeEc6C7Ec,2025-03-19,Laptop,Electronics,5,1325.46,created
5369,367Aa21F8f6Bf61,2026-01-10,Jacket,Clothing,5,2031.02,cancelled
5370,f5B0Daee4ffB3e8,2024-10-11,Jacket,Clothing,1,2308.22,delivered
5371,bd00bF4Ea27dC86,2024-08-06,Monitor,Electronics,1,1732.85,cancelled
5372,9AE692d9b3CBca1,2025-04-24,SQL Guide,Books,5,709.5,created
5373,b4A7dfA2E3AEeEC,2026-03-10,Headphones,Electronics,1,2918.99,created
5374,56A405a2E1d148D,2025-10-12,Sneakers,Clothing,4,2105.1,shipped
5375,dB59ccff2B58D8b,2025-07-09,Jacket,Clothing,2,133.38,created
5376,ea208B7FEe83cb2,2024-07-03,T-Shirt,Clothing,5,1181.84,delivered
5377,D6593acBFf521ce,2024-08-26,Laptop,Electronics,4,2302.15,shipped
5378,761acaC897AE0E2,2024-06-17,Jacket,Clothing,3,2357.74,delivered
5379,4Bdf04dA5C8dcaE,2024-08-19,Machine Learning,Books,1,2368.46,shipped
5380,a5714cb6E724725,2024-06-07,Jeans,Clothing,1,1316.98,shipped
5381,1cf1983A9b35330,2026-03-13,Headphones,Electronics,1,2300.13,delivered
5382,03e382c91e6Ab8e,2026-04-27,Monitor,Electronics,2,919.93,created
5383,17FcA2F572EA1dC,2026-03-27,SQL Guide,Books,1,2149.5,cancelled
5384,a3AaEa6f2Bc1Cd2,2025-09-07,Laptop,Electronics,5,2492.47,cancelled
5385,f9d1Fc0c0DF7D4C,2026-04-10,T-Shirt,Clothing,3,507.35,delivered
5386,160027ce1Fa6eFD,2025-10-05,Jeans,Clothing,2,918.82,shipped
5387,93F60662B69Ba49,2026-03-23,Python Book,Books,4,2115.15,created
5388,F7D5fCdBFefCEB8,2025-07-20,Keyboard,Electronics,5,2573.99,delivered
5389,6e1B19eE2DE6BFa,2025-11-14,Laptop,Electronics,5,1594.84,delivered
5390,eBCb58885bCbE30,2025-12-14,Laptop,Electronics,1,1550.94,paid
5391,feFBaBeefAC5247,2024-09-14,Jacket,Clothing,1,595.38,created
5392,2B40efa0AA24294,2026-04-15,Data Engineering,Books,1,2023.13,cancelled
5393,14Df02fd8d5bDeA,2024-08-23,Headphones,Electronics,1,2840.53,cancelled
5394,eDb56Cb989de7Dd,2026-04-15,Jeans,Clothing,5,1832.56,shipped
5395,ADe695Be3eac741,2024-07-11,Monitor,Electronics,2,2568.49,shipped
5396,67AA41BdaBeaA42,2025-10-18,T-Shirt,Clothing,5,691.53,delivered
5397,490b64BB4E2FeAf,2024-08-03,SQL Guide,Books,4,1356.19,cancelled
5398,14affbfCfffeCa1,2026-03-28,Python Book,Books,2,1722.3,cancelled
5399,fA09DfD81C2618A,2024-06-17,Machine Learning,Books,1,2574.17,cancelled
5400,eFD3DbE206aC0BD,2024-08-14,Machine Learning,Books,3,1088.95,paid
5401,018EfDdc2AC1657,2026-03-26,Data Engineering,Books,1,12.12,delivered
5402,5E99B3c8FB9E0D5,2024-11-17,Monitor,Electronics,2,898.28,shipped
5403,2C77Fd248cE2Bc9,2025-07-08,Headphones,Electronics,1,1794.12,created
5404,e2e1EaeDceC24B0,2025-10-09,SQL Guide,Books,3,1966.57,paid
5405,66cddAB8E4c9EC7,2025-05-27,Data Engineering,Books,4,2367.69,delivered
5406,e4c00B0B9fd9E57,2024-06-27,Sneakers,Clothing,2,2780.12,cancelled
5407,8bCDB6E7A92CCcd,2026-01-12,Python Book,Books,2,1182.79,cancelled
5408,f12Cf6Fd5fFf96a,2024-09-02,Headphones,Electronics,1,1310.88,shipped
5409,eeC0c3bAB5D8ce1,2025-03-15,Jeans,Clothing,2,2039.61,shipped
5410,54ef3c0FDD3DE92,2024-08-19,SQL Guide,Books,2,928.67,delivered
5411,BAE9eC50B1aED33,2025-06-24,Headphones,Electronics,4,239.9,delivered
5412,BCB246A9d674EAC,2025-12-30,iPhone,Electronics,5,71.14,cancelled
5413,F50fb1CF1A91141,2025-07-22,SQL Guide,Books,4,59.74,paid
5414,EaD20F59e7FE35A,2025-09-01,T-Shirt,Clothing,3,899.97,paid
5415,11EC492dAfD8CaD,2025-07-02,Laptop,Electronics,4,2530.12,cancelled
5416,4853Fcb00e19A72,2025-01-31,SQL Guide,Books,3,1773.37,cancelled
5417,35ee2A81fBD0a39,2025-12-19,Jeans,Clothing,5,1331.66,created
5418,Bdcf0211Cf35FA2,2026-02-07,T-Shirt,Clothing,2,657.05,paid
5419,2C32fa6aCC7aAf3,2025-03-24,Sneakers,Clothing,2,290.38,shipped
5420,AeCed2a7f54C789,2025-07-29,Python Book,Books,2,62.5,created
5421,e881B74a1b4fe20,2025-03-14,SQL Guide,Books,5,2160.1,delivered
5422,a9C2cD3F61C630e,2026-01-17,Keyboard,Electronics,4,2801.18,delivered
5423,F6104aABa8Feac2,2025-07-10,Jacket,Clothing,1,780.17,paid
5424,fbbD1a6c62dFcce,2026-04-30,Sneakers,Clothing,5,1993.53,cancelled
5425,63666D484Fc7A36,2025-09-21,Machine Learning,Books,5,2819.7,delivered
5426,BBBeCcc1f8A5a1e,2026-02-16,Python Book,Books,2,1005.78,created
5427,9E6Fd88fEbCa219,2025-09-09,iPhone,Electronics,3,1760.34,paid
5428,e52E1a0554505eC,2024-11-16,Jeans,Clothing,2,2048.62,paid
5429,ABdDC8fd94EAbe1,2024-10-06,iPhone,Electronics,3,1583.81,paid
5430,BE94e61bcEDdc99,2025-07-26,Keyboard,Electronics,1,1642.82,paid
5431,B0Bf8Dfd5fb6665,2025-12-16,Monitor,Electronics,4,508.19,cancelled
5432,f102a8aEb56DAf3,2025-06-26,SQL Guide,Books,4,964.9,created
5433,Cf41A6F2E3EdD0C,2026-02-23,Headphones,Electronics,4,2481.8,created
5434,490F3A2c1988c6D,2024-07-16,Monitor,Electronics,1,2851.9,cancelled
5435,7Df20cD2DB1a9Dd,2025-11-07,Machine Learning,Books,4,1488.11,created
5436,EEd17CC78a6dC6b,2024-10-06,Python Book,Books,4,115.47,delivered
5437,d72babF0D8Bca4c,2024-10-01,Jacket,Clothing,2,2839.19,cancelled
5438,cfF5584fFEda5Fe,2025-11-08,Data Engineering,Books,4,137.28,cancelled
5439,E2E0EabcFF691DA,2025-02-04,Jeans,Clothing,4,237.86,paid
5440,3D08D89e77084B3,2024-07-29,Keyboard,Electronics,3,204.87,cancelled
5441,89Fe6d80894A3bE,2025-06-07,Jacket,Clothing,5,228.26,shipped
5442,8845F7c8DC4158d,2025-07-14,Machine Learning,Books,3,374.45,paid
5443,Ce4BbeB11a0FeD0,2024-12-22,iPhone,Electronics,2,686.82,paid
5444,13f1EfC9118E6BC,2024-07-04,T-Shirt,Clothing,5,2502.82,cancelled
5445,AB05067DE1AA1A1,2025-01-15,Machine Learning,Books,2,2651.54,cancelled
5446,7EA54b92Bed336f,2024-09-08,iPhone,Electronics,1,1723.73,delivered
5447,49C5bAB9Ac4C6C7,2024-07-08,Python Book,Books,3,1471.95,cancelled
5448,aFC87522aF01f6d,2025-09-06,Machine Learning,Books,2,2311.64,delivered
5449,14ff8d89Dff79bd,2025-05-13,Monitor,Electronics,2,1788.42,paid
5450,7EA8ccA8aDA06FA,2024-11-25,Python Book,Books,5,1246.81,delivered
5451,1daC6C6CBa4CABc,2024-06-15,Sneakers,Clothing,4,706.17,shipped
5452,C2c512D158850a2,2025-12-11,Jacket,Clothing,2,2562.89,paid
5453,d44B435F0fB4a16,2024-10-20,Jeans,Clothing,5,917.29,cancelled
5454,A207fE77729E33C,2025-12-08,Sneakers,Clothing,1,1788.16,cancelled
5455,7AD749a33CC7b2B,2024-12-18,Laptop,Electronics,3,2548.38,created
5456,aBdaf83BAb5f053,2025-07-26,Machine Learning,Books,1,1340.21,delivered
5457,1856a12DABf4c1C,2026-02-26,Jeans,Clothing,3,1992.97,shipped
5458,1b275AA4dcD9Ef8,2024-06-11,Jeans,Clothing,4,1184.56,cancelled
5459,438CbC57259EecE,2024-09-20,T-Shirt,Clothing,4,1114.07,shipped
5460,3996A4ADEadCe1D,2026-02-13,SQL Guide,Books,4,2387.04,delivered
5461,075dA60E4eE8E3E,2024-12-24,Headphones,Electronics,3,2110.96,shipped
5462,4dE0427a9aBEA4e,2025-02-09,SQL Guide,Books,2,1095.99,delivered
5463,36c3feaCBcDbB9E,2025-09-09,Keyboard,Electronics,4,2504.62,paid
5464,d1bC6cD8aDf8fAF,2024-11-18,Jacket,Clothing,3,2722.89,shipped
5465,3148DaDAE77C2EE,2025-08-16,Headphones,Electronics,4,2241.62,cancelled
5466,eD092D8ad06deA6,2025-10-23,Sneakers,Clothing,1,310.73,paid
5467,fD8d1F8cBc5d059,2026-02-12,Machine Learning,Books,5,2485.99,delivered
5468,A4D11227dcedd7c,2025-09-14,Machine Learning,Books,2,2457.77,paid
5469,aAa2E6B0EEFC0fC,2026-02-21,Python Book,Books,1,1791.76,cancelled
5470,DE332dC19c5fE4D,2025-10-03,Sneakers,Clothing,1,580.06,paid
5471,2aC6A1b5FBF1DE0,2026-02-04,Python Book,Books,4,246.34,delivered
5472,c5f4149c2ad43c6,2025-01-12,SQL Guide,Books,4,2226.3,paid
5473,Fc0c6bcD7a96e0f,2025-12-29,Keyboard,Electronics,4,1159.48,created
5474,BcD70fFFDc224ed,2026-01-21,Keyboard,Electronics,1,541.45,created
5475,8bd3475a46a4284,2025-01-01,Laptop,Electronics,5,1484.63,cancelled
5476,6efB1CE1AfCcdEe,2025-04-15,SQL Guide,Books,4,1957.63,cancelled
5477,17b5AA8ed0f95D3,2024-12-30,Headphones,Electronics,4,1613.31,paid
5478,377DA0C2420A79A,2024-08-17,SQL Guide,Books,3,2017.1,shipped
5479,8d78Ea36CadCaCC,2024-10-19,Machine Learning,Books,2,773.7,shipped
5480,Dd9Cfa603E0e38d,2026-02-04,T-Shirt,Clothing,2,604.0,shipped
5481,69f0EDaFEa6F818,2024-07-25,Jeans,Clothing,1,2526.11,shipped
5482,A9BE0BF0F5AfC36,2025-08-30,Machine Learning,Books,5,1157.55,cancelled
5483,3101e3BaCD8fE2c,2026-02-03,Sneakers,Clothing,2,2310.07,paid
5484,39dA252DFEcdE6C,2025-12-05,Keyboard,Electronics,2,81.53,created
5485,1Ccd6dFd36dFfaD,2024-07-04,Headphones,Electronics,3,2330.72,cancelled
5486,2AC1ca0A82Fb506,2025-02-26,Jacket,Clothing,1,813.22,created
5487,DBB9Fff2Adb3baB,2025-04-23,Sneakers,Clothing,1,2623.71,cancelled
5488,cbCCCffbE35B483,2025-02-17,Sneakers,Clothing,2,277.76,cancelled
5489,eF4Fcd16Ba0cB4e,2024-12-29,Data Engineering,Books,5,2803.35,paid
5490,dF1B5FFC78bDeDE,2024-06-01,Headphones,Electronics,4,2921.68,created
5491,cF272cee8CDEDa3,2025-10-20,SQL Guide,Books,2,2227.58,shipped
5492,F46E8Fcb67ebfBB,2024-11-24,Machine Learning,Books,3,2140.78,created
5493,921f9C52Aa9B7B4,2024-11-24,SQL Guide,Books,5,1133.49,created
5494,Ba4D87da5Ec1e34,2024-07-21,Data Engineering,Books,2,2698.95,paid
5495,A44ae3b2EC2F27C,2025-04-14,Jeans,Clothing,4,2444.44,created
5496,Ab7ed4151e8B2AD,2024-06-08,Machine Learning,Books,3,2461.12,created
5497,3c4A137AFAe0fAD,2025-10-26,Headphones,Electronics,4,2792.24,created
5498,f2F2582F45FFbF2,2024-09-17,SQL Guide,Books,5,1928.91,shipped
5499,dcbCe0BeeE92caa,2024-06-03,Data Engineering,Books,4,2120.28,shipped
5500,943f65C63f3B7fc,2026-02-16,Sneakers,Clothing,4,1836.91,shipped
5501,8604A49EcFBefe0,2024-10-08,Python Book,Books,5,261.7,cancelled
5502,f2CbbCD013F47cf,2024-12-13,Machine Learning,Books,1,537.05,shipped
5503,D084c223ab9FA33,2026-02-23,iPhone,Electronics,4,2786.79,delivered
5504,EcbA8aC229cF86D,2025-07-10,Monitor,Electronics,3,2469.98,shipped
5505,597b8eA807E07f4,2025-08-21,Jacket,Clothing,2,1662.34,created
5506,c0abE69f4aEbE4e,2024-09-11,T-Shirt,Clothing,4,1945.44,delivered
5507,4B4eeA00E2096AD,2024-10-23,Jacket,Clothing,2,2336.65,delivered
5508,CcE33BA6bbE3E00,2026-04-17,Laptop,Electronics,1,1555.45,delivered
5509,d9C538D3BcF7037,2025-09-26,Jacket,Clothing,5,2043.42,delivered
5510,E6BE926aaC47b61,2025-04-05,SQL Guide,Books,3,1328.05,delivered
5511,BCDCB17b18E71F8,2025-02-15,SQL Guide,Books,5,844.69,delivered
5512,a4b09Df9BA57EBB,2025-03-28,Machine Learning,Books,2,589.56,delivered
5513,a8beEEeb5cefc7D,2025-01-17,Sneakers,Clothing,5,17.74,cancelled
5514,cEc30Ead8e6F902,2025-05-10,Jacket,Clothing,3,1405.97,created
5515,5CB7Fef53b80582,2025-05-27,Python Book,Books,2,867.25,paid
5516,25c5a7a5E4F2EDA,2025-12-27,Python Book,Books,5,1578.95,cancelled
5517,A643e86Bd8cd828,2025-01-11,Machine Learning,Books,1,1884.35,cancelled
5518,BBdA482A3e92bB7,2025-11-12,SQL Guide,Books,3,1406.83,shipped
5519,b7cF64B5B3F0a4d,2024-07-07,Machine Learning,Books,5,1203.9,delivered
5520,DD38ec0772Fd38C,2025-12-12,Jeans,Clothing,2,1027.6,shipped
5521,eCa2ce5ebbAfBAA,2025-07-11,Jeans,Clothing,2,2248.33,paid
5522,E089Aeabd9EeBEA,2025-01-01,iPhone,Electronics,2,2418.05,cancelled
5523,0D9A056885acd47,2025-10-24,Python Book,Books,5,1273.35,cancelled
5524,edc1D237307c0c3,2026-03-08,Keyboard,Electronics,4,229.88,cancelled
5525,6dA0feED61ddcEa,2025-02-02,Headphones,Electronics,4,707.47,shipped
5526,17E1ffB0aFBCafE,2025-01-08,Headphones,Electronics,1,2770.46,delivered
5527,ae78a9CFb5da4dC,2024-11-14,Machine Learning,Books,3,2875.18,shipped
5528,6BA0Cc83d0EfA4E,2025-09-30,Headphones,Electronics,4,1659.39,created
5529,CB120DCDDaC7C3c,2024-09-26,Jacket,Clothing,5,2976.33,cancelled
5530,2380d5Ea8BCd975,2026-03-16,Data Engineering,Books,1,1655.83,shipped
5531,AaEAa8D1fA7E16e,2025-10-08,Jacket,Clothing,5,427.19,cancelled
5532,ad1e93877DDfAc6,2026-01-22,Headphones,Electronics,4,206.3,cancelled
5533,0C9f9aD51ef7A7a,2024-10-26,Monitor,Electronics,3,1590.93,cancelled
5534,B698bFc3B331b7F,2024-10-31,Data Engineering,Books,5,1462.96,cancelled
5535,E44Fee0fB862A15,2024-07-26,Machine Learning,Books,5,2148.24,cancelled
5536,E3cDC2FcCDA1965,2025-07-27,iPhone,Electronics,3,640.26,created
5537,FBAa9ACfeA39Fa8,2025-04-13,SQL Guide,Books,5,466.03,delivered
5538,B05331e3bee4cfF,2024-07-13,Laptop,Electronics,1,2607.95,created
5539,DEDad04ca8a7FdC,2024-07-11,Python Book,Books,1,2040.16,shipped
5540,Ffb928F8B49c2AC,2025-04-06,Laptop,Electronics,4,1268.94,paid
5541,AA0EFC331Fc58e6,2024-05-26,Jacket,Clothing,2,1734.48,paid
5542,3A4c1C8D54edEf0,2025-07-06,Jacket,Clothing,2,1634.1,cancelled
5543,4B19C2F87ACECeb,2025-04-18,Monitor,Electronics,1,1130.7,cancelled
5544,3AC1413d377C76e,2025-09-22,Jeans,Clothing,2,2592.22,shipped
5545,85ab4ec13CBECFC,2024-10-23,Headphones,Electronics,5,2576.11,delivered
5546,DebDe1B3C819Ca0,2024-12-13,Keyboard,Electronics,3,1561.09,delivered
5547,BCD5A90cDDa5d16,2025-10-06,Jeans,Clothing,2,2079.41,paid
5548,3d521A65d96A591,2025-04-08,Jeans,Clothing,4,2988.45,shipped
5549,fE7cACb6aC48216,2024-08-06,Jeans,Clothing,2,2285.91,created
5550,dCBF84b8fb2BA3C,2025-01-04,Laptop,Electronics,1,2164.58,cancelled
5551,bC6D7dcCDb32Ba2,2026-03-07,Jeans,Clothing,1,2695.24,paid
5552,d7ABa3ccdFE4eE9,2024-05-17,Python Book,Books,5,2726.32,created
5553,D3845b8D744FF25,2024-07-12,Jeans,Clothing,4,2723.67,shipped
5554,B50073B8EbebE9f,2025-05-03,Keyboard,Electronics,4,2175.45,paid
5555,e34d7CcEaEBeAA5,2024-06-07,Jacket,Clothing,4,538.32,created
5556,F21Df279ebF7270,2025-03-17,Sneakers,Clothing,1,189.03,delivered
5557,Ab4b56eE53E2a8f,2025-09-28,Headphones,Electronics,4,2912.8,created
5558,37D6Ff4dB0f1fc0,2025-12-06,Sneakers,Clothing,2,760.51,created
5559,fbC0D136a573baE,2025-02-22,Headphones,Electronics,2,1065.82,created
5560,AC6FA0e17CACEbf,2026-01-08,Laptop,Electronics,4,807.52,delivered
5561,d321863558B54df,2024-11-16,Keyboard,Electronics,1,1644.0,paid
5562,d9D33feF98f1E4e,2026-01-29,Sneakers,Clothing,4,2353.61,paid
5563,17f5EEEb58C6dC9,2025-06-10,Machine Learning,Books,3,1306.43,shipped
5564,906361dDd4DdBFa,2026-02-04,Headphones,Electronics,1,2044.02,shipped
5565,Cf0aaeE45D2A58c,2024-09-08,Machine Learning,Books,2,1079.9,paid
5566,11df9F9ECC6055E,2024-06-21,Monitor,Electronics,1,2334.63,cancelled
5567,0A4b58A79cAFE34,2025-05-30,Jeans,Clothing,5,1745.0,created
5568,8Dd7cBaEBCA5f96,2024-08-03,Python Book,Books,2,2121.99,created
5569,0dB66b6667e84a5,2025-04-01,Sneakers,Clothing,2,608.2,paid
5570,BFde097cea5ed61,2024-05-26,Python Book,Books,2,2396.81,paid
5571,FF7bd85c264Df8C,2024-07-20,Keyboard,Electronics,4,804.74,delivered
5572,6ca0a8460dB8Ba6,2026-02-12,T-Shirt,Clothing,2,2121.32,created
5573,1C09FeC5FaDebEa,2025-03-29,Data Engineering,Books,4,2947.12,shipped
5574,fB69F7e725ec7Db,2025-07-02,Python Book,Books,1,33.78,cancelled
5575,d4cdB8ECc0789cB,2025-04-12,Monitor,Electronics,2,2068.42,paid
5576,B4BdE616Fa9aEAc,2025-05-22,iPhone,Electronics,2,303.91,paid
5577,a946AdAC7CFf4A7,2024-10-28,Jeans,Clothing,4,1974.48,created
5578,E26f91b4F31d573,2025-01-20,T-Shirt,Clothing,1,1823.49,shipped
5579,BeeDddc9155EaF4,2025-09-08,SQL Guide,Books,1,1034.57,delivered
5580,66C0fc68DaaB918,2025-11-14,Python Book,Books,2,2076.81,delivered
5581,6Ded9a8307e4Fc1,2025-02-25,Python Book,Books,4,2955.35,delivered
5582,156f8d0bDF1AaEa,2026-01-05,Laptop,Electronics,3,1265.07,delivered
5583,8fFbE7Ae8fC3a28,2024-08-18,Jeans,Clothing,3,2350.59,paid
5584,1B460c053AF5B5a,2025-09-26,Laptop,Electronics,3,2743.05,cancelled
5585,e2BA4eB7bEbA950,2026-03-08,Jacket,Clothing,5,2081.76,paid
5586,7F3E199f1669Ce2,2024-06-14,Jacket,Clothing,1,968.26,paid
5587,619C09c6eD518F8,2024-08-26,Jeans,Clothing,4,2210.35,delivered
5588,7Fb2f36b4d7766B,2024-10-03,Jacket,Clothing,5,55.41,paid
5589,96E70cC2A7dCd20,2024-08-28,Laptop,Electronics,4,43.46,created
5590,2C6EC875b02a1EF,2024-11-03,iPhone,Electronics,1,773.08,shipped
5591,BD3Dfb0D4F8f0B1,2024-07-05,SQL Guide,Books,5,2647.99,cancelled
5592,Aca00BFB8Ff133D,2024-09-04,T-Shirt,Clothing,1,677.27,cancelled
5593,eaDfCCccb2daCCc,2026-04-15,Headphones,Electronics,2,2464.86,paid
5594,e4efD9bCc8ddFEB,2025-10-07,iPhone,Electronics,3,2287.41,cancelled
5595,BfcFF404ef59E3A,2024-12-18,T-Shirt,Clothing,2,2249.38,created
5596,9FBE87D2b4C9afE,2025-08-16,Python Book,Books,1,2137.0,paid
5597,69a6ba11dA49a99,2024-08-26,Headphones,Electronics,4,2208.14,delivered
5598,F1bD4FAeBb40cAC,2025-05-26,Monitor,Electronics,1,1824.26,shipped
5599,1e0a3fe5cAee8B7,2024-12-04,Machine Learning,Books,3,2444.74,cancelled
5600,d7542abC1E78fA8,2025-05-01,SQL Guide,Books,5,903.4,paid
5601,d06eda93154f89A,2024-07-27,Data Engineering,Books,3,100.95,paid
5602,eaCA1Bf8eA5Fb69,2025-08-15,Keyboard,Electronics,2,127.27,cancelled
5603,4ec9bacDeCe127C,2024-09-25,Data Engineering,Books,3,30.54,delivered
5604,f463Dad7F93df3a,2025-09-08,Python Book,Books,1,1347.7,paid
5605,dCcB2B34a4FA8f7,2025-12-22,Monitor,Electronics,4,793.14,paid
5606,bAAFFa02ADDFF1A,2026-02-13,Laptop,Electronics,3,2945.54,cancelled
5607,fBFa7cE5b9f1CD5,2026-02-27,Python Book,Books,2,2148.48,created
5608,C04Aa551F14Fc48,2024-06-25,SQL Guide,Books,4,661.01,paid
5609,1D46ec61DffE6Bc,2025-09-15,Keyboard,Electronics,1,2863.46,created
5610,f02ef65eCa84A62,2025-06-29,Jeans,Clothing,2,1506.9,created
5611,155daAEE35e8ba5,2024-05-22,Machine Learning,Books,4,1489.63,paid
5612,36eaAD27FcC21cE,2025-09-14,Keyboard,Electronics,3,1375.82,delivered
5613,4eF60b46cfFed64,2025-02-12,Jacket,Clothing,2,2901.83,shipped
5614,DBb615cb4ea5CE8,2025-02-13,Sneakers,Clothing,1,2518.3,created
5615,9ec13FFaEa27Aa9,2025-05-21,Jeans,Clothing,1,1702.49,paid
5616,7D2fF2f8eCB2658,2024-10-08,Keyboard,Electronics,3,1925.34,shipped
5617,e0aBcc6F9beC6ce,2025-12-13,Headphones,Electronics,5,1947.15,delivered
5618,63AC9b6EBdbbf6E,2024-10-20,Jacket,Clothing,5,1464.48,delivered
5619,Fbdf3db3a4e638a,2025-08-09,Sneakers,Clothing,5,2962.7,created
5620,aDf6cdA7A97EDaC,2025-01-10,SQL Guide,Books,2,2025.24,created
5621,7AbF7538b96CfF1,2024-10-05,Jeans,Clothing,1,1092.26,shipped
5622,5bCcA607091B2DC,2024-12-21,Laptop,Electronics,4,2227.56,paid
5623,Bdeef8c8535b15C,2025-08-03,Laptop,Electronics,5,1691.48,delivered
5624,755aeD5A5112bbf,2025-05-21,iPhone,Electronics,3,16.12,paid
5625,3EE4bd1EF1D5FbB,2024-10-20,Python Book,Books,2,18.79,created
5626,e9eCEa7dF5cA29e,2025-08-07,Machine Learning,Books,2,1630.81,cancelled
5627,5A7c421b6aBcCBB,2025-12-15,Sneakers,Clothing,4,2386.85,shipped
5628,cc702bBaF3bfB08,2025-09-19,Headphones,Electronics,2,2809.62,cancelled
5629,D8d9d1EEff8b7fe,2024-05-10,T-Shirt,Clothing,1,1172.26,created
5630,6b826EacdE7EFfD,2026-01-12,Sneakers,Clothing,5,852.68,cancelled
5631,bEfb9b312bC43fe,2025-11-03,Jacket,Clothing,4,1516.78,created
5632,5dB6BbEbc2e2aB5,2025-04-29,Keyboard,Electronics,3,1946.8,delivered
5633,E7e0c8ce3c7CE54,2024-07-24,Jacket,Clothing,3,2950.36,paid
5634,D7EcD25e44312E2,2024-07-22,Headphones,Electronics,1,2570.25,cancelled
5635,08FDBb053e2Eb1D,2025-06-05,Machine Learning,Books,2,1369.78,cancelled
5636,cf897221DedBBbA,2025-03-23,Jeans,Clothing,2,768.14,shipped
5637,DCe79407da9E41d,2024-07-29,Keyboard,Electronics,5,2422.21,delivered
5638,C5aD5Fec684BEaf,2025-11-04,Sneakers,Clothing,2,2671.74,delivered
5639,b7aE6Eeb4DA9fbc,2025-03-05,SQL Guide,Books,3,1898.85,created
5640,29eC333F6F2dbb3,2025-08-20,Machine Learning,Books,3,2994.09,created
5641,dCB8F0cbAAa7a1a,2025-02-13,Jacket,Clothing,4,2129.0,delivered
5642,Cf4901Ebf2dC14e,2026-04-25,Machine Learning,Books,4,89.83,cancelled
5643,BaEf0416beCcBdD,2026-03-04,Monitor,Electronics,5,558.37,created
5644,A0fE1Cc48d01e86,2025-05-08,Monitor,Electronics,5,38.24,paid
5645,3F5f54575d10Eef,2025-10-04,T-Shirt,Clothing,2,2480.7,shipped
5646,41F61d4E36ABfa6,2024-09-08,Python Book,Books,4,2648.81,shipped
5647,a5b97Bab4CAFA03,2025-09-17,Machine Learning,Books,5,936.52,delivered
5648,3c0eDcDcf584ABf,2026-05-05,Python Book,Books,1,2401.03,delivered
5649,C9B05d003f9047b,2024-09-01,Keyboard,Electronics,3,1329.23,cancelled
5650,F6fB4ebb6E715aD,2024-09-27,Sneakers,Clothing,1,1289.51,created
5651,47EE1b4FbBF34b4,2026-04-20,Laptop,Electronics,2,2587.49,created
5652,b2BC438aAB69A69,2024-08-17,Laptop,Electronics,1,96.44,paid
5653,1bdcA9F9DC4befD,2025-01-20,Keyboard,Electronics,4,667.77,cancelled
5654,6383dAaE9b55bdC,2024-10-24,SQL Guide,Books,5,1108.63,cancelled
5655,71dCAddE5D6Dcbd,2025-07-09,Jacket,Clothing,1,2693.01,created
5656,C60aF269752CAFC,2026-01-14,iPhone,Electronics,1,1522.01,shipped
5657,0ee4ff2b9aCeB6c,2024-05-09,Sneakers,Clothing,5,465.33,cancelled
5658,9A77e2c76D7Cff3,2024-05-27,Sneakers,Clothing,3,2776.09,created
5659,dD0ed84F2c5CAb7,2025-03-05,SQL Guide,Books,1,942.85,shipped
5660,A11caffb7B3dDE2,2026-03-06,Headphones,Electronics,1,2141.52,paid
5661,E7Aa9CD9A35fEAC,2025-06-25,Monitor,Electronics,2,1215.85,shipped
5662,a5adACdeF0e4e47,2025-03-21,T-Shirt,Clothing,5,139.77,shipped
5663,ff79EFD4E6b1fAE,2025-10-30,iPhone,Electronics,1,1620.64,paid
5664,eb5C5CE82fEdD0b,2024-12-02,iPhone,Electronics,5,2003.09,shipped
5665,c4FaBF09d5f8d55,2024-06-17,Laptop,Electronics,5,1579.09,delivered
5666,9AEad1e6e57B7bc,2026-05-02,T-Shirt,Clothing,5,1954.28,paid
5667,11ddee25FEaC5F0,2024-10-02,iPhone,Electronics,1,2063.27,created
5668,a2Fb225f6d20799,2026-02-05,Jeans,Clothing,5,1807.47,shipped
5669,B1DD943DFB8F4BC,2025-03-09,Laptop,Electronics,5,2484.32,delivered
5670,EFE0dAb3c1935cf,2026-02-03,T-Shirt,Clothing,2,2479.09,created
5671,41d14B1832c8Ceb,2024-09-21,Monitor,Electronics,5,1129.81,cancelled
5672,DeCed5E4B7d63dE,2025-05-29,Laptop,Electronics,3,2190.67,created
5673,17dD4cbAfb160BD,2026-05-08,Jacket,Clothing,1,1821.8,delivered
5674,692BaA9a6C34cd7,2026-02-03,Keyboard,Electronics,1,814.7,paid
5675,7425EfbCEeE3dE3,2026-03-31,Laptop,Electronics,3,1304.74,created
5676,83Db12BD129ba2a,2026-02-24,Jeans,Clothing,3,2367.19,created
5677,9e8A732AAeF2EbE,2025-05-18,Monitor,Electronics,4,1858.9,delivered
5678,c5e3Fd8F59F83f0,2024-05-19,Machine Learning,Books,1,242.13,delivered
5679,9eD6dab27A5c23E,2025-11-26,Keyboard,Electronics,5,928.49,created
5680,A6b950DAE1f81B2,2025-09-07,T-Shirt,Clothing,1,89.19,cancelled
5681,EeaAFf32aDce64c,2025-11-02,Laptop,Electronics,3,2750.83,shipped
5682,D04bc19386538Bd,2024-06-10,Jacket,Clothing,5,140.89,delivered
5683,Ee7aE3DE96Bd60C,2024-11-18,Sneakers,Clothing,5,422.18,delivered
5684,aAa07A13Eaf5E65,2026-03-13,Data Engineering,Books,5,1939.34,cancelled
5685,Dc7Aa0f8FeeC225,2025-06-24,Machine Learning,Books,1,2788.92,delivered
5686,9BA1dD1A9D55Df0,2025-12-08,iPhone,Electronics,2,48.11,paid
5687,79E666ACeC4Dd7d,2024-06-05,SQL Guide,Books,4,572.48,cancelled
5688,B755Dd9b904b36D,2024-08-29,T-Shirt,Clothing,5,995.81,cancelled
5689,4CF2a6c4378a4F1,2025-05-28,Jeans,Clothing,3,1884.37,paid
5690,26d0Bedd81D878f,2025-11-29,iPhone,Electronics,4,2873.18,created
5691,7bd6E9D6dBd547c,2026-01-09,Data Engineering,Books,1,1560.31,created
5692,bce3AB55c6baFf0,2024-10-23,Jacket,Clothing,3,1086.88,paid
5693,13E02f8E9a0EAdb,2026-03-01,Monitor,Electronics,5,2270.62,paid
5694,7AAAFD7A31CFceB,2025-10-13,Headphones,Electronics,1,1218.4,paid
5695,ac7E2B8f9AfbDb9,2024-06-10,T-Shirt,Clothing,5,1565.35,delivered
5696,AebDeD258d5Dfa7,2025-09-01,Machine Learning,Books,4,2539.69,cancelled
5697,a3151B4eFdd9ab3,2024-08-20,Machine Learning,Books,4,1828.49,paid
5698,5fe0Dd5ECDdc9f2,2025-09-02,Laptop,Electronics,3,682.99,paid
5699,B45Eee23CA9e469,2025-07-08,Sneakers,Clothing,2,2303.08,paid
5700,E2d4CC53ff989eC,2025-07-17,Jeans,Clothing,2,945.55,delivered
5701,82C97a1dB69dEBE,2024-08-08,Monitor,Electronics,5,2766.65,created
5702,a51e7EA9cEdd1ff,2026-01-12,Data Engineering,Books,4,850.35,created
5703,171BF30C32cAf94,2026-01-12,Data Engineering,Books,1,2630.07,cancelled
5704,838aF2DcE8F0C4b,2025-11-11,Keyboard,Electronics,5,519.16,shipped
5705,61CAfE2a6Eb6328,2025-11-27,Monitor,Electronics,5,2100.61,created
5706,35c4a10BCbd2DFF,2024-12-07,Sneakers,Clothing,1,1004.69,created
5707,a5bb2Ca1c4eFE75,2024-07-31,Sneakers,Clothing,5,2561.04,shipped
5708,af74a658df63BCb,2026-04-17,Data Engineering,Books,2,2862.07,paid
5709,352B95FcAa19167,2024-05-23,Monitor,Electronics,3,745.96,delivered
5710,F7C6Ea5BF61C3B1,2025-11-15,Sneakers,Clothing,1,1270.04,cancelled
5711,35B1De4cCBBB73E,2025-06-28,Keyboard,Electronics,1,132.74,created
5712,13B9CF336Db6cAb,2025-07-06,Keyboard,Electronics,5,154.33,cancelled
5713,1Ed4aED78BD9DE6,2025-09-16,Jeans,Clothing,1,1975.36,created
5714,0347eC4BC6DC8cC,2025-02-27,Laptop,Electronics,4,1122.04,delivered
5715,7eecd375f8eAe3d,2024-06-12,T-Shirt,Clothing,3,2695.97,created
5716,4512f153AeD3bD7,2026-03-27,Sneakers,Clothing,2,573.94,delivered
5717,EeaAFf32aDce64c,2025-08-30,Python Book,Books,3,1782.44,delivered
5718,34c6Ae3d8B2612E,2024-10-11,Machine Learning,Books,4,2004.77,cancelled
5719,8fEe9BD36a5ce25,2025-09-20,Sneakers,Clothing,4,182.23,cancelled
5720,D4Df0AbADb7B34e,2024-05-31,T-Shirt,Clothing,2,492.04,cancelled
5721,d67F0fBd8EFDAFD,2026-05-05,Data Engineering,Books,3,2351.21,shipped
5722,BE8Ec04A8be2DDa,2026-04-20,Jacket,Clothing,5,960.73,cancelled
5723,527f37c8d5Dbf33,2024-12-01,iPhone,Electronics,1,1302.33,cancelled
5724,B4E486EC9abDf2f,2024-11-12,Keyboard,Electronics,4,1588.12,created
5725,aaAA5d6f3a77Afb,2025-11-10,Laptop,Electronics,4,348.3,shipped
5726,38E15858BA9d8a5,2025-12-26,Data Engineering,Books,1,1354.97,created
5727,dBebf9e1161fBc0,2026-03-26,Data Engineering,Books,4,677.49,paid
5728,188EbBB303757cE,2026-04-02,iPhone,Electronics,5,1942.98,paid
5729,0fBd786BDE132d1,2025-12-02,Jacket,Clothing,1,1833.26,cancelled
5730,DeE741948b5A73e,2024-07-02,Laptop,Electronics,1,1794.97,shipped
5731,3F6eD5e8815A8f8,2024-07-05,Headphones,Electronics,5,1413.49,created
5732,aA5821C70Fd5da1,2025-04-06,Keyboard,Electronics,5,2386.4,shipped
5733,101fC367da2Df4D,2024-06-15,Python Book,Books,1,209.28,paid
5734,eCcBE319c6da45e,2025-01-10,iPhone,Electronics,2,1968.86,shipped
5735,2c6d2c8EAC1c32b,2024-05-18,Keyboard,Electronics,2,788.1,delivered
5736,371DFAbef0f5E89,2024-06-30,Headphones,Electronics,5,768.53,delivered
5737,2e40e6a7EDb3CFC,2024-11-02,Machine Learning,Books,3,2931.46,shipped
5738,FaDF2d9e02BD9b8,2026-02-24,Keyboard,Electronics,1,1473.83,created
5739,da542dA4d36E8ab,2025-08-31,iPhone,Electronics,2,2323.88,created
5740,fEE84Cd980CEDeA,2025-10-19,Monitor,Electronics,2,1233.4,delivered
5741,5a5b929aEff1f50,2024-08-01,Machine Learning,Books,3,2031.35,cancelled
5742,13F77fDD1edbCEf,2024-12-13,Keyboard,Electronics,1,915.5,cancelled
5743,9Fb9fe2EbAD3BA6,2025-07-25,Sneakers,Clothing,4,1358.55,shipped
5744,F279CB8Def1B2fe,2025-09-28,Jacket,Clothing,1,486.06,shipped
5745,8bBCD7EFEd3e6fd,2025-08-05,SQL Guide,Books,5,2304.36,cancelled
5746,E00AFD7e7f2DEFf,2026-01-19,SQL Guide,Books,3,576.17,shipped
5747,aC16eDbA6D2fd22,2025-12-18,Python Book,Books,2,2118.85,delivered
5748,56C3EdCD4Cb1FcB,2024-08-23,Monitor,Electronics,4,671.87,shipped
5749,8e8c0B584c89a64,2025-09-10,Data Engineering,Books,3,2557.87,cancelled
5750,BbBe219d99aaAcC,2024-08-12,Monitor,Electronics,5,2369.37,cancelled
5751,db1EaF7aFB5fbf8,2025-12-29,SQL Guide,Books,4,2681.66,shipped
5752,fD8b1f0Ebe9fFA9,2025-09-13,Laptop,Electronics,5,1132.01,cancelled
5753,1b8DDA63c4Ec04c,2026-02-19,Python Book,Books,5,2740.75,cancelled
5754,A9DabaA68cE30dC,2026-03-21,iPhone,Electronics,1,2314.81,cancelled
5755,4e72E27DaBA509b,2024-08-27,Monitor,Electronics,4,2826.56,shipped
5756,bCDee3C513BbD6B,2024-09-30,Sneakers,Clothing,1,2203.24,shipped
5757,122BEdeeeAbB343,2025-01-12,Jacket,Clothing,2,155.62,created
5758,827efF785fA58FE,2024-05-20,Jacket,Clothing,2,1738.35,shipped
5759,77fda40CBDffF93,2026-01-22,Python Book,Books,4,2501.43,created
5760,851e4c80E26ADdd,2024-11-15,Jacket,Clothing,2,2292.9,paid
5761,8bC73271CC9e22D,2024-09-22,SQL Guide,Books,4,2462.02,delivered
5762,559EEc8F5A40Cab,2025-12-24,iPhone,Electronics,2,2696.69,shipped
5763,c52F23AF0DF4eDC,2026-01-22,Machine Learning,Books,5,2256.31,created
5764,f6EBcD297F39a7E,2024-07-24,Sneakers,Clothing,1,1472.63,delivered
5765,FAE3d3D316271F1,2025-12-03,Sneakers,Clothing,3,1521.22,created
5766,DCdfcF7ca2bF407,2025-09-08,Keyboard,Electronics,1,2031.53,cancelled
5767,f5c1d6E734134E3,2025-01-22,SQL Guide,Books,1,410.68,cancelled
5768,e729a4E2079A93A,2024-10-13,Data Engineering,Books,4,249.57,delivered
5769,9cEBbda8EA4aBd9,2025-02-11,Sneakers,Clothing,4,186.83,cancelled
5770,5Bdd29738C9d13B,2025-04-15,Python Book,Books,1,1454.91,shipped
5771,fee9f205F5CA9d9,2025-11-21,Data Engineering,Books,5,581.64,shipped
5772,F4515e6B0808c2b,2025-09-19,Sneakers,Clothing,1,84.18,created
5773,e9fFf578BAAe9Df,2024-11-16,Laptop,Electronics,4,1368.16,delivered
5774,9Fb00C5F9fAeB60,2024-12-11,Monitor,Electronics,1,1995.52,created
5775,6CFD64e440faDE7,2025-12-16,Laptop,Electronics,4,1024.59,paid
5776,E37fE04e6f7eF1a,2025-12-26,Laptop,Electronics,4,392.95,shipped
5777,B426e0B8dE24153,2025-12-30,Data Engineering,Books,4,2083.0,cancelled
5778,92F863A8C84AAad,2026-01-12,Sneakers,Clothing,5,1169.89,delivered
5779,25fd39F02D174e0,2025-04-04,Sneakers,Clothing,5,332.75,shipped
5780,EFF603bead0c2be,2024-05-09,Monitor,Electronics,3,554.42,created
5781,a0Fb690AABcF267,2026-01-28,Keyboard,Electronics,1,951.36,shipped
5782,44F8251A022aAFD,2025-10-12,Machine Learning,Books,3,327.73,created
5783,A407ec0EE9CDcB5,2025-12-16,Laptop,Electronics,2,1801.24,cancelled
5784,4C1DC5beDa4b84e,2024-09-04,Python Book,Books,5,2013.36,paid
5785,9872EB4eB1cce5b,2024-06-03,Jeans,Clothing,3,21.37,shipped
5786,E4a880149c92BA8,2025-03-24,Machine Learning,Books,4,2126.79,delivered
5787,7AE3d565CcF2B12,2024-11-22,SQL Guide,Books,1,1710.18,created
5788,b0779B7d3AEf4e1,2024-07-14,Jeans,Clothing,2,2241.5,cancelled
5789,cf227bacC43Ec6D,2025-03-17,Python Book,Books,1,2168.55,shipped
5790,6CfE6cC8eE8EFEB,2024-07-07,Python Book,Books,2,329.0,cancelled
5791,FaD9CcCDe97FcE6,2025-07-25,Keyboard,Electronics,4,2778.97,delivered
5792,4B26A86A604AD9d,2024-11-12,Monitor,Electronics,4,2892.0,created
5793,bd5bbAdB7fE75B6,2025-10-06,Headphones,Electronics,3,1024.92,delivered
5794,e40DC39DBcEeca5,2024-07-28,T-Shirt,Clothing,1,1875.45,paid
5795,D06B504e1e63cCC,2024-11-25,Machine Learning,Books,5,2819.68,created
5796,a23a1361eBFBBCd,2024-06-30,Headphones,Electronics,1,2010.89,cancelled
5797,cfb0EbcEc820B7F,2024-05-29,Jeans,Clothing,1,373.28,delivered
5798,f923839A502C0ED,2025-03-10,iPhone,Electronics,5,2332.49,paid
5799,E5136bD0fAa4F5F,2025-10-05,Jacket,Clothing,4,2562.01,shipped
5800,3e5349Ba52DBa6c,2025-08-03,Monitor,Electronics,2,1967.56,shipped
5801,fE51e4EfaDaCFCc,2024-05-11,SQL Guide,Books,1,25.04,delivered
5802,AEB594ed8Cae1DB,2025-11-06,Jacket,Clothing,5,1892.7,cancelled
5803,973658F10c268F2,2025-12-17,Machine Learning,Books,5,2216.15,cancelled
5804,1CB294db8C464f7,2024-10-20,Machine Learning,Books,3,2379.62,shipped
5805,51CeB8E8faA7A3c,2025-02-18,Data Engineering,Books,2,135.84,cancelled
5806,c198bf1b61bdD4E,2024-07-25,SQL Guide,Books,3,2683.2,cancelled
5807,9454408A4e3EaB6,2024-11-13,Jacket,Clothing,2,2922.0,shipped
5808,15C55DcfD92C9aD,2024-07-24,Data Engineering,Books,5,2909.43,delivered
5809,EB2280e1dDa1C56,2024-11-30,Headphones,Electronics,5,1712.13,delivered
5810,741aAE6029b6fA4,2025-11-09,Laptop,Electronics,1,1295.13,delivered
5811,3C188b4449E392F,2024-08-06,Sneakers,Clothing,4,726.59,delivered
5812,26F3B1f3CaA3CdA,2025-03-09,Headphones,Electronics,5,235.24,shipped
5813,3CBf9A3D3db81B5,2025-02-12,Headphones,Electronics,1,226.72,delivered
5814,D9c42D4C1aFcF8A,2025-07-30,Machine Learning,Books,4,1470.35,shipped
5815,0ED3C7e2E0b3cD7,2025-01-16,Jacket,Clothing,2,851.32,shipped
5816,4aAC82c97110eBC,2025-02-09,SQL Guide,Books,3,1261.12,created
5817,CaBB1eBbD0Dc5AB,2025-07-14,T-Shirt,Clothing,2,2053.49,created
5818,c89A97A2b5308ef,2025-12-05,Jeans,Clothing,4,2903.25,delivered
5819,bA51b43FeDdf6f2,2024-06-25,Data Engineering,Books,3,1262.62,cancelled
5820,78E2A4aB4AdEDa0,2024-08-02,Machine Learning,Books,1,1138.33,paid
5821,a4F4961Ad5CaC0D,2024-06-27,iPhone,Electronics,1,1818.91,cancelled
5822,fCa0daDEa6C5E18,2025-04-08,Data Engineering,Books,1,2224.65,created
5823,83119CE8cf45B3b,2026-03-06,Jeans,Clothing,4,765.47,paid
5824,6F3475e8Ba9eECD,2024-09-17,Jacket,Clothing,3,2244.91,delivered
5825,3fcdDffFbb06F4D,2025-05-28,Keyboard,Electronics,5,431.12,paid
5826,fAB6Ee25f9F2B4F,2024-08-31,T-Shirt,Clothing,3,2279.1,delivered
5827,ca6B4ffbBA0C1fA,2026-02-18,Headphones,Electronics,1,836.35,shipped
5828,5Ee4Dfec0b778A7,2024-12-29,Jacket,Clothing,2,2385.05,delivered
5829,93d1c7B4722Bd81,2025-12-25,T-Shirt,Clothing,5,947.35,cancelled
5830,C08D0e7a895C2DC,2025-07-04,iPhone,Electronics,5,1968.83,created
5831,Cc425A8AB902Edc,2026-01-14,Laptop,Electronics,1,479.41,cancelled
5832,eF958990DA78dCB,2025-09-26,Data Engineering,Books,1,175.93,created
5833,48972dD8E8ecE97,2024-10-06,Jeans,Clothing,5,2521.6,shipped
5834,6617FDa1F64e189,2025-12-07,T-Shirt,Clothing,3,2703.37,delivered
5835,239CaBe85CbD851,2026-01-19,Python Book,Books,5,1962.76,paid
5836,E86EA7AaFD4C256,2025-01-28,Jacket,Clothing,4,300.78,delivered
5837,0BEEbf2bd13cc8b,2025-01-10,Headphones,Electronics,4,409.7,delivered
5838,0ba1A736724Ea83,2024-06-15,Monitor,Electronics,1,394.93,paid
5839,81a82d2E8c6bB4D,2024-10-30,SQL Guide,Books,4,1457.57,delivered
5840,4fcc5aea7Db731A,2025-01-10,Machine Learning,Books,4,576.04,delivered
5841,8b7cb20B0d1fdb3,2026-02-02,Jacket,Clothing,4,154.04,cancelled
5842,E2aDAC438F32cF6,2025-11-28,Jeans,Clothing,5,513.01,shipped
5843,e1cfbb8bAafE62d,2025-12-22,Python Book,Books,1,2685.74,delivered
5844,345c8bb0cFa2faD,2025-11-23,Keyboard,Electronics,5,545.19,paid
5845,23FB36741A7DDbF,2024-10-28,Jeans,Clothing,5,633.82,shipped
5846,6fAD75dABBE9A20,2024-07-24,Jacket,Clothing,5,1692.42,shipped
5847,3fa4Cabb9EB3B3A,2025-09-26,iPhone,Electronics,2,2783.16,shipped
5848,73294cB8BB9fa30,2025-01-14,Jacket,Clothing,4,1685.82,delivered
5849,6E9EB4BFCaCf4A5,2025-11-02,Headphones,Electronics,1,312.05,delivered
5850,8E5dbbE4b2DB84d,2024-11-30,Monitor,Electronics,2,2952.59,delivered
5851,29ffe086Accc8Ec,2025-11-07,Laptop,Electronics,5,1149.16,shipped
5852,aFAb19cB4Abd85d,2026-04-29,Data Engineering,Books,4,2757.77,cancelled
5853,2ae3ECc2Ad997b9,2024-12-13,Data Engineering,Books,4,2517.73,shipped
5854,8e9832367E436a5,2025-09-13,Laptop,Electronics,5,2420.79,cancelled
5855,EaC2c3a13feb877,2024-07-21,iPhone,Electronics,2,1507.77,cancelled
5856,6F9ed07eda1187d,2025-06-14,Jeans,Clothing,1,1899.53,created
5857,4Cee75cdFA0fa48,2025-05-08,Machine Learning,Books,2,1934.91,paid
5858,72f4a6a4c8aFfEA,2024-07-14,Sneakers,Clothing,5,2097.86,paid
5859,E3D13f6E991F8fd,2024-12-20,Jeans,Clothing,5,212.55,paid
5860,BcAe9522565F7C4,2025-04-13,Data Engineering,Books,2,2725.75,paid
5861,74BCafDcFed9a1a,2025-12-27,SQL Guide,Books,4,1837.23,created
5862,62e9864cCc9bf7A,2024-09-27,Data Engineering,Books,1,268.01,created
5863,f5FD6bE405a71dE,2024-09-14,Python Book,Books,4,2819.4,shipped
5864,0A8CcAbD73d534F,2025-10-28,Data Engineering,Books,1,1730.04,paid
5865,aB4Bb7C3293bFFe,2025-05-05,Laptop,Electronics,3,168.66,cancelled
5866,Aff3C50e7C3c5bd,2026-03-06,T-Shirt,Clothing,1,2761.24,created
5867,cF4C6Eecba1De3F,2026-03-21,Laptop,Electronics,1,715.93,created
5868,FeBf7FA22d8aE77,2024-05-09,Python Book,Books,5,1952.01,shipped
5869,2F0D303D1c3eeAA,2025-07-09,T-Shirt,Clothing,5,954.06,cancelled
5870,ddE6b8B90CDE1AB,2025-05-29,Headphones,Electronics,4,1404.09,cancelled
5871,E86cFf2D40aFab0,2025-09-07,SQL Guide,Books,2,2090.12,paid
5872,Cc8b3d7925c2A9C,2025-07-29,Laptop,Electronics,2,1193.33,delivered
5873,0Ecf1FA6930c6E5,2025-07-06,Jacket,Clothing,1,2053.0,cancelled
5874,399F4af4e9799AF,2024-10-20,iPhone,Electronics,2,435.68,created
5875,3A633Ce0eEEcCeE,2025-11-04,Python Book,Books,4,1349.42,delivered
5876,96cd27bDdd14813,2025-09-16,Keyboard,Electronics,3,2326.69,delivered
5877,bd6dc8dED18D43D,2025-11-18,Python Book,Books,4,1390.37,shipped
5878,53e0fAFee94b96e,2025-10-28,SQL Guide,Books,5,164.9,delivered
5879,a8a6Ec7dfFC83B7,2024-12-24,T-Shirt,Clothing,4,1795.49,created
5880,55b5E6B54a325E0,2026-02-27,T-Shirt,Clothing,2,1313.52,shipped
5881,fCb8De02dccAbDF,2024-05-29,Python Book,Books,1,2086.36,cancelled
5882,9c3BaE68bbeD406,2026-03-17,SQL Guide,Books,5,1538.46,delivered
5883,3050bB6cCCAef06,2024-07-09,Jeans,Clothing,5,1811.02,shipped
5884,aCb1D6D632dBD51,2024-10-02,Data Engineering,Books,1,2882.14,created
5885,A162f98f9a0372E,2025-01-31,Keyboard,Electronics,5,1991.62,cancelled
5886,c292AE5e5BD5AAe,2026-02-05,Python Book,Books,5,1580.94,paid
5887,C9d4656B85C2B7B,2024-07-12,Python Book,Books,1,1767.03,shipped
5888,dc7d4F3a0168BA4,2025-02-19,Keyboard,Electronics,5,2414.33,shipped
5889,a5587d9b17a00F9,2025-06-15,Keyboard,Electronics,3,1251.65,delivered
5890,FDEAeE3929e3f4a,2025-06-22,Machine Learning,Books,3,1713.34,created
5891,20550EAbF0Dc21C,2024-11-16,Jacket,Clothing,1,1829.38,shipped
5892,c119d1B2dd5d6e7,2026-04-26,Jacket,Clothing,3,2695.86,shipped
5893,011555253aCA39d,2026-04-16,Data Engineering,Books,4,1252.15,shipped
5894,2bBeC005CFB8c32,2025-08-07,T-Shirt,Clothing,4,1853.58,shipped
5895,EE0Bc90d8f91Ae8,2025-01-08,Headphones,Electronics,1,1109.14,paid
5896,2DbBFCe56caEc63,2026-04-25,Keyboard,Electronics,3,2088.59,paid
5897,Fe0FB1EA29D9Ed9,2026-02-01,Data Engineering,Books,5,2065.17,paid
5898,521BaEE0eC0D5Eb,2024-12-16,Python Book,Books,3,2271.15,paid
5899,FBCd2FDB11E9fcf,2024-09-17,Sneakers,Clothing,1,2504.07,shipped
5900,DAcbeFab89aeAdF,2025-07-27,Jeans,Clothing,2,2646.6,paid
5901,cdf5Cf76CefD80b,2025-09-14,Sneakers,Clothing,5,734.11,delivered
5902,4aFEb3b6eAeCBe3,2025-04-25,iPhone,Electronics,5,2916.45,created
5903,Fd89aE5d9a5D3b9,2024-12-20,Sneakers,Clothing,3,1109.49,delivered
5904,C80791CbfCaB24a,2025-11-02,Jeans,Clothing,3,1937.53,paid
5905,0AaCBF20065C401,2025-08-29,Machine Learning,Books,2,50.54,created
5906,A0eaFa25FBa4Da0,2025-05-06,Jeans,Clothing,3,38.77,cancelled
5907,90f0fE0DB4aBe2D,2025-02-24,Data Engineering,Books,3,1837.93,paid
5908,a6904404ec66EB4,2026-02-04,Data Engineering,Books,1,2277.6,shipped
5909,AC2Ebe3DAEfbc1e,2024-07-16,Python Book,Books,1,70.42,shipped
5910,E572D72AfD249b6,2025-12-31,SQL Guide,Books,3,203.89,shipped
5911,c1ebEFc14cAd0e8,2025-03-11,Machine Learning,Books,1,2693.6,shipped
5912,5733bad70faB272,2025-10-11,SQL Guide,Books,1,2477.66,shipped
5913,e2A7fA6F137EDD6,2024-09-14,SQL Guide,Books,2,2650.82,paid
5914,936F37BbaceedCb,2026-01-09,Jacket,Clothing,4,682.43,cancelled
5915,D3Cb44b4AaaE85a,2026-02-19,T-Shirt,Clothing,1,2066.48,delivered
5916,fFDfca523E85D04,2025-12-06,Python Book,Books,3,730.32,paid
5917,9cD3Ae75bEc18d7,2025-12-23,T-Shirt,Clothing,2,1626.65,shipped
5918,556f4d3f13d4e02,2025-07-18,Monitor,Electronics,1,2952.51,delivered
5919,9EECFEE44Aa44bF,2024-11-17,Headphones,Electronics,3,1539.3,paid
5920,35913B29Bf09896,2025-08-04,SQL Guide,Books,3,899.04,shipped
5921,548aCB2279AC0fa,2026-03-02,Jeans,Clothing,3,880.2,cancelled
5922,f2f1ad7FFccF18b,2025-06-24,T-Shirt,Clothing,1,511.56,cancelled
5923,EBD40f345AdF04f,2024-09-06,Laptop,Electronics,2,1318.89,cancelled
5924,DA6b48f7a323E93,2026-01-25,Keyboard,Electronics,5,2944.94,paid
5925,5be3e4f2B0f1aB1,2025-02-19,Laptop,Electronics,3,603.85,created
5926,15C9B0DFDDc93be,2026-04-02,Sneakers,Clothing,4,1893.43,paid
5927,b4c2AC3Ed78be6b,2024-09-05,Keyboard,Electronics,2,1741.14,created
5928,cBD9EE25B4bDB8b,2026-04-17,iPhone,Electronics,5,1168.18,shipped
5929,4C7572c2CfbE9da,2024-05-09,Laptop,Electronics,5,2085.37,created
5930,b42a4327f41fE7E,2026-01-16,Jacket,Clothing,4,1529.42,created
5931,BbeD1F4CA9c9Db1,2026-04-26,Sneakers,Clothing,4,2795.43,created
5932,8ADc3e3BB5275af,2025-11-28,Machine Learning,Books,2,1961.93,shipped
5933,12Cb8965Ff810D1,2024-05-31,Jacket,Clothing,3,2891.61,cancelled
5934,5EA096FEaFc1eE5,2024-08-26,Jacket,Clothing,3,2748.97,created
5935,FCbFEcAD67f3cbf,2025-08-03,Monitor,Electronics,5,312.85,delivered
5936,4ff4b156dFFBf7d,2025-08-19,T-Shirt,Clothing,1,139.74,paid
5937,0dd7caD3A0CfDf2,2025-11-23,Monitor,Electronics,5,2696.67,shipped
5938,C4c5Ee3C3fac3CF,2025-12-22,Jeans,Clothing,4,109.27,paid
5939,4BAf8fcC9F89902,2026-02-17,Laptop,Electronics,2,57.21,created
5940,0Ce9FBAEfACaBF5,2025-11-24,Data Engineering,Books,2,2343.28,cancelled
5941,C06274B5C1D70C2,2024-11-30,Monitor,Electronics,1,1066.34,paid
5942,8e2aAE82F4E7f6e,2024-08-08,Monitor,Electronics,3,672.33,shipped
5943,8C5807fa5ACBf01,2026-04-27,Headphones,Electronics,5,363.24,delivered
5944,1d1F21F9eDa8c1A,2025-02-06,Machine Learning,Books,4,2946.82,cancelled
5945,4b033307b0b3DFb,2025-12-21,Data Engineering,Books,2,2042.13,cancelled
5946,8f3fFF96f45cA01,2025-11-05,Jeans,Clothing,4,2427.93,paid
5947,AFF9B6fA0bF4e08,2025-02-16,Jacket,Clothing,1,2421.26,cancelled
5948,e1D99ed263211b3,2024-07-08,Keyboard,Electronics,2,1332.91,delivered
5949,aafddddb86710a6,2025-06-08,Monitor,Electronics,5,1680.42,created
5950,3AB7C2a50aeefCf,2024-06-27,Jeans,Clothing,3,2335.51,delivered
5951,256bDFc3836dB4d,2025-11-04,Sneakers,Clothing,5,799.27,delivered
5952,aeAabFEfaEdEd65,2025-11-10,Data Engineering,Books,3,2386.21,paid
5953,FF97e4b72EeaE5a,2025-03-01,T-Shirt,Clothing,5,1048.51,delivered
5954,45fc9e7264Cd3Ab,2024-11-10,Laptop,Electronics,3,2817.28,cancelled
5955,d4dA22c161f170A,2025-12-28,Data Engineering,Books,3,454.0,cancelled
5956,cC1d6A9132EfedF,2025-05-24,Headphones,Electronics,1,13.99,shipped
5957,e1FE5D1fAb93bc3,2026-04-01,T-Shirt,Clothing,4,2776.4,delivered
5958,D47c3fb8e6a9fcF,2025-05-06,T-Shirt,Clothing,1,326.64,delivered
5959,5a5657ad684acE6,2024-11-28,Jacket,Clothing,3,1625.67,created
5960,8cbAEDB7c9e3775,2025-06-29,Machine Learning,Books,3,1336.32,shipped
5961,Aa10Ab77D1acd38,2025-01-04,Machine Learning,Books,2,2410.35,delivered
5962,3C618AFcdFaAEf8,2024-09-11,SQL Guide,Books,2,1524.74,paid
5963,58133EA52AfF5C4,2025-04-29,SQL Guide,Books,3,1895.47,cancelled
5964,Fd3c9DdC2CcdD60,2026-01-03,Laptop,Electronics,1,999.58,paid
5965,7dFbA3176d7C1d0,2026-05-04,Machine Learning,Books,2,82.39,paid
5966,bE0F98dF0455F41,2025-04-03,Monitor,Electronics,3,1666.15,cancelled
5967,4F9c474eB3e39dE,2024-05-18,SQL Guide,Books,4,2429.96,delivered
5968,ad0D6c1AAf0eaf5,2026-02-02,Sneakers,Clothing,5,193.11,cancelled
5969,3D1b0a7f971ceBC,2026-01-29,SQL Guide,Books,3,2887.26,created
5970,75cAdcdbd3e7fE8,2025-08-01,Monitor,Electronics,1,1454.65,shipped
5971,60c2AabF54278Fd,2024-06-29,Headphones,Electronics,1,73.94,shipped
5972,cACbde264cae8fd,2025-07-21,Python Book,Books,5,1995.9,cancelled
5973,dA0A1Fc1eEFb4fa,2024-09-24,Jeans,Clothing,4,840.15,shipped
5974,3564B0CFeE3D9B1,2024-08-13,T-Shirt,Clothing,2,569.27,delivered
5975,3f5B0e9FaE1fAaA,2024-07-10,Laptop,Electronics,1,1666.89,cancelled
5976,ebdfBFfe44ADF55,2024-10-01,Python Book,Books,4,2972.21,cancelled
5977,db630f278F61B9b,2025-03-28,Python Book,Books,3,937.56,delivered
5978,5935F230Aa37457,2025-03-23,Python Book,Books,4,1617.8,delivered
5979,cDd52B56ddbA5Fa,2024-11-18,iPhone,Electronics,2,2231.48,shipped
5980,A3E5D9AaaC6AF8C,2025-12-04,Data Engineering,Books,3,890.86,created
5981,0f035Fb02fD79c1,2025-08-30,Machine Learning,Books,5,1306.31,created
5982,D9d1A8EbEf07Bc0,2025-11-24,Machine Learning,Books,1,851.59,shipped
5983,e509382C5ddD73e,2025-10-03,Keyboard,Electronics,5,1728.32,delivered
5984,E9bd9cc24B8bCdE,2024-10-27,Jeans,Clothing,2,2146.65,paid
5985,7FbbbbEEBdeE09A,2024-09-24,Sneakers,Clothing,2,1958.17,paid
5986,8E6dFbCc14f08Df,2025-05-28,T-Shirt,Clothing,4,2482.46,created
5987,Cb318CddCcdd50A,2025-05-25,Python Book,Books,1,1936.11,created
5988,A5CFeDC024CfdCA,2025-03-08,Sneakers,Clothing,5,1382.0,paid
5989,de3eCaF0dEB9e3b,2025-08-12,Python Book,Books,2,1298.72,shipped
5990,e8D63FFaaf5291A,2024-09-18,T-Shirt,Clothing,1,841.6,paid
5991,E8fbEd130B0Adb5,2025-10-29,Sneakers,Clothing,1,2986.17,paid
5992,cbf9C5ECbD9fC4a,2025-01-07,iPhone,Electronics,4,1743.07,shipped
5993,3444A7C4Ad4ec34,2024-11-25,SQL Guide,Books,4,2383.28,cancelled
5994,90eFbD92aF663De,2025-04-23,Data Engineering,Books,2,2521.91,created
5995,06bBb39DcB96b40,2024-09-20,iPhone,Electronics,2,2501.62,paid
5996,abA29d6DA6A0746,2025-04-13,Jacket,Clothing,2,309.93,cancelled
5997,0FB050F093CB4cC,2025-01-06,iPhone,Electronics,3,1540.01,created
5998,bBaFF6C2c265E56,2026-01-25,Machine Learning,Books,3,2492.68,paid
5999,bB9c478BfED6CC2,2025-07-14,Laptop,Electronics,3,203.03,shipped
6000,8ECBf8BDAA6C263,2025-03-23,Jeans,Clothing,1,28.1,cancelled
6001,6DB0F3dCf7CeCBC,2024-11-27,SQL Guide,Books,3,308.83,cancelled
6002,791157242701abF,2026-03-11,Machine Learning,Books,1,702.42,cancelled
6003,b868d9F24F706CE,2025-03-16,Jeans,Clothing,4,1864.64,paid
6004,AD45AB4aCfbDF3d,2025-11-08,Jeans,Clothing,4,998.38,cancelled
6005,FB42d261E5DBdE9,2025-09-22,Jacket,Clothing,5,249.0,shipped
6006,E65e2bc9DF69F0a,2024-07-06,Jacket,Clothing,2,1890.3,created
6007,1DdfCFa3d9E9F80,2024-09-12,Data Engineering,Books,2,1669.34,paid
6008,Ec2cf2deF2deD4B,2024-12-27,Data Engineering,Books,3,175.8,delivered
6009,a040DFB11Bf10E4,2025-07-14,T-Shirt,Clothing,4,2786.82,delivered
6010,87FE22334eF9Ec8,2025-02-16,Machine Learning,Books,5,1449.96,created
6011,8ba0FD395Da9fAD,2024-11-28,Monitor,Electronics,4,745.11,created
6012,A8Fc733fC3bb4A4,2026-04-09,Data Engineering,Books,1,1522.64,created
6013,23f15D80aD99C36,2025-09-12,T-Shirt,Clothing,3,461.1,paid
6014,bd10211AFe1ab4B,2025-07-09,Keyboard,Electronics,1,1192.08,paid
6015,ede5fF8bfbff7a9,2025-07-30,SQL Guide,Books,3,2320.05,delivered
6016,82a6d6698Ef3fc5,2026-04-24,Machine Learning,Books,4,563.24,delivered
6017,f9db251Da32FaA6,2025-02-17,Headphones,Electronics,3,2190.3,delivered
6018,fCf3ab1021bFded,2024-08-03,SQL Guide,Books,3,1884.37,paid
6019,Ad0B8B2C1C93F81,2024-07-15,Jacket,Clothing,3,1248.75,shipped
6020,11DdE335dE9cA7A,2025-09-08,T-Shirt,Clothing,4,2935.81,created
6021,260FFca1fadA7Ab,2024-09-12,T-Shirt,Clothing,1,2316.23,created
6022,aA70d13a2eDbFEA,2024-10-12,iPhone,Electronics,1,1892.85,shipped
6023,DCAa852E93F7FC6,2024-12-10,Keyboard,Electronics,5,2860.37,paid
6024,6391ACe2F2d52ce,2025-11-30,Python Book,Books,5,1565.13,shipped
6025,AAabc53E9bf6AEB,2025-05-27,Monitor,Electronics,5,395.39,cancelled
6026,efc2dB31DfF52bE,2025-12-05,iPhone,Electronics,2,2897.98,delivered
6027,2e62e8ceaEbB72E,2025-05-09,Data Engineering,Books,2,2774.61,shipped
6028,11dFf9aa11075F8,2025-04-25,Jacket,Clothing,4,1716.7,delivered
6029,CEBc4e6DadD0EEE,2025-06-08,SQL Guide,Books,3,598.29,shipped
6030,96D3F6c40B727D9,2026-04-20,Data Engineering,Books,2,342.28,delivered
6031,e546d50FF3e4dda,2025-02-03,Python Book,Books,1,1163.21,delivered
6032,BBAaC23A301fEAd,2025-02-18,SQL Guide,Books,4,2681.74,created
6033,aF8dfad86934b7A,2024-11-12,Monitor,Electronics,3,2100.75,paid
6034,c7A46a22d142eC9,2024-08-31,Python Book,Books,1,2319.03,delivered
6035,5afe6aB7fDB2d3a,2024-09-18,Jacket,Clothing,5,1342.31,shipped
6036,ea36Cf61ED84Ecc,2025-09-26,Jacket,Clothing,4,449.02,cancelled
6037,C39BBD6543DB5D8,2025-07-18,Monitor,Electronics,4,266.54,shipped
6038,D40CDB82B6ca85d,2025-09-03,Python Book,Books,3,1255.61,paid
6039,8E9D293eE2A7f25,2025-05-29,Jacket,Clothing,2,180.47,delivered
6040,fdD9bF1E577f51D,2024-09-29,Python Book,Books,5,1702.45,paid
6041,ad6Fd5fDe0A4f5C,2026-02-25,Data Engineering,Books,5,331.17,paid
6042,D3F17e4FcB9DEcf,2025-03-08,Sneakers,Clothing,2,406.37,delivered
6043,9ade82bF80D212B,2025-04-15,T-Shirt,Clothing,1,2190.4,cancelled
6044,0aA3Ab7dc8Aa58A,2024-12-06,Monitor,Electronics,3,1659.75,cancelled
6045,B1D630e6A073Bbe,2025-05-14,iPhone,Electronics,3,1856.53,delivered
6046,Fb1aFaFaEE15735,2026-05-05,Data Engineering,Books,1,2079.63,created
6047,C36F4Ae1a39BA2A,2025-04-11,Jacket,Clothing,5,2329.19,created
6048,C1A38c6c9DaE802,2025-12-19,Monitor,Electronics,1,2811.84,paid
6049,0bF712221e274bE,2025-08-28,Keyboard,Electronics,2,1491.73,created
6050,eC47c6Ea01BD9f3,2025-05-30,Keyboard,Electronics,4,1557.39,created
6051,8BaC71FaF8Be06C,2025-12-03,Python Book,Books,2,758.36,delivered
6052,Db48aF207de3eba,2025-01-28,Data Engineering,Books,3,987.53,paid
6053,D00bDFBB83Fe611,2026-02-07,T-Shirt,Clothing,4,2645.64,created
6054,f8fc11AE6F9cbC0,2025-11-16,Sneakers,Clothing,3,1787.63,cancelled
6055,7C3F1543e42d0f7,2025-01-08,Monitor,Electronics,2,1063.91,shipped
6056,Da4beBb4D30CcCe,2024-10-28,Sneakers,Clothing,3,1177.38,created
6057,2A3fBD1E0766cCB,2025-03-02,Machine Learning,Books,3,2047.9,cancelled
6058,a5d8Fc82CD9cf5A,2025-04-05,Jeans,Clothing,3,1626.64,shipped
6059,9Ed4946b46E5BFb,2024-12-19,Laptop,Electronics,1,1677.91,delivered
6060,1BE57d7347C5ccA,2024-11-23,Machine Learning,Books,3,2327.02,delivered
6061,Ea495C9987468e2,2026-02-11,Jacket,Clothing,3,1109.22,delivered
6062,6B5FefAAadF87F5,2024-09-01,Sneakers,Clothing,1,2283.21,paid
6063,1ac49c72Cf7fA8E,2025-08-11,Jeans,Clothing,1,788.78,shipped
6064,F2BAF2b89ABbFF8,2026-02-13,Sneakers,Clothing,3,2892.95,created
6065,9b9a9007F10E562,2025-08-09,Laptop,Electronics,4,1711.7,shipped
6066,7469F9e7bb7DE37,2025-04-22,Laptop,Electronics,2,1363.26,shipped
6067,FAEcbba11A17Ac5,2024-12-13,Python Book,Books,1,388.43,created
6068,48C82d460Db3F07,2024-10-15,Headphones,Electronics,2,1966.56,paid
6069,fb044f52f05C761,2025-07-03,Monitor,Electronics,3,1923.13,delivered
6070,2ec9cbFcb7Ccee3,2026-02-23,Machine Learning,Books,5,2186.87,paid
6071,F5CC5aae47cBc39,2025-02-05,Monitor,Electronics,2,1183.02,delivered
6072,edC812f3CF4CAF1,2025-12-24,iPhone,Electronics,2,418.5,cancelled
6073,F25F5bEfDCE46aF,2025-10-20,Headphones,Electronics,4,1744.32,delivered
6074,Efb7aFddb6BdBBC,2026-03-06,Keyboard,Electronics,5,2863.6,cancelled
6075,87b245b6e98A6d0,2024-08-02,Jacket,Clothing,1,2249.97,created
6076,dEE6ff192372D4F,2024-09-23,Machine Learning,Books,1,1782.19,paid
6077,da4b7bf13dfA1Ff,2025-03-16,Machine Learning,Books,2,2875.73,paid
6078,76d49A3ED0CfaEE,2025-09-19,Laptop,Electronics,3,908.27,delivered
6079,eDcA84C7e6f56A9,2025-11-23,Machine Learning,Books,2,1456.87,shipped
6080,fb5A8FCb25E97Ad,2026-02-24,Headphones,Electronics,4,2679.39,cancelled
6081,25fae285F3A883D,2024-12-16,Laptop,Electronics,4,1295.1,delivered
6082,610C26347D3903B,2024-09-05,Jacket,Clothing,1,1687.26,delivered
6083,13AAe7D9FfF5b4E,2024-05-10,T-Shirt,Clothing,2,1445.72,paid
6084,89Ff8B6d4d9Ff5a,2025-09-09,Sneakers,Clothing,5,1070.44,shipped
6085,CA3B1ad3d5A8Db6,2025-03-11,Jacket,Clothing,1,1744.84,cancelled
6086,2Fb0bBcf47EAdAC,2025-06-04,Headphones,Electronics,1,1093.0,shipped
6087,A7E58747C8AAe52,2025-10-12,iPhone,Electronics,1,523.74,delivered
6088,b3DaEab8c24F833,2025-11-25,SQL Guide,Books,4,348.11,delivered
6089,282ccda2e19bcDD,2025-02-21,Keyboard,Electronics,3,1829.28,created
6090,26F600BCB117a37,2024-09-23,Monitor,Electronics,2,867.02,paid
6091,60d5C5817e1EB9f,2025-03-16,Machine Learning,Books,2,1920.07,shipped
6092,FFC1e2Cd8CD1Ce1,2024-12-01,T-Shirt,Clothing,3,2132.17,paid
6093,85d38DC1c5CBBCa,2024-05-14,SQL Guide,Books,1,564.18,paid
6094,2F9Aa8cC1aEdFC6,2025-11-30,Python Book,Books,3,2014.69,shipped
6095,e6BcaCcCf70dAeE,2024-11-28,T-Shirt,Clothing,5,2978.52,paid
6096,D0E795C7acFdb99,2025-10-13,Sneakers,Clothing,5,1942.63,created
6097,049401C6bB1c5E2,2025-04-24,Jacket,Clothing,3,158.56,cancelled
6098,b5B2C62e4df9DAE,2026-01-26,T-Shirt,Clothing,5,724.6,paid
6099,b91C02cfbEfefE8,2024-05-16,Keyboard,Electronics,1,706.95,created
6100,9b6AAf6C4ae8365,2026-01-05,T-Shirt,Clothing,2,1774.96,shipped
6101,aFd3DeBaD5acfAa,2025-03-21,SQL Guide,Books,1,1244.12,cancelled
6102,6D7eFc2AE7F0AaB,2024-12-04,Laptop,Electronics,5,1383.71,cancelled
6103,4DdA6fBbb1fdAB1,2024-10-03,Data Engineering,Books,1,1496.62,paid
6104,9bEccaF8bC7001F,2025-08-05,Monitor,Electronics,3,1686.86,paid
6105,dec4aDbbD00ab4A,2025-06-26,T-Shirt,Clothing,3,2284.51,created
6106,3C6057a3c7119d5,2024-11-30,iPhone,Electronics,5,547.91,shipped
6107,90167ec5D10022A,2025-09-30,Machine Learning,Books,1,1587.57,delivered
6108,0FFDBae683D4CBc,2025-09-05,SQL Guide,Books,5,1267.16,shipped
6109,3B2F89c6440B0ae,2025-08-05,Jeans,Clothing,2,337.78,shipped
6110,7De370aC7ab26D3,2024-07-20,T-Shirt,Clothing,2,190.01,paid
6111,b5CbBABCeE3dEac,2026-03-13,Jeans,Clothing,4,776.34,shipped
6112,F5fDEFAE3AD3fBD,2025-05-01,Sneakers,Clothing,1,1971.28,cancelled
6113,cA89812f1AA7AA6,2025-07-06,Machine Learning,Books,1,384.63,delivered
6114,beA3a9dDaeDafbd,2025-01-18,Machine Learning,Books,1,144.52,paid
6115,7E5B4817d6C8Abc,2025-09-27,Jeans,Clothing,1,1981.49,paid
6116,8c7c94C6FEdf0D7,2024-07-13,Machine Learning,Books,3,747.06,cancelled
6117,5D3d2Ce7aD1EB05,2024-06-19,Sneakers,Clothing,5,978.85,cancelled
6118,EdFD66Fa6B0c3Cf,2025-06-17,Jacket,Clothing,2,2768.94,delivered
6119,f975F44AaEE0d2d,2024-09-01,Keyboard,Electronics,2,514.58,created
6120,29B1D4fFd9Fe6b2,2024-12-22,Jacket,Clothing,1,1858.82,created
6121,Afc1cDD53DCeEFe,2024-06-22,Machine Learning,Books,5,2154.9,shipped
6122,9bC0fa8FB943EDc,2025-05-02,Machine Learning,Books,2,975.59,created
6123,d4B9b16c669BdaC,2024-06-12,SQL Guide,Books,4,12.26,cancelled
6124,541ecED5EC4F2CA,2025-01-16,Monitor,Electronics,5,360.58,cancelled
6125,8312Cf1Da2772F4,2025-06-01,Jacket,Clothing,2,1526.78,shipped
6126,65FAa28e7AA4fEE,2025-03-18,Python Book,Books,5,687.13,created
6127,cfFF6ADe9A44EEb,2024-05-19,Python Book,Books,2,2620.08,created
6128,8DFb7F28058cFA5,2024-08-21,Monitor,Electronics,3,2872.18,shipped
6129,8a0CCBB9b33A87F,2025-11-21,Python Book,Books,4,662.98,cancelled
6130,A8b6c60e31FD47a,2025-03-29,Headphones,Electronics,1,1538.86,created
6131,Ffaddecb78FF5BC,2025-11-03,Jacket,Clothing,1,465.92,paid
6132,1Ce6d7644dD71Dd,2025-08-30,Keyboard,Electronics,5,977.09,shipped
6133,E0C5a74f3d785c1,2025-01-19,Jeans,Clothing,1,1602.69,cancelled
6134,Ca9848fA72c7e7e,2025-01-08,Headphones,Electronics,1,2281.39,cancelled
6135,5c7cf1A8C2cb825,2024-05-16,Machine Learning,Books,4,135.38,cancelled
6136,c6cC82D2649C9d5,2025-04-17,Keyboard,Electronics,5,954.68,created
6137,E0A0Cb9A4e9eFA5,2025-04-21,Headphones,Electronics,1,349.11,shipped
6138,9AD233Ce4F5AA7a,2024-06-15,Data Engineering,Books,1,618.81,delivered
6139,A2D358BAdCCf0EB,2024-07-23,Jeans,Clothing,2,2681.63,paid
6140,350C0b4AF8b9ebB,2024-06-11,Python Book,Books,3,203.94,delivered
6141,8139f7bfeE1735D,2025-04-02,Python Book,Books,4,1783.78,delivered
6142,1B29dCfeA68F818,2025-08-08,Jeans,Clothing,4,1308.68,shipped
6143,E90A0fCfBb2F4a0,2026-03-05,T-Shirt,Clothing,3,2729.61,created
6144,5CE899Ffd9C24DC,2026-01-01,Data Engineering,Books,5,627.68,delivered
6145,Fa3850Fdd92C83D,2024-07-03,Data Engineering,Books,1,1044.69,cancelled
6146,FD9083cB0616eBb,2025-03-30,iPhone,Electronics,4,1738.27,shipped
6147,e9BF44Cc5088EE1,2024-07-28,T-Shirt,Clothing,2,617.06,cancelled
6148,fA91d8A78fF659A,2025-02-15,Jacket,Clothing,4,585.11,delivered
6149,2c4faBde3c4CcC9,2025-01-09,Headphones,Electronics,5,2307.13,cancelled
6150,AcA069811B9ae40,2025-03-12,Keyboard,Electronics,4,1983.96,created
6151,48aae5CD4c89DE6,2024-06-07,T-Shirt,Clothing,3,1081.12,created
6152,EF67dA22EcCAad4,2025-03-09,Laptop,Electronics,2,253.81,cancelled
6153,A2F184BaEEFae9c,2024-10-31,Jeans,Clothing,4,575.79,created
6154,55CF18DCeD1f34D,2025-11-03,Jeans,Clothing,1,948.29,shipped
6155,1dFe637AcDB0E6b,2026-01-15,Jeans,Clothing,2,33.79,created
6156,aFAAEAEe7DeeCCa,2024-09-26,Headphones,Electronics,1,1758.19,cancelled
6157,f7Ff53e09a8e4B5,2026-04-12,iPhone,Electronics,4,1755.31,cancelled
6158,ef7ad4B29dc3FaE,2024-12-17,Python Book,Books,2,842.29,shipped
6159,6150aD8Cf03fEDE,2025-04-21,Jeans,Clothing,5,2764.86,cancelled
6160,ffDaf9b7Ba0Fc20,2024-07-29,Sneakers,Clothing,1,2260.01,delivered
6161,eD9bceAAEE1Cb29,2025-06-19,Machine Learning,Books,4,2444.72,delivered
6162,6C0279dDa266E27,2025-02-09,SQL Guide,Books,3,28.3,cancelled
6163,35cfCCbFC26FfCF,2026-04-13,Python Book,Books,3,1490.19,created
6164,dA04401dCB518d9,2025-09-16,Keyboard,Electronics,1,1722.08,cancelled
6165,2f6dfeCc0226839,2024-05-31,iPhone,Electronics,4,2852.24,paid
6166,36c43bB56db547D,2025-06-07,Machine Learning,Books,4,2577.25,shipped
6167,3defF82fCe2BdBB,2024-06-21,Keyboard,Electronics,2,1177.34,shipped
6168,28D10Ead3108eC0,2024-11-27,Keyboard,Electronics,1,1151.79,shipped
6169,fE57b6AFE9E1Ed4,2024-12-28,Python Book,Books,2,1833.67,shipped
6170,06b139e53B3EcCE,2024-06-25,Data Engineering,Books,2,16.23,paid
6171,893392be2E1D18b,2024-09-27,Keyboard,Electronics,2,2399.99,delivered
6172,4cD6A6d15Ca6539,2025-12-19,Jeans,Clothing,5,2903.74,shipped
6173,A61dAA7Cd7E0F92,2025-05-09,Laptop,Electronics,2,2882.51,delivered
6174,29cDf5a6d8f578f,2025-10-22,Machine Learning,Books,1,2127.03,paid
6175,d7eA9Bc3e959829,2025-08-10,T-Shirt,Clothing,1,1338.14,paid
6176,B6c05eDc68D2c5a,2026-04-04,Headphones,Electronics,4,283.72,created
6177,f0128705CEe4082,2024-12-04,Python Book,Books,2,2332.72,created
6178,F732dBDb104bf8a,2024-12-21,Python Book,Books,1,2723.47,shipped
6179,E82260Df33E4A5F,2025-10-31,Monitor,Electronics,4,85.13,cancelled
6180,12FDEc3e357C26b,2026-04-09,Keyboard,Electronics,3,470.13,shipped
6181,14FF2AeFaec3Da3,2025-12-09,Sneakers,Clothing,2,2979.85,created
6182,5150eE935df8A83,2024-07-25,SQL Guide,Books,5,2365.03,created
6183,953Ce003DDFF132,2025-01-05,Jacket,Clothing,5,1029.83,created
6184,cebfeA8d99DdA91,2026-01-05,Monitor,Electronics,2,1505.1,delivered
6185,1fE5a1a8AeB49cc,2025-09-15,Machine Learning,Books,2,1401.18,paid
6186,a7b4cBC69AeBAc0,2024-07-17,Python Book,Books,3,1874.46,paid
6187,AB64D3B896670be,2025-07-23,Machine Learning,Books,5,254.32,cancelled
6188,Ed8DA5dAeC7b04c,2025-03-27,Keyboard,Electronics,5,2075.04,created
6189,b5b2A4fd50D7D0D,2024-10-25,iPhone,Electronics,4,2006.33,cancelled
6190,bbe3adbAbdaFAcE,2025-07-04,Laptop,Electronics,3,2498.43,shipped
6191,cDeaAF6C2d5C724,2026-04-29,iPhone,Electronics,5,827.11,created
6192,5e31B27a2fEfDb6,2025-07-29,Jacket,Clothing,5,801.99,cancelled
6193,d860eB2D8fbDDd2,2025-03-04,Headphones,Electronics,4,2120.22,cancelled
6194,8F2D2b5EcB1f69b,2025-06-07,Monitor,Electronics,1,764.7,created
6195,7a78FDd4DCeAb5a,2025-04-08,iPhone,Electronics,2,802.47,created
6196,4DAc9BAa0cd8d8b,2024-06-10,Jeans,Clothing,1,208.34,cancelled
6197,fCDdE53DBA1b72D,2024-10-27,Jeans,Clothing,4,2638.01,cancelled
6198,eC314e70DDd8Dd7,2024-10-08,Machine Learning,Books,5,2067.06,cancelled
6199,7CACd0B64BbF5E8,2024-08-16,Data Engineering,Books,4,39.78,paid
6200,7e8CA06E97C3F26,2025-04-08,Python Book,Books,1,1207.88,created
6201,fbFb584ad6ceA81,2024-07-27,T-Shirt,Clothing,4,1561.27,paid
6202,67bCeDeCee2ccaB,2024-09-06,Jeans,Clothing,2,1271.02,created
6203,7B656b56d80ACaE,2026-02-18,T-Shirt,Clothing,5,1818.35,created
6204,B070d21FAa108B6,2025-04-01,Headphones,Electronics,4,1304.19,created
6205,CcEF8901aBADCAC,2025-05-16,Machine Learning,Books,2,1694.6,delivered
6206,0ACafbebACa556e,2026-02-01,SQL Guide,Books,2,1561.4,created
6207,6FCC6c48DC93707,2025-08-04,T-Shirt,Clothing,2,1303.1,paid
6208,1a9bbee32Bf2e89,2025-04-25,Monitor,Electronics,5,1475.59,cancelled
6209,3bCDF512d0EE9bF,2024-07-23,Monitor,Electronics,3,2578.99,delivered
6210,248e823cF7D0b19,2025-11-28,T-Shirt,Clothing,2,2151.43,created
6211,3566fDf5E6e4c11,2026-04-06,Laptop,Electronics,2,1288.36,created
6212,fD5435E01bAb341,2024-11-03,SQL Guide,Books,4,53.74,cancelled
6213,BEDeD28EBBC312d,2024-06-16,Monitor,Electronics,4,2545.02,created
6214,C2Debdc9BFC7cb8,2025-05-09,Sneakers,Clothing,2,1992.56,created
6215,35ABF46Dcb7185b,2026-03-14,Jacket,Clothing,3,469.9,shipped
6216,21aF2598bEF1A2C,2024-05-26,Machine Learning,Books,1,2346.45,cancelled
6217,4F8b1B92c5E5A1F,2024-07-13,Jeans,Clothing,3,2609.88,delivered
6218,6E6a5A7aAa6789d,2025-09-27,Machine Learning,Books,4,1041.97,shipped
6219,2fA8B397b8e5750,2024-06-09,SQL Guide,Books,1,405.73,cancelled
6220,2dd5efe87c17A5A,2025-02-27,T-Shirt,Clothing,3,1986.21,cancelled
6221,DE2d1A1E453d8eb,2025-05-31,T-Shirt,Clothing,4,1198.59,shipped
6222,Bfa21eA7afb021C,2026-05-05,Keyboard,Electronics,1,1548.81,delivered
6223,BF7e8Eec2b8B23E,2024-07-08,SQL Guide,Books,4,2165.88,paid
6224,FE33458AafC7f35,2025-05-30,Monitor,Electronics,1,1086.7,shipped
6225,95B17FF9Da7e693,2024-07-08,Python Book,Books,2,2278.43,created
6226,455E6F79bD6BA32,2025-10-24,Sneakers,Clothing,2,2693.73,created
6227,BFEd83E58a4a421,2025-10-22,SQL Guide,Books,5,1854.87,delivered
6228,2aCD8aADEC14Bd8,2024-08-13,iPhone,Electronics,2,2151.67,shipped
6229,eB1AEbeFb51de71,2025-08-21,Machine Learning,Books,4,579.5,shipped
6230,2EFCEf8a0eeA58f,2025-10-08,Monitor,Electronics,2,2891.34,created
6231,685ab1FDb2bdD04,2024-07-11,Machine Learning,Books,3,1439.29,cancelled
6232,3A9f72850d0CFba,2024-07-20,Jeans,Clothing,5,92.48,created
6233,42Dc9a7B1297CCb,2025-01-11,iPhone,Electronics,1,1676.37,delivered
6234,fb4fc774dFaf706,2024-09-23,Jeans,Clothing,3,2552.82,cancelled
6235,46A54be8DaD77ff,2024-11-11,Python Book,Books,2,2492.0,delivered
6236,6dD2BFea3cD7C3d,2025-06-11,SQL Guide,Books,2,703.36,delivered
6237,Ca9669c1aBa8e23,2025-03-10,Machine Learning,Books,4,1530.53,paid
6238,9afECcBF9afffD8,2024-09-10,Python Book,Books,2,559.83,cancelled
6239,D7980e6230B1Ea4,2025-09-02,Machine Learning,Books,1,872.7,shipped
6240,1ECcBC3d3DacF0d,2026-04-16,Laptop,Electronics,5,253.13,shipped
6241,11e9dB29B1dceCb,2024-11-16,Headphones,Electronics,3,435.99,paid
6242,EF5D6f6c9fF21c1,2025-03-07,iPhone,Electronics,5,85.55,created
6243,eF6bbDf4bEb159f,2024-05-22,Jacket,Clothing,3,1972.9,paid
6244,Ac57ECd9aDFeFA8,2026-04-14,Jacket,Clothing,2,2066.56,cancelled
6245,FBE175441f6a7Ea,2024-07-27,Keyboard,Electronics,3,1619.14,delivered
6246,A9B180db5F39053,2025-11-03,Jacket,Clothing,5,353.84,paid
6247,62A1B7e25dE599e,2025-02-20,Monitor,Electronics,2,1121.47,shipped
6248,2fA1229BbEaDEaD,2025-11-18,Jacket,Clothing,2,160.4,delivered
6249,80C6b9Bb9A177d2,2025-08-16,Keyboard,Electronics,2,2144.39,paid
6250,fC7199fFF23fA58,2026-02-01,Python Book,Books,5,645.49,delivered
6251,3bDcec3DaCEeFF9,2025-08-01,Data Engineering,Books,5,2489.24,shipped
6252,8Edd21B0C7ae4Bd,2025-08-23,SQL Guide,Books,2,154.7,cancelled
6253,9eaBAeE3e80009B,2024-07-29,Machine Learning,Books,1,1939.24,created
6254,71dCaeBE6A50ac4,2024-10-03,Headphones,Electronics,3,1906.82,delivered
6255,a3d2e5EccBaFA5A,2026-01-14,Keyboard,Electronics,3,2431.26,shipped
6256,d57C83c6f3D0EDB,2026-03-24,Machine Learning,Books,2,1718.1,cancelled
6257,f0837aecfBA5Bac,2025-11-19,Monitor,Electronics,2,266.23,cancelled
6258,ECc04BabFB0E651,2024-11-05,Data Engineering,Books,2,1872.91,delivered
6259,3F0BA8c7BDf2Bb1,2024-11-23,T-Shirt,Clothing,5,962.84,delivered
6260,db9B61948af0DDC,2025-03-10,Sneakers,Clothing,3,2653.65,paid
6261,3f4EBBc608aAA63,2025-06-10,Jeans,Clothing,4,1589.14,delivered
6262,eafEaF35018a175,2025-07-17,Monitor,Electronics,3,2716.92,created
6263,2ee307EAC4AD2B4,2024-08-06,Laptop,Electronics,5,2666.74,paid
6264,aDf116D8fa0477A,2025-10-25,T-Shirt,Clothing,3,1806.34,created
6265,1b5EEa7C0dB8BDc,2026-01-14,Data Engineering,Books,5,2930.49,created
6266,eef99F2ccAFcEfC,2024-11-10,Jacket,Clothing,5,703.17,delivered
6267,00aF509e9BDBBc2,2024-10-25,Machine Learning,Books,3,1331.55,created
6268,3851D94ce4CadDC,2025-07-08,Python Book,Books,2,2837.69,paid
6269,85eDc835371e6bA,2024-05-29,Monitor,Electronics,3,1711.47,shipped
6270,28Ceee25Ce13ae2,2025-09-11,Machine Learning,Books,4,542.74,shipped
6271,Eac2c1b9bEB2Ea4,2024-05-18,Monitor,Electronics,1,159.53,cancelled
6272,F5d9Ee618122E37,2025-11-08,iPhone,Electronics,1,332.72,paid
6273,2595d952f2B1584,2025-02-15,Keyboard,Electronics,5,351.9,created
6274,FeDfdc8596fE418,2025-07-24,Machine Learning,Books,3,473.0,created
6275,AeCb9dEBbdE9Af1,2024-09-22,Laptop,Electronics,5,2836.32,paid
6276,d950b99d5aac9a3,2025-10-31,Sneakers,Clothing,3,670.02,paid
6277,9e5aaC65B9AD9f8,2026-04-15,Jacket,Clothing,5,347.46,cancelled
6278,Dc4E7aC0DFdaDf3,2025-12-02,Machine Learning,Books,1,1926.96,paid
6279,a7703C915062EDc,2025-04-26,Monitor,Electronics,1,2197.35,cancelled
6280,BEF06f95cD84FE0,2025-01-25,Jacket,Clothing,4,840.71,cancelled
6281,CEdDbba07F165DA,2025-01-29,Jacket,Clothing,3,472.31,delivered
6282,1B593238Bc2fABc,2024-07-08,SQL Guide,Books,4,734.07,paid
6283,55b74cc49fE28AA,2024-06-17,Sneakers,Clothing,2,1795.01,paid
6284,d7CaF83A4b912B0,2025-08-31,T-Shirt,Clothing,4,2183.28,created
6285,Ff90FAAf6dFc95B,2024-12-15,iPhone,Electronics,3,397.46,created
6286,d526E21641FEA97,2025-01-14,Keyboard,Electronics,4,183.43,cancelled
6287,F3ebD1C7C26526C,2026-03-17,Headphones,Electronics,5,1139.86,shipped
6288,bCc13eDADAFD19C,2026-02-23,T-Shirt,Clothing,1,2413.08,delivered
6289,a0fD93acb6FA615,2024-08-21,Sneakers,Clothing,1,1912.78,cancelled
6290,9b5EAF22b8dA5Ce,2025-04-30,T-Shirt,Clothing,2,118.87,delivered
6291,4F9d7FfF5e1b7DE,2025-12-21,Laptop,Electronics,5,1761.15,shipped
6292,2CcD86fBcAfB9ED,2025-11-03,Data Engineering,Books,2,1243.53,shipped
6293,7257A8e3CA5F4d2,2025-12-28,Jeans,Clothing,2,2297.73,delivered
6294,bFa16bbAACEd9f6,2025-05-20,Data Engineering,Books,3,323.66,cancelled
6295,AeB3E97E67D2cEA,2025-05-16,Machine Learning,Books,4,1806.51,shipped
6296,64d8dA83cfbacea,2026-03-20,Data Engineering,Books,1,1586.92,delivered
6297,C9DE2eE93A067bF,2026-03-06,Jacket,Clothing,1,480.62,cancelled
6298,6DeD19feB5c1A1e,2026-01-12,Headphones,Electronics,5,1408.61,delivered
6299,483C17ef7c39FeF,2026-04-15,Jeans,Clothing,4,878.91,created
6300,8e1167c599FFe01,2024-06-14,T-Shirt,Clothing,3,2587.25,created
6301,71bca3E8AEbcfF7,2025-11-22,Python Book,Books,1,1552.97,paid
6302,5Bd0a2821d5D38B,2024-07-07,Python Book,Books,5,31.78,cancelled
6303,Ec06F556Af730D3,2025-02-28,Headphones,Electronics,2,2121.28,delivered
6304,28CdceD57Ae7Ac0,2024-07-19,SQL Guide,Books,5,867.07,cancelled
6305,CaE67C5207cdF04,2024-10-13,T-Shirt,Clothing,4,2101.77,shipped
6306,C8aeB30995Cb9dE,2024-12-20,Jacket,Clothing,5,342.56,delivered
6307,7119605ceddBb8F,2025-06-14,Sneakers,Clothing,1,834.48,created
6308,c41150E0AA4fCb2,2025-10-21,Jeans,Clothing,1,1629.69,created
6309,64f1aDEDF4a349d,2024-06-02,iPhone,Electronics,4,2415.28,paid
6310,F17d30bCB8F0B43,2024-09-12,Laptop,Electronics,4,867.11,delivered
6311,ABEF4E8e3c44fbb,2025-01-28,Machine Learning,Books,4,1011.85,delivered
6312,fbbD1a6c62dFcce,2026-02-07,Sneakers,Clothing,4,376.87,paid
6313,19Ff35b5d3A961a,2025-11-12,Data Engineering,Books,3,758.41,delivered
6314,Eb17fe2DEF2B9D7,2025-11-18,Sneakers,Clothing,4,2066.07,created
6315,ca2bbd5562153f3,2024-12-17,T-Shirt,Clothing,2,940.22,shipped
6316,37f8E1bbEbD91dB,2025-02-24,Sneakers,Clothing,1,421.51,cancelled
6317,C0Ff3404eBf1Bb0,2024-09-12,T-Shirt,Clothing,5,1973.42,shipped
6318,FDEBC0DBF4b0EdE,2026-02-19,Python Book,Books,5,1167.67,cancelled
6319,ce791772354FEd4,2025-08-25,T-Shirt,Clothing,3,1051.57,cancelled
6320,26Dc5F38f26fb8c,2025-12-13,Sneakers,Clothing,4,340.56,delivered
6321,043acE4e3FBcab6,2026-01-09,Monitor,Electronics,3,2180.45,paid
6322,dA1BEeEcfCc7c5E,2026-02-21,Python Book,Books,4,260.42,delivered
6323,8BeafDF3B4d24AC,2026-02-19,Monitor,Electronics,4,2189.88,delivered
6324,8BAfCfC4C6d8a94,2024-08-26,T-Shirt,Clothing,1,800.4,cancelled
6325,F5Fb747DdE1A644,2024-05-10,Data Engineering,Books,4,2041.33,delivered
6326,EFAb3fE32BdC2Da,2025-12-29,Jeans,Clothing,5,2950.83,shipped
6327,D0b32Cb7dcFd47e,2026-04-03,Monitor,Electronics,4,2196.37,shipped
6328,b34887DC22d738E,2025-06-14,Headphones,Electronics,5,48.46,created
6329,649a2DeAdF4cdcB,2024-09-16,SQL Guide,Books,1,1558.87,cancelled
6330,31Efd5fd7C97ea1,2025-03-01,Data Engineering,Books,2,1772.35,created
6331,BDe2Cb4FE88EB7D,2024-07-28,Data Engineering,Books,4,70.04,delivered
6332,FE6AFAeBc4fB9e0,2024-08-30,Data Engineering,Books,4,478.56,cancelled
6333,faF3fB42c05C195,2026-02-17,Jeans,Clothing,1,1499.77,shipped
6334,9e11cec6435351e,2025-04-21,Headphones,Electronics,2,1619.28,cancelled
6335,3FEFbF5B3eA7c1E,2025-01-07,Machine Learning,Books,2,372.55,cancelled
6336,3fB0dafDe29Ab7E,2025-04-01,Data Engineering,Books,5,2381.96,shipped
6337,925ebfF55aeebDB,2025-05-13,Monitor,Electronics,2,809.8,created
6338,54eeFbf37383A6c,2025-04-26,Machine Learning,Books,5,1523.58,paid
6339,B67fb33fABBe1Ff,2026-03-10,Jeans,Clothing,4,1456.74,shipped
6340,6Bb7b12b68C48b4,2024-05-12,T-Shirt,Clothing,3,570.7,paid
6341,4ac2ff4591c6AEF,2024-07-25,Monitor,Electronics,3,2519.27,paid
6342,57DCA22E5Fc7C8e,2026-03-19,Jacket,Clothing,5,2895.87,paid
6343,d5a2904C6d0548a,2025-02-01,Monitor,Electronics,5,1932.25,delivered
6344,aDeE5AeFe2a16ac,2024-12-18,Jacket,Clothing,4,899.88,cancelled
6345,c57FBBc156f226e,2025-02-05,iPhone,Electronics,5,2482.81,paid
6346,f1E4A5f9FfC1dec,2025-04-02,iPhone,Electronics,5,135.08,cancelled
6347,2c7fabe4Fe0f2f3,2024-12-09,Jacket,Clothing,4,436.85,delivered
6348,ef9a778eDCF1BF8,2024-10-24,Jacket,Clothing,5,2396.92,delivered
6349,D2E84cD09C77E2b,2025-03-07,SQL Guide,Books,2,2143.85,delivered
6350,4B86Ab871EB7bDa,2025-03-16,Data Engineering,Books,2,2564.35,delivered
6351,C64774558a19455,2025-06-18,Laptop,Electronics,3,203.65,shipped
6352,9bFe0dc1be39130,2025-03-16,Keyboard,Electronics,3,431.0,shipped
6353,e91A65e5745AEDe,2026-04-19,iPhone,Electronics,3,2471.41,cancelled
6354,D9AefecCf11Ffa6,2026-01-07,Headphones,Electronics,2,410.64,cancelled
6355,92fB8B21C21fBCF,2025-10-13,Machine Learning,Books,1,2114.4,delivered
6356,df412FE210b632B,2024-12-09,SQL Guide,Books,5,408.45,paid
6357,65DAf4D285ccc87,2024-11-21,Machine Learning,Books,2,1772.37,created
6358,cfF65B575D208dC,2025-06-10,Machine Learning,Books,3,108.66,shipped
6359,D31F56E5eA4d69F,2026-04-05,Data Engineering,Books,2,1241.52,delivered
6360,EcdE86f1AA5D0c7,2025-12-13,Sneakers,Clothing,1,1276.33,shipped
6361,B91c7e9d3988a07,2025-12-21,Machine Learning,Books,1,2626.58,created
6362,DaAdEB5E23E96fe,2025-11-24,Monitor,Electronics,1,756.57,shipped
6363,B83152CCDD9DB9F,2025-03-20,Python Book,Books,1,2201.22,created
6364,4abC426321DE429,2026-02-21,Python Book,Books,4,1659.77,paid
6365,dBB0bc0DE043653,2024-09-13,iPhone,Electronics,5,2989.0,delivered
6366,17c472Aef9fAF45,2024-11-06,SQL Guide,Books,3,1293.93,cancelled
6367,605B6D7BFcf9aDf,2026-04-19,Sneakers,Clothing,1,1424.43,created
6368,fF22A0BC90c7633,2026-03-30,Jacket,Clothing,3,2564.35,shipped
6369,18f744Cf0B6EB6b,2025-01-02,Jacket,Clothing,1,1649.33,shipped
6370,95B5aBc2543f7F3,2024-05-13,Machine Learning,Books,1,2816.11,shipped
6371,bce26687E8381Bb,2025-07-01,Python Book,Books,4,1015.26,paid
6372,A70A4e6fd035adA,2025-05-25,T-Shirt,Clothing,3,2447.43,shipped
6373,6dEFFe5aCa816C0,2025-04-24,Python Book,Books,3,2102.44,created
6374,54acEcA2BCF4c4f,2025-06-16,T-Shirt,Clothing,1,1218.87,shipped
6375,bdDF922FfD77EED,2025-01-05,Python Book,Books,4,289.28,cancelled
6376,7a8BEa95c3fA5c5,2025-07-13,Jacket,Clothing,3,2321.04,created
6377,fDc2eaDf3658933,2025-11-05,Jacket,Clothing,5,633.88,shipped
6378,e57baf50Ba745Bd,2025-01-13,Sneakers,Clothing,5,2612.85,created
6379,94eAbd66f3783eB,2024-10-23,Python Book,Books,4,157.43,cancelled
6380,a257fbfBE9Fc8ca,2025-03-24,T-Shirt,Clothing,1,375.06,delivered
6381,7088e29F68C8d7c,2025-10-10,Jacket,Clothing,1,2295.8,delivered
6382,9BA9F9d77A93C4D,2024-10-07,Machine Learning,Books,4,441.13,cancelled
6383,6A198CAcc74206C,2025-08-21,Sneakers,Clothing,1,2436.86,delivered
6384,0A47eab8dfC44d0,2024-07-24,Keyboard,Electronics,4,2583.64,paid
6385,d975Ae289fe3804,2025-03-01,Jeans,Clothing,3,21.08,cancelled
6386,507ED52fb5eC7Ff,2025-08-12,Headphones,Electronics,2,59.28,paid
6387,4cFbF40b2afC3aF,2025-08-10,Data Engineering,Books,1,1842.37,created
6388,D5EFBEfF2aFdddC,2025-09-26,Jeans,Clothing,2,1462.92,paid
6389,A03cBfa2BbeAf76,2025-10-05,T-Shirt,Clothing,5,2846.53,shipped
6390,B63dffeaBeCaEdf,2026-01-04,Jacket,Clothing,5,733.86,delivered
6391,9B78Dd26BC6BD2b,2024-05-26,Jeans,Clothing,4,1097.06,cancelled
6392,823c4A37c1cDBad,2026-04-16,Headphones,Electronics,5,2077.64,shipped
6393,b8d96aA1d3dcD57,2024-05-27,Laptop,Electronics,3,2782.85,paid
6394,d04CcD5BBAd43df,2024-11-03,T-Shirt,Clothing,2,2166.07,paid
6395,C7015a4d21d8AFC,2026-03-22,Keyboard,Electronics,5,2702.18,cancelled
6396,6eC4DA220aBaCfc,2025-10-20,Data Engineering,Books,3,1009.86,cancelled
6397,1B50d05300f307a,2025-05-12,Keyboard,Electronics,2,1884.33,created
6398,fcA50Fe7110702e,2025-04-10,SQL Guide,Books,1,226.38,shipped
6399,b97e0487CC756D9,2024-07-12,Headphones,Electronics,5,412.38,delivered
6400,db3eFDFbaBde55C,2024-08-11,Monitor,Electronics,5,1374.91,paid
6401,b9FEBe2776ffEDe,2026-03-17,Python Book,Books,4,1173.29,delivered
6402,E9aEE4D5d7336e6,2025-11-09,Keyboard,Electronics,2,2605.68,delivered
6403,F03dcaD084B85af,2024-07-05,Laptop,Electronics,5,648.64,paid
6404,aa4BA5bFaDb0332,2024-12-25,Monitor,Electronics,2,2041.9,paid
6405,4BE4cf6c2Effe61,2025-08-07,T-Shirt,Clothing,5,2115.97,delivered
6406,27fcd7731c2f811,2025-10-31,Sneakers,Clothing,5,1585.59,shipped
6407,Cb3A3aeb975E2B2,2025-02-07,Laptop,Electronics,4,2329.5,paid
6408,AA0e90DaB31C7F6,2026-04-23,iPhone,Electronics,1,2604.39,paid
6409,8c4D4BeBdAB20ce,2024-09-08,Python Book,Books,2,1083.6,paid
6410,adA41c87bECabfE,2025-02-11,Monitor,Electronics,4,2562.63,paid
6411,eCaFccffCb55cbc,2024-09-24,Data Engineering,Books,4,2107.91,paid
6412,BfF96B886fEe0FA,2026-04-26,Jeans,Clothing,2,586.18,cancelled
6413,4befD537c8afebF,2024-08-14,Data Engineering,Books,2,2968.07,paid
6414,eBb90438Bad21FE,2025-04-05,Keyboard,Electronics,1,1908.78,shipped
6415,DC4dE9F81e7F7D5,2024-11-16,Sneakers,Clothing,2,2152.37,cancelled
6416,9eCDeCfCf9e53f5,2025-04-01,Jeans,Clothing,3,2601.99,created
6417,cB5c75b408fFB9C,2025-11-26,Keyboard,Electronics,2,701.5,created
6418,684F0F37bdCb172,2026-03-24,Data Engineering,Books,3,949.92,paid
6419,C9d7c71fea25e2b,2025-02-03,T-Shirt,Clothing,5,1726.04,delivered
6420,3Fa26bA34e1A3e6,2025-10-06,Headphones,Electronics,4,1813.28,delivered
6421,7BF876d8FF437dd,2024-11-17,Keyboard,Electronics,5,17.89,shipped
6422,Ff0d2C3bF10fD81,2025-01-12,Sneakers,Clothing,3,2458.45,created
6423,0bDaf64290ddBcA,2026-02-21,T-Shirt,Clothing,1,787.01,delivered
6424,308eBB27EBa2B9d,2025-07-22,Headphones,Electronics,5,1701.28,paid
6425,3aF0aeFAd2E7ab4,2025-04-07,Jacket,Clothing,5,1975.64,shipped
6426,5ADFdfC5834A9D4,2024-12-03,Python Book,Books,4,1011.18,delivered
6427,cE9b1B471FAb2EA,2025-10-21,Machine Learning,Books,1,2376.81,paid
6428,aDf00f22A545f46,2024-11-07,Data Engineering,Books,1,1587.96,cancelled
6429,4777cC4936F1A8F,2025-04-08,iPhone,Electronics,3,634.63,shipped
6430,a37FdaD9b0CD5b5,2025-06-15,Headphones,Electronics,5,2148.85,created
6431,64D499cd6fDbbEb,2026-02-13,Sneakers,Clothing,3,2903.19,shipped
6432,E2bA4739Cef8d1a,2026-04-13,T-Shirt,Clothing,5,1569.85,created
6433,dE4C5bFA3413D2D,2025-09-11,Python Book,Books,1,1456.36,paid
6434,Bb1Fbf8e746ae80,2025-09-10,Jeans,Clothing,5,670.29,delivered
6435,8ecFc15C6fCBfb5,2024-07-16,Keyboard,Electronics,3,1009.11,paid
6436,95B87c439c32D00,2024-10-14,Python Book,Books,2,2676.11,cancelled
6437,169A6D6e175AEc4,2025-10-31,Laptop,Electronics,4,2212.56,created
6438,2Ec8Ad0cEb16AbC,2024-08-06,Data Engineering,Books,4,1264.39,paid
6439,Be75899FF97d8F8,2026-04-20,Python Book,Books,5,2821.05,cancelled
6440,BCCA0e480D2be60,2025-06-11,iPhone,Electronics,2,1441.78,created
6441,4E5c0dE72Ffbe8A,2025-10-28,Machine Learning,Books,1,2163.03,created
6442,ad46dEe4cb6dFed,2025-12-31,iPhone,Electronics,2,1462.3,paid
6443,cC3ddbd3eba834c,2025-11-27,SQL Guide,Books,4,2427.32,paid
6444,6F844C8a2bEe87E,2026-01-15,Jeans,Clothing,4,2252.08,cancelled
6445,839ceCe450dA569,2024-09-25,iPhone,Electronics,3,189.54,paid
6446,692ee4C980729fd,2025-04-02,T-Shirt,Clothing,5,1453.38,paid
6447,5Ee1fE85f06ea3C,2025-05-17,iPhone,Electronics,4,2469.19,cancelled
6448,Eb12AAccEd29Bba,2024-11-29,Sneakers,Clothing,2,2369.43,shipped
6449,ACe941aC05FC4FB,2024-07-06,Machine Learning,Books,4,1414.33,paid
6450,1dADc2Cb3e5b8c5,2025-11-09,Sneakers,Clothing,2,2440.65,shipped
6451,3A3Ad56bA2EB6f5,2025-07-07,T-Shirt,Clothing,5,135.12,shipped
6452,c5D827e05F43bAa,2026-04-12,iPhone,Electronics,2,1524.99,shipped
6453,4b4B4bF76cbb366,2024-12-14,Data Engineering,Books,4,631.07,created
6454,1fcb3CA4F4Bb3ec,2024-07-20,Data Engineering,Books,3,1383.35,shipped
6455,3AcDb6278C2B3d1,2026-03-16,Jeans,Clothing,5,1142.12,cancelled
6456,1879Fc7c0B7FDEe,2024-12-28,Jacket,Clothing,1,1353.78,delivered
6457,bA2F6c7c576e6B4,2024-07-31,Monitor,Electronics,1,2118.05,delivered
6458,3F0D000D9bEcd16,2025-12-06,T-Shirt,Clothing,3,881.39,paid
6459,C7d73ee12e2dacF,2026-02-20,Jacket,Clothing,3,2114.47,delivered
6460,7FaAB5c5CDf434b,2026-03-12,Data Engineering,Books,3,1440.44,cancelled
6461,59cCEDA3805ba5e,2026-02-11,Sneakers,Clothing,3,2512.45,created
6462,b626c3EBe8FaFC7,2025-09-12,T-Shirt,Clothing,1,1282.23,created
6463,C26Af5941FE5b2F,2025-06-20,Monitor,Electronics,2,1033.61,shipped
6464,BAf5EdAE51FD22a,2025-08-04,Data Engineering,Books,1,2279.59,created
6465,7fe4EaD2f755EAc,2024-05-08,Sneakers,Clothing,3,2885.09,cancelled
6466,F540C5f3C9AAE4A,2025-12-23,Jacket,Clothing,1,407.44,shipped
6467,dd336c6Dd01604B,2025-06-30,Keyboard,Electronics,4,56.26,created
6468,1cbe85fb6c65d9F,2025-09-02,iPhone,Electronics,4,1211.17,paid
6469,7DDC6D5Cc8fc90e,2026-01-30,Jacket,Clothing,2,2250.27,paid
6470,63BbbADEDf0fA98,2025-04-25,SQL Guide,Books,1,2945.82,paid
6471,2a71dF763BE5dbc,2025-09-10,Jeans,Clothing,4,2104.39,created
6472,0bc4280D0600119,2025-02-10,Machine Learning,Books,4,911.9,cancelled
6473,37D59318DC72095,2025-08-02,SQL Guide,Books,1,547.07,created
6474,F3F3badaFba1CC9,2024-11-18,iPhone,Electronics,3,220.46,shipped
6475,830f3E3edfA78ff,2024-09-02,T-Shirt,Clothing,3,599.09,created
6476,cfaE92c090D0770,2025-10-05,Machine Learning,Books,3,1185.62,created
6477,6ae38F1053Bf0bf,2026-01-03,Laptop,Electronics,1,1356.15,paid
6478,648d06EfE0F4BE8,2024-10-25,Monitor,Electronics,1,2176.29,created
6479,Aaa973c73690189,2025-06-23,SQL Guide,Books,4,94.94,created
6480,E33103bd2827c7b,2025-05-15,Python Book,Books,4,902.37,paid
6481,47C966b2a3A4b72,2025-07-30,Data Engineering,Books,4,549.98,paid
6482,fB5bdFb4f8BAaA3,2024-10-14,Monitor,Electronics,3,2531.37,cancelled
6483,6688D1D25c6E31f,2025-12-12,Monitor,Electronics,5,1458.36,shipped
6484,ff86deBF01544C8,2025-05-26,Jacket,Clothing,1,2884.18,shipped
6485,0aEEC804E919d7f,2025-07-12,Python Book,Books,2,2337.11,cancelled
6486,F7a3524E0FC9daD,2026-01-17,T-Shirt,Clothing,4,1968.14,paid
6487,b53Dd431f6C1830,2025-08-11,Monitor,Electronics,3,768.25,cancelled
6488,2dFf2fb9BCA62b3,2026-03-09,Headphones,Electronics,1,1472.52,created
6489,bcB7B0E7010ce3a,2025-10-04,Data Engineering,Books,1,270.44,shipped
6490,dAC66f24cECd4eb,2025-03-01,Monitor,Electronics,2,2308.18,delivered
6491,B06574EabDC18b8,2025-04-07,Keyboard,Electronics,4,233.49,cancelled
6492,f4f0a26D8158a6B,2025-11-10,Jeans,Clothing,2,879.46,created
6493,A0Befafbe8E77E9,2026-03-06,Monitor,Electronics,3,2574.99,created
6494,7E7EFffBA401071,2025-09-04,Jacket,Clothing,4,539.62,created
6495,EACF2c35Df893Ff,2025-08-22,Headphones,Electronics,4,2564.44,paid
6496,5c79C8bea64B4ef,2025-04-18,iPhone,Electronics,3,2752.63,shipped
6497,b2c3369843EaAAd,2025-12-14,Monitor,Electronics,5,2786.06,created
6498,46eD8611A17fA89,2025-05-06,iPhone,Electronics,3,2463.85,paid
6499,b022C76F8C2778d,2026-03-23,Keyboard,Electronics,2,2747.08,delivered
6500,841795dA1dcBE7F,2025-12-10,Jacket,Clothing,3,2928.42,cancelled
6501,f6b12AFDdb0Bc92,2025-12-24,Python Book,Books,3,1029.14,shipped
6502,82a8C7bcE4A61d7,2024-12-10,Jeans,Clothing,2,978.82,cancelled
6503,E9faD9E0cdADAa2,2026-03-27,Monitor,Electronics,4,1503.85,created
6504,4FDaA032feCe68b,2026-05-07,T-Shirt,Clothing,3,2096.67,cancelled
6505,B2b3a36cbCDb83D,2025-04-22,Laptop,Electronics,1,879.29,created
6506,d6E30B2Cb275Fb9,2024-12-10,Jeans,Clothing,1,787.26,cancelled
6507,Ddb0FfE044FCAFB,2025-03-22,Laptop,Electronics,1,1507.54,created
6508,abbBFBC73BD26DB,2026-03-03,T-Shirt,Clothing,3,419.1,paid
6509,795e50BCFcAFddf,2025-06-13,Keyboard,Electronics,2,1674.91,cancelled
6510,ab9D91D58DCC8c8,2025-03-30,Headphones,Electronics,1,675.02,created
6511,D76584ADDFfCedF,2024-11-07,Machine Learning,Books,1,456.63,shipped
6512,4b7975A4d7bBafC,2026-01-01,SQL Guide,Books,3,773.72,created
6513,2eE0facFBeeeCDA,2025-02-21,Laptop,Electronics,4,2284.14,created
6514,18B59DCC2B25a60,2025-10-23,T-Shirt,Clothing,5,1510.3,delivered
6515,dCfb9B4ad7E0D4e,2024-05-26,iPhone,Electronics,4,2456.94,shipped
6516,2CEa101deaC6e37,2025-04-11,Sneakers,Clothing,2,38.64,cancelled
6517,569AD979B8CC11C,2024-08-18,Keyboard,Electronics,3,430.64,shipped
6518,A87D36212a4E3fC,2024-12-13,Jeans,Clothing,5,27.07,paid
6519,6f3f9A8dC3bf422,2024-09-24,Jeans,Clothing,4,2813.12,paid
6520,cbAFb18Bb8Bc7fD,2025-04-22,SQL Guide,Books,5,861.54,delivered
6521,8F91F319D193Adb,2024-12-30,Data Engineering,Books,2,682.57,paid
6522,DEB4DFDDB909ec8,2026-02-19,Headphones,Electronics,5,2137.38,created
6523,dfF9CAf2f3b0d6A,2026-04-19,Jeans,Clothing,5,1118.91,paid
6524,770a1790A91DafC,2025-08-20,Data Engineering,Books,2,492.25,shipped
6525,Ad2c66e7aFfED1F,2024-11-29,Sneakers,Clothing,3,1843.85,created
6526,E0Cb9EcF2ED9b9c,2026-03-21,Python Book,Books,2,1086.63,delivered
6527,6c91bAFcC38b36c,2024-08-04,Headphones,Electronics,4,1523.04,created
6528,ecbcDFFf719A756,2025-07-29,Keyboard,Electronics,1,2402.84,paid
6529,35B1bF5D9F5dDf4,2024-12-03,iPhone,Electronics,5,1885.37,paid
6530,E3c096931F1DDe6,2025-01-25,Machine Learning,Books,5,2106.28,created
6531,A7bA9Fa509AebAC,2025-06-20,Jacket,Clothing,2,1914.14,shipped
6532,bE49341Eb2A4ed2,2024-08-20,Python Book,Books,3,1123.17,created
6533,db17CCec6FB09b1,2024-07-05,Keyboard,Electronics,2,127.26,shipped
6534,7Ddef48b32FdB49,2025-06-27,Jacket,Clothing,3,1409.95,created
6535,cBE7Bcf4FdC1e7a,2025-06-21,Headphones,Electronics,1,828.17,delivered
6536,0CCCBdd01Fc07B3,2025-12-12,Jeans,Clothing,1,29.62,created
6537,5F3bD480AaEA9Bc,2024-09-09,Python Book,Books,2,1506.48,cancelled
6538,057FB4Eafbf73fB,2025-01-14,Jeans,Clothing,2,889.51,paid
6539,B9Ee1A61d3F48b7,2026-01-03,Monitor,Electronics,1,520.33,created
6540,ac2F6b5C21bafEA,2025-09-16,Data Engineering,Books,2,1304.58,paid
6541,3473bBaa71cdc7e,2025-06-22,Laptop,Electronics,2,368.28,shipped
6542,e12bE1efa95AcE8,2024-10-19,Sneakers,Clothing,2,1710.68,shipped
6543,f95B06d54CE5C0C,2024-10-29,Monitor,Electronics,1,2515.74,created
6544,cDa5171747EA9c8,2024-07-08,Python Book,Books,5,1103.68,paid
6545,F2cBCbFaB2ec882,2024-05-20,Data Engineering,Books,1,133.64,paid
6546,eaD21b6Fc6DaD73,2024-11-17,Monitor,Electronics,1,357.78,delivered
6547,1acfbCf5f2CC2aA,2026-03-18,Data Engineering,Books,4,1575.27,cancelled
6548,d74A3A1818d4fb7,2024-11-16,Data Engineering,Books,1,285.79,shipped
6549,551Cc6dBc7d8927,2025-10-28,Monitor,Electronics,2,2305.48,cancelled
6550,AC2fCA632fb4a23,2025-11-25,Laptop,Electronics,3,624.39,created
6551,3e2E695a6e47cE6,2025-03-10,Monitor,Electronics,3,2549.54,paid
6552,57cADB6C6B72C3f,2024-12-09,Laptop,Electronics,5,455.22,paid
6553,539B8a4a764dEEB,2025-10-04,Data Engineering,Books,5,1186.09,created
6554,cbF6eC85F4baA4e,2025-09-02,Python Book,Books,2,2417.72,paid
6555,6c753cf22b58eC5,2024-07-31,Jacket,Clothing,2,2993.39,shipped
6556,E2517197FA8E5FD,2025-11-17,T-Shirt,Clothing,1,377.04,shipped
6557,8FE28D20bd88EB6,2025-06-13,Jeans,Clothing,5,2355.72,paid
6558,D9A7Ee85caec0Eb,2025-01-30,Jeans,Clothing,5,1048.52,cancelled
6559,BcbC2a5F88CC9A6,2025-10-18,Machine Learning,Books,3,541.86,created
6560,2D1Bc8DCB1d9539,2026-04-11,Python Book,Books,4,2460.94,created
6561,993fd77Ac4CD46a,2025-03-29,Jacket,Clothing,1,345.17,delivered
6562,aEf85aFB9f6B670,2025-01-04,Monitor,Electronics,2,1186.78,created
6563,B88D8a2F5C2A213,2024-11-26,Headphones,Electronics,5,1176.71,cancelled
6564,9a0B2bfe45EBde0,2026-04-13,Jacket,Clothing,1,2128.97,paid
6565,4dD0ba7d2dc85ea,2024-09-17,Data Engineering,Books,1,1318.17,created
6566,c8dB1dB95dB7c56,2024-12-18,Machine Learning,Books,2,1524.77,cancelled
6567,fcce92D98E5Cb0E,2026-02-25,Keyboard,Electronics,4,960.96,delivered
6568,ED6AB407fe74540,2025-06-10,Machine Learning,Books,1,2698.92,paid
6569,882efDa1b1ACcDa,2026-04-28,Monitor,Electronics,5,1241.57,paid
6570,f5Bd721Ee23B715,2025-08-22,iPhone,Electronics,3,1319.3,cancelled
6571,Ff00c09B84B32ee,2025-03-21,Keyboard,Electronics,3,1662.41,created
6572,295Dfc9ACdcA01b,2025-04-24,Sneakers,Clothing,4,475.08,paid
6573,C5eF3ef015C91A7,2024-06-05,Python Book,Books,5,1646.34,delivered
6574,75cbBd2397ea9fa,2026-05-05,Sneakers,Clothing,5,552.65,delivered
6575,491E1ad49d9f47A,2024-08-09,SQL Guide,Books,3,2989.29,created
6576,7d4be8D17F534cd,2024-05-23,Keyboard,Electronics,1,57.97,shipped
6577,E533AA2e3c3e812,2025-03-07,SQL Guide,Books,1,2816.88,shipped
6578,DFED8773c1B3B52,2024-05-28,Jacket,Clothing,3,2315.31,paid
6579,aFBA27Ebd875800,2025-10-09,Machine Learning,Books,4,196.31,cancelled
6580,7Bc4cBE8a9beEDa,2024-11-29,Jacket,Clothing,4,1311.92,shipped
6581,8BAA0034e16933f,2025-10-13,Monitor,Electronics,4,1470.99,delivered
6582,ae1c517241E8b5d,2026-01-31,Headphones,Electronics,1,1883.64,paid
6583,4F6BCBdbBCd996a,2026-03-02,SQL Guide,Books,2,2213.47,paid
6584,8E5e673AF8990Ed,2025-09-07,Data Engineering,Books,4,1620.69,cancelled
6585,3EFAccdd4639c41,2025-11-05,Headphones,Electronics,3,2806.22,delivered
6586,fe783A3BfD3692B,2026-02-09,Laptop,Electronics,3,1451.77,cancelled
6587,8dedaFAFf308DB9,2024-08-07,T-Shirt,Clothing,3,169.88,cancelled
6588,F8E6Fba7e5F5e3d,2025-07-30,Machine Learning,Books,5,2376.76,delivered
6589,A316CE3787696C2,2025-09-26,Machine Learning,Books,5,51.91,shipped
6590,9C79Ed0Aa6cd39b,2025-03-30,SQL Guide,Books,2,1579.94,shipped
6591,525BD7bCEFd371b,2026-04-22,Sneakers,Clothing,1,1776.64,cancelled
6592,d9dbdCCbD8DAFaE,2025-07-18,Keyboard,Electronics,4,1007.28,shipped
6593,B1b4Af4f28e9De2,2025-09-25,Jacket,Clothing,4,814.13,cancelled
6594,8fB7Bf2eABB65dA,2025-08-21,Machine Learning,Books,1,1852.84,delivered
6595,7CB14EB639bd8fF,2025-11-28,SQL Guide,Books,4,264.68,paid
6596,eCFFD5c0E048f40,2024-12-14,Jeans,Clothing,3,1597.92,delivered
6597,9863aDbAEeBA0b0,2026-02-20,Keyboard,Electronics,1,1389.98,paid
6598,077aDCFdBEbC6Ee,2026-01-07,Headphones,Electronics,4,2160.98,delivered
6599,35ED21F5b9BFede,2026-04-27,Jeans,Clothing,1,2801.48,delivered
6600,4058dFD3016660d,2024-10-29,Python Book,Books,4,725.64,paid
6601,4d9fE909E6Db0eE,2026-05-08,Machine Learning,Books,1,2645.71,shipped
6602,aC2FE4b75adB771,2024-12-24,T-Shirt,Clothing,5,96.25,shipped
6603,7319C0b9Df2Ee8d,2025-08-25,Jacket,Clothing,3,1171.4,paid
6604,3f6289bad26D927,2025-09-08,Jacket,Clothing,4,534.6,created
6605,1e8F26AeCD47B5e,2024-05-26,Python Book,Books,2,789.14,paid
6606,5C77FE5d8b6c55E,2026-01-22,Jacket,Clothing,2,953.04,shipped
6607,EcfC9b52D245A0c,2025-07-16,Machine Learning,Books,2,2732.18,shipped
6608,8C10DFEe953D05a,2026-05-03,Python Book,Books,4,2574.3,shipped
6609,5B9969C413cd109,2025-03-02,Python Book,Books,1,2246.98,paid
6610,aB4Aa65BEeA6cd3,2024-06-17,Jacket,Clothing,5,111.91,cancelled
6611,79fA31be27fB1c4,2025-12-19,Python Book,Books,4,1724.65,paid
6612,a7Af4d0A78E54e4,2025-10-31,SQL Guide,Books,1,2447.11,delivered
6613,35f5D0CEE8b6d5F,2025-03-03,Machine Learning,Books,1,1948.59,paid
6614,dcF3eeCc0C3efee,2024-09-09,T-Shirt,Clothing,1,121.28,shipped
6615,A303cDe1Cbb4ea5,2024-11-13,Data Engineering,Books,5,1020.79,cancelled
6616,6a4E97Ca5e4215B,2025-01-20,SQL Guide,Books,3,31.36,cancelled
6617,c3d7E4AFaEebFB8,2024-07-24,iPhone,Electronics,1,1453.02,cancelled
6618,5dE0EEe5c70026F,2025-08-23,Python Book,Books,4,2277.03,created
6619,26Ae43FA2afDA1b,2025-01-01,Jacket,Clothing,2,1663.14,delivered
6620,CEEe0A2Dc88dF86,2025-09-08,Sneakers,Clothing,3,2967.15,created
6621,38C2C0Da6bd7D4d,2025-06-01,Jeans,Clothing,1,400.25,cancelled
6622,eFC8d79A80dF1aa,2025-06-22,SQL Guide,Books,3,796.5,created
6623,f343ABE45BE8dEe,2024-07-19,Jeans,Clothing,3,2943.86,created
6624,C0A5Ebf7fd9667e,2025-11-13,Sneakers,Clothing,3,2462.57,delivered
6625,3BC20e27b7a8E0C,2024-08-31,Machine Learning,Books,2,2725.94,delivered
6626,Cf8cB6EBF7bBa3D,2025-04-21,Data Engineering,Books,1,121.61,paid
6627,D0049DfAEbC6ECd,2024-10-21,Data Engineering,Books,1,1464.97,paid
6628,c47Fa732f8C7944,2025-04-18,Python Book,Books,5,149.37,shipped
6629,c06EDA3E8CaE3F1,2024-08-26,Keyboard,Electronics,3,726.75,delivered
6630,C9Df951E8feF792,2025-09-03,Monitor,Electronics,4,302.18,delivered
6631,38F73Ba0CAc4d5e,2024-10-18,Laptop,Electronics,3,1949.65,cancelled
6632,5DBc2bbdF1dFB50,2025-05-24,Sneakers,Clothing,3,1297.14,paid
6633,f2EBe2d6206aC74,2024-09-25,Jacket,Clothing,2,1160.12,cancelled
6634,BBEDDeEA5bDcd29,2025-11-05,Data Engineering,Books,2,977.18,shipped
6635,b99E10d99FfAE72,2026-01-13,Jeans,Clothing,3,1045.24,created
6636,c196F6DA8827bC1,2024-11-22,T-Shirt,Clothing,5,2611.65,shipped
6637,1F0F44dE1dFAaB9,2025-10-26,T-Shirt,Clothing,5,1091.69,delivered
6638,aCCe45ECAbdFCc5,2025-03-27,Machine Learning,Books,1,2040.87,paid
6639,6D945DdF2c33eD4,2025-07-24,Python Book,Books,5,2083.34,cancelled
6640,4AAfACdcBeEabaf,2025-05-27,Jeans,Clothing,4,202.92,delivered
6641,DecEDbd629FEcb0,2025-11-26,iPhone,Electronics,2,1127.1,cancelled
6642,DC9Cd803d5eFFBb,2025-05-16,Headphones,Electronics,2,2610.81,created
6643,9b7134fdF052c90,2025-03-05,Python Book,Books,4,2127.78,shipped
6644,94776ABc0e8e149,2025-07-09,T-Shirt,Clothing,2,2805.63,cancelled
6645,746eC0F4D13fFF1,2024-06-22,iPhone,Electronics,4,645.22,shipped
6646,d00AaFBbeABcE71,2026-04-06,Python Book,Books,2,2294.12,shipped
6647,9Eaf34D21fD150d,2025-06-04,Laptop,Electronics,2,1662.75,delivered
6648,d95AE36AeF4BeaE,2025-12-17,Machine Learning,Books,4,2112.85,cancelled
6649,d4B0bc34f6Fd6F3,2024-11-27,Jeans,Clothing,3,1228.58,delivered
6650,EBf8bEb4AD0BCc8,2025-05-29,Headphones,Electronics,1,813.07,created
6651,9aDebAA97DE436b,2025-06-06,Data Engineering,Books,2,2920.04,delivered
6652,a6Cf0D8B653Bc19,2025-09-14,Keyboard,Electronics,3,44.53,created
6653,5F761749c38C8dA,2024-10-31,Laptop,Electronics,3,1829.98,created
6654,d072E7FaaEF7D65,2024-08-20,Headphones,Electronics,5,1509.97,delivered
6655,065C38D8d687B87,2025-09-29,SQL Guide,Books,3,2321.52,delivered
6656,1BED0F7b8c4Fc3a,2024-08-13,T-Shirt,Clothing,5,961.16,cancelled
6657,F2Cc8B6c9ADE1d0,2024-06-30,Headphones,Electronics,3,2536.68,shipped
6658,51BEa4C52Bc7Ee1,2026-05-06,Sneakers,Clothing,4,1513.76,cancelled
6659,8D281a3b160dF31,2026-03-18,Jacket,Clothing,1,1154.43,delivered
6660,e8cc06AeFA44aC4,2026-02-12,Jeans,Clothing,3,880.7,shipped
6661,AFB4B74d5EEaC12,2025-12-27,iPhone,Electronics,1,2192.01,paid
6662,cB88eAbCbbcdDC8,2025-06-12,Jacket,Clothing,3,1108.2,delivered
6663,f3FF9cd0fEBb858,2025-06-27,SQL Guide,Books,5,2005.93,created
6664,14CbFC65BEd97cE,2026-03-28,Monitor,Electronics,5,863.98,paid
6665,48a0e4cE0dcaEb2,2025-02-17,T-Shirt,Clothing,2,916.54,delivered
6666,Baeb592A893E3A1,2024-07-16,Laptop,Electronics,4,2754.63,paid
6667,3Dc69B45A035b6b,2026-02-16,Python Book,Books,1,421.62,delivered
6668,Cfc442ca24bFA4A,2025-07-13,Jeans,Clothing,1,1672.66,delivered
6669,6C530373B81dB38,2026-04-15,Jacket,Clothing,2,1707.72,cancelled
6670,2729b9B7dF67cf8,2026-01-26,Python Book,Books,2,2124.73,paid
6671,98fcA5c67f6029F,2025-08-19,Monitor,Electronics,5,584.54,cancelled
6672,2285DF5DDeC94ba,2024-12-26,Jacket,Clothing,4,374.85,cancelled
6673,a20ab6fCFc8cdEc,2025-01-26,T-Shirt,Clothing,3,1080.11,delivered
6674,DC00baD40E8DfAe,2026-02-24,Jacket,Clothing,1,1985.21,paid
6675,0eB4057c15FCEEf,2025-05-16,T-Shirt,Clothing,1,2118.51,paid
6676,dE13240cD9FCAAf,2026-03-07,Jacket,Clothing,3,17.71,delivered
6677,bFFA4d8Da5f8Eea,2024-05-10,T-Shirt,Clothing,1,1073.39,cancelled
6678,Bb2fEe0FAAf1cE0,2025-10-19,Headphones,Electronics,2,1218.34,shipped
6679,C81e1fa6fFa4187,2026-03-17,Data Engineering,Books,2,258.24,shipped
6680,2f63Ce0f3f2F8aB,2024-12-11,SQL Guide,Books,3,1572.0,paid
6681,43861f9A7C684C9,2024-09-26,T-Shirt,Clothing,2,982.12,shipped
6682,91a5Fa9Bbb765be,2025-01-12,Machine Learning,Books,4,2977.69,delivered
6683,dB52eFa5bB5d3eE,2026-04-03,SQL Guide,Books,3,2876.32,created
6684,B784Bc7DB3a33Eb,2024-12-14,iPhone,Electronics,4,622.16,shipped
6685,b7c21Aa5e73CA9b,2024-08-16,Data Engineering,Books,2,1230.95,delivered
6686,5d36fcDcefaD3c2,2026-02-18,Jacket,Clothing,5,1428.55,delivered
6687,1e1E6614cEa10a9,2024-10-24,Machine Learning,Books,4,1971.37,shipped
6688,fEaeC34dC1ACa87,2026-02-06,Data Engineering,Books,4,1884.18,created
6689,0B05E23cF226af7,2025-05-15,Headphones,Electronics,5,1852.25,delivered
6690,029bafFDF39017D,2024-10-10,Monitor,Electronics,5,849.03,shipped
6691,e96dD8EECb5c1EC,2025-04-07,Jacket,Clothing,1,1177.38,shipped
6692,8EcD6AC54F0ab9a,2025-05-03,Python Book,Books,3,1110.93,paid
6693,A76E80A33CCe3f7,2024-07-23,iPhone,Electronics,2,2947.48,paid
6694,C0cDFbDFfeeDA72,2025-04-05,Data Engineering,Books,2,982.42,cancelled
6695,DE6d6fa5Fa61bb4,2024-10-09,Monitor,Electronics,1,281.03,shipped
6696,EbFF87E5aebab4A,2026-02-06,Data Engineering,Books,5,2566.57,paid
6697,Bbc20678fdA86D7,2026-03-12,Laptop,Electronics,3,2013.59,delivered
6698,BDcEc4a5A14B848,2025-04-19,iPhone,Electronics,1,1088.17,created
6699,D5187CEe97Cb2c0,2025-12-29,Monitor,Electronics,3,438.7,cancelled
6700,5ed9e15a76aB1aa,2025-12-15,Headphones,Electronics,3,1456.93,created
6701,bFE1CFc2cFDDa47,2025-11-08,Jacket,Clothing,1,1558.59,paid
6702,C3fa9DBDbD62f0F,2024-05-26,iPhone,Electronics,4,2556.48,created
6703,3ab19F952EE306d,2024-07-01,Keyboard,Electronics,5,2570.55,delivered
6704,Fd3D2Ab2B6954Ac,2026-04-08,SQL Guide,Books,5,311.16,paid
6705,cCfcbC4Ec711F35,2025-09-13,SQL Guide,Books,2,214.55,shipped
6706,a4B6f34FCeAc9Fd,2024-10-04,T-Shirt,Clothing,3,924.22,cancelled
6707,29EcA6dcbd7DFEe,2024-10-15,Jeans,Clothing,4,164.61,shipped
6708,bbf9B7fdDdF2AdB,2024-12-10,Data Engineering,Books,5,349.34,cancelled
6709,e194c5b5AFaf5BF,2025-10-29,Jacket,Clothing,5,584.87,cancelled
6710,BaD5E3Ba1affA4E,2024-11-15,Headphones,Electronics,5,523.27,paid
6711,bAa5021ebfc0E45,2024-05-31,Data Engineering,Books,3,373.63,paid
6712,bF1D9CEc7f20e4d,2025-03-10,SQL Guide,Books,2,1630.7,shipped
6713,Fbd6CdB76bFFaF7,2024-08-01,Sneakers,Clothing,1,1481.47,created
6714,c9970efD694f5DF,2024-11-01,Sneakers,Clothing,1,2696.22,created
6715,0863A5E25FB5a59,2024-10-11,SQL Guide,Books,5,2985.49,shipped
6716,6c9dFdB74CEA79b,2025-05-12,Jacket,Clothing,3,644.02,cancelled
6717,c44d66d9c35F299,2025-12-15,iPhone,Electronics,4,2660.57,shipped
6718,f1F1aBBEA86fDBA,2026-04-04,iPhone,Electronics,3,1145.39,shipped
6719,823BfAF00DF49fb,2025-02-12,Machine Learning,Books,1,1990.35,paid
6720,bAE7B8eA81d65AD,2024-05-29,Jacket,Clothing,4,2518.86,paid
6721,F3dAAfaed856c1d,2026-03-16,SQL Guide,Books,3,2940.44,shipped
6722,d0C17b42ACD3E27,2025-01-15,T-Shirt,Clothing,1,548.13,shipped
6723,2382b51ee4e2cCe,2024-12-06,Monitor,Electronics,5,1548.69,shipped
6724,EbD0853Ed88EF79,2025-01-11,Headphones,Electronics,5,1130.97,created
6725,dbf3fc8b7D8B24B,2025-06-03,Machine Learning,Books,1,2788.93,created
6726,cdeF5c7DB30A185,2026-02-19,Jacket,Clothing,4,1155.67,paid
6727,Fa8cC9cD1b62fbF,2024-10-21,Data Engineering,Books,5,2898.23,created
6728,dC6A26EcD0c217c,2025-09-01,Sneakers,Clothing,1,2528.37,cancelled
6729,BDE73dFf2eA54a6,2026-04-05,Laptop,Electronics,2,2167.48,shipped
6730,A8a3d7A90C1720C,2026-01-06,Jeans,Clothing,2,2330.85,created
6731,CAfadBbb1C9Bcda,2026-01-07,Laptop,Electronics,2,2686.61,shipped
6732,37d383b63DAcEE1,2024-06-17,iPhone,Electronics,3,964.37,delivered
6733,A7B2c014b08ee5b,2025-09-10,Jacket,Clothing,5,755.32,created
6734,04e427cEFB0CD55,2025-02-21,T-Shirt,Clothing,1,382.21,delivered
6735,d718e3e3b6EE7A5,2025-09-22,Headphones,Electronics,1,1188.27,cancelled
6736,D35BA0f2dE178Dc,2025-12-13,Machine Learning,Books,5,1890.67,shipped
6737,f5Ad91e4705517e,2025-12-04,Sneakers,Clothing,2,780.41,paid
6738,Ef419625EcfCeC8,2024-10-07,Jacket,Clothing,4,581.96,shipped
6739,e5CDD596ecDF0D0,2025-07-03,Sneakers,Clothing,2,150.47,delivered
6740,8b6eBe684a6E5Af,2025-08-09,Keyboard,Electronics,2,2610.75,paid
6741,6316F4Eb9c8Ec34,2025-01-01,Keyboard,Electronics,4,2934.16,created
6742,487e81E75B11cf4,2025-10-24,SQL Guide,Books,2,1874.23,shipped
6743,2F2cBB5Fe91dBa0,2026-02-21,Sneakers,Clothing,5,2010.65,delivered
6744,5Db940a957a9fbD,2026-02-11,Jeans,Clothing,2,1713.68,delivered
6745,fcfEDcf4EE985Be,2024-12-04,Jeans,Clothing,2,370.61,cancelled
6746,79A7Fd24b68D340,2025-01-17,Machine Learning,Books,1,1070.26,shipped
6747,48E920be5497Aed,2024-08-25,Sneakers,Clothing,1,2835.0,paid
6748,cF1fEb7286Edc16,2025-10-12,iPhone,Electronics,5,629.64,delivered
6749,7ECcef28184AD71,2026-04-13,Monitor,Electronics,1,2869.85,shipped
6750,DBb5DdAdCeb5DeC,2025-07-05,Monitor,Electronics,2,2547.71,created
6751,4cad05A3A00bBaB,2025-01-17,SQL Guide,Books,1,2430.56,cancelled
6752,e28A8BefFd631aF,2024-06-20,Keyboard,Electronics,3,849.97,paid
6753,1C10d8ca61Ba4ca,2026-04-21,T-Shirt,Clothing,1,1648.04,paid
6754,4E5Df9D34BACfdb,2024-10-05,T-Shirt,Clothing,4,2240.17,paid
6755,D03e98f5392bF95,2026-04-21,Monitor,Electronics,4,217.5,shipped
6756,e1aB0c0a83dAD31,2026-01-11,Python Book,Books,1,2635.44,cancelled
6757,bA9feE0f23718a4,2024-08-23,Monitor,Electronics,3,2662.41,created
6758,d6FDEe87cadbA5d,2024-10-03,Machine Learning,Books,5,503.97,cancelled
6759,AE65D9d34ee502E,2026-02-01,Monitor,Electronics,5,2547.15,shipped
6760,86CA67cEebc5cfd,2026-04-25,T-Shirt,Clothing,2,1673.22,shipped
6761,3566a73b3a5e357,2024-07-08,Python Book,Books,5,2424.9,shipped
6762,D246AFC7bC95c23,2025-10-12,iPhone,Electronics,1,2947.15,shipped
6763,8dbFcd9Ae5e4EE8,2025-10-22,Python Book,Books,5,2518.53,created
6764,07f32aFFff3eC5a,2025-05-23,Monitor,Electronics,1,1361.63,cancelled
6765,0EAA8b6Ec4bBcF7,2024-08-18,Jacket,Clothing,4,2321.43,paid
6766,0D5E04c8efA14E0,2025-09-16,Jeans,Clothing,2,2567.54,cancelled
6767,6be7B3Af7fBD294,2024-11-01,Keyboard,Electronics,2,1536.87,delivered
6768,a5b3f37b6c4b5D8,2025-11-16,T-Shirt,Clothing,5,389.7,created
6769,DABaEf47C31CC3F,2025-12-12,T-Shirt,Clothing,3,2129.13,shipped
6770,cD9543cf82AEacf,2024-06-19,Laptop,Electronics,4,2172.63,paid
6771,33ccbcEA99bE4Bc,2025-10-26,iPhone,Electronics,2,622.5,delivered
6772,D1E88eEFA2CFF1F,2025-07-02,Headphones,Electronics,1,1293.79,shipped
6773,BFeBcE64faEDeDC,2024-05-14,iPhone,Electronics,2,1571.81,cancelled
6774,EF480c3b41D76fb,2025-03-12,Keyboard,Electronics,4,99.1,cancelled
6775,C9Ced0A0A63dfeF,2025-09-18,iPhone,Electronics,5,2656.18,created
6776,EDF934fd7fF7a6E,2025-11-20,Data Engineering,Books,5,2195.14,delivered
6777,18BaDcfFe9f47fA,2025-07-18,T-Shirt,Clothing,3,90.16,paid
6778,4e7a9cEe2FBdAeF,2026-02-28,Headphones,Electronics,1,432.16,delivered
6779,54b4f87EE6C19B0,2026-01-28,T-Shirt,Clothing,4,1468.9,created
6780,8FB436be1A8Ac78,2026-04-29,iPhone,Electronics,2,808.53,paid
6781,C4a0c174Eb5Dcf7,2025-07-14,SQL Guide,Books,5,1179.09,delivered
6782,21a2c55ccEc7FaC,2025-10-19,Headphones,Electronics,2,661.52,created
6783,0affd06F6baBa9c,2025-08-04,Jeans,Clothing,5,1726.91,cancelled
6784,6Da0f9AF74CDC5C,2025-06-05,Jacket,Clothing,2,101.25,delivered
6785,8cC88ddE1dEec4c,2024-12-31,Machine Learning,Books,1,2097.62,created
6786,fDfFF89cCfFbb6D,2026-03-19,Monitor,Electronics,3,1687.3,paid
6787,B52eDAebB9E06DD,2024-06-14,Sneakers,Clothing,3,2498.02,paid
6788,eC2e62c57e0fcd6,2024-05-23,Headphones,Electronics,4,1848.11,created
6789,fe28bddFffd73b8,2025-06-11,Jeans,Clothing,3,712.99,shipped
6790,bA2caeb13da8DC8,2025-02-11,Data Engineering,Books,5,2193.21,shipped
6791,593f0dB307874CA,2024-05-29,T-Shirt,Clothing,2,1214.61,paid
6792,1B8c8d0694Df4b4,2024-10-29,iPhone,Electronics,2,1372.04,paid
6793,01EfAFf3a7a2e60,2024-05-11,Machine Learning,Books,1,1548.18,cancelled
6794,46Fb1CaCEFB1AE0,2024-12-09,SQL Guide,Books,1,2611.53,created
6795,8bEADDeFE4fefD4,2025-02-21,Jeans,Clothing,2,2327.78,created
6796,6b67e0Db88eb0Fc,2025-11-08,Sneakers,Clothing,2,2027.83,created
6797,1C895EFAC8AF00b,2024-06-26,Machine Learning,Books,5,2609.72,shipped
6798,4C1Ed380e2b37d2,2025-12-01,SQL Guide,Books,1,525.63,cancelled
6799,a7ED8210080Bc07,2025-08-21,Laptop,Electronics,3,970.48,created
6800,478bA3101cFC05E,2025-01-06,Keyboard,Electronics,3,43.12,paid
6801,E4FFF83edFFEDCC,2025-12-05,Data Engineering,Books,1,2061.89,paid
6802,3F1d4B73D8c40E5,2025-11-12,SQL Guide,Books,5,2268.23,shipped
6803,4aAdE565A03DEfE,2026-03-12,Headphones,Electronics,3,2052.69,paid
6804,4017CFBe67C1008,2025-10-31,Python Book,Books,3,1404.86,shipped
6805,9bb7F9aC9DB4fAF,2025-02-27,Sneakers,Clothing,5,2471.0,cancelled
6806,Ad7Dac6AE3edcd8,2025-09-21,Headphones,Electronics,1,1654.74,created
6807,69C4Dcd7b5e6E0D,2024-10-28,Python Book,Books,2,63.29,delivered
6808,2DffeD5FB2FAAbc,2024-07-01,T-Shirt,Clothing,1,2233.43,shipped
6809,bAdbdC2C746E944,2025-02-18,Data Engineering,Books,2,865.0,paid
6810,F6fEd5dFeeAAEb7,2024-12-25,Data Engineering,Books,3,200.28,delivered
6811,7ADDe55cFc60F6F,2025-11-13,Keyboard,Electronics,3,488.62,created
6812,8cEE5D6faE6F63a,2024-06-05,Machine Learning,Books,5,2866.27,paid
6813,1Fd7E634ff48A35,2024-12-12,Jeans,Clothing,4,191.29,created
6814,B9b4D2Dfe4cf34F,2024-09-07,Machine Learning,Books,1,2739.24,created
6815,fA8fCDBfe8f2Cc1,2025-09-12,Keyboard,Electronics,4,121.26,cancelled
6816,8A0f5fcB0D81A1B,2025-10-06,Python Book,Books,4,1283.06,paid
6817,314eCb28A7f5e25,2024-09-03,Machine Learning,Books,5,975.06,paid
6818,3353bdD79B2Af0C,2026-03-03,Python Book,Books,4,2056.27,shipped
6819,95D2a60D6dC13AD,2024-10-08,Machine Learning,Books,5,303.97,created
6820,2AbB9D8b4906Ca7,2024-09-30,Jacket,Clothing,5,1755.44,paid
6821,D0AfC792Ee52c47,2024-08-07,Python Book,Books,4,2979.67,paid
6822,C64bEEb3c128C5B,2025-08-08,Jacket,Clothing,1,2447.4,shipped
6823,f4F5B2dB1fc654f,2024-08-09,Monitor,Electronics,2,1704.84,created
6824,ECDB693731B2004,2024-12-30,Headphones,Electronics,2,1997.55,cancelled
6825,684Ce23cA7d2Be1,2024-08-07,T-Shirt,Clothing,4,1287.96,created
6826,f36A2021bBaee5d,2025-04-26,Monitor,Electronics,5,2547.83,shipped
6827,B03D3CAbF3E2Cfb,2025-10-24,Machine Learning,Books,2,583.59,delivered
6828,3f865BbDBd6fDbA,2026-01-19,Jacket,Clothing,1,1891.48,paid
6829,6FB07cAcbf75a7F,2025-01-22,Laptop,Electronics,3,412.92,cancelled
6830,2EA5f9BA724A6ca,2024-12-20,Sneakers,Clothing,2,1533.5,created
6831,Ca0Dc3885fAc9fe,2024-11-13,Sneakers,Clothing,5,2704.37,cancelled
6832,CFB4a290fC07cdD,2025-10-08,Jacket,Clothing,3,1139.23,shipped
6833,fFDc863DB41F502,2024-06-03,Headphones,Electronics,5,2360.83,cancelled
6834,ec31a9baF6F4b5e,2026-03-18,Machine Learning,Books,1,1024.58,cancelled
6835,A236d07695fbA5E,2024-07-10,Monitor,Electronics,2,1365.74,paid
6836,dFfa19fcA81aaB3,2025-08-26,Jacket,Clothing,5,2236.96,delivered
6837,c2bE71e2719d81C,2025-01-20,Monitor,Electronics,1,1258.71,cancelled
6838,0A6528fDd95FE97,2026-03-14,Monitor,Electronics,4,1417.85,shipped
6839,aCeBE1838209Ac4,2026-02-12,T-Shirt,Clothing,1,2172.47,cancelled
6840,1dba1E66AdD8EBf,2024-05-16,Sneakers,Clothing,1,1134.96,created
6841,0efB7bB4ef5D137,2025-05-17,Machine Learning,Books,2,942.28,created
6842,f0A1B9B822CAD37,2025-09-26,Data Engineering,Books,4,1732.45,cancelled
6843,d9bfEB984581aD6,2024-09-09,SQL Guide,Books,5,1978.39,created
6844,bB2D881Bdc5BD0e,2026-03-05,Python Book,Books,2,2457.73,delivered
6845,f055B6cBB5ac16B,2024-09-30,Jacket,Clothing,5,1194.73,paid
6846,8F1A78Ec7af675f,2026-04-15,Monitor,Electronics,4,630.18,delivered
6847,FD7e213A4020FDe,2024-08-11,Monitor,Electronics,4,596.68,shipped
6848,ae1Fe40d6f8FFA5,2025-03-19,Jeans,Clothing,3,154.97,delivered
6849,EEA8870F3d9A7bE,2025-02-02,Sneakers,Clothing,2,1610.22,cancelled
6850,eDd6d67C02d7Cc4,2025-12-23,iPhone,Electronics,3,120.89,paid
6851,A026ffd605A83B8,2025-02-17,Headphones,Electronics,2,1003.78,cancelled
6852,F40FbAB8a3897E9,2025-04-03,Machine Learning,Books,2,2439.03,cancelled
6853,D14AD5BC1cD6070,2025-07-25,Python Book,Books,3,238.8,delivered
6854,0a4dEc3df4edBa7,2025-06-14,T-Shirt,Clothing,1,1575.5,shipped
6855,91377dda77AEf59,2024-11-28,iPhone,Electronics,5,2832.82,cancelled
6856,e4f3613a1DEF9da,2024-09-10,Jacket,Clothing,2,2206.04,cancelled
6857,C3aEdBEdC0e0161,2025-07-15,Jeans,Clothing,3,1449.53,created
6858,8ac06a7FA96b6eD,2024-06-20,Python Book,Books,2,1115.34,paid
6859,358379ADEAD0B25,2025-12-01,Data Engineering,Books,5,1571.95,delivered
6860,1E8Da2FdBEf3edd,2025-05-24,Laptop,Electronics,1,856.79,paid
6861,EceFf8D3B86050f,2024-08-25,Jacket,Clothing,5,860.15,paid
6862,Bb4CFbE284E8dBa,2025-11-27,iPhone,Electronics,5,1749.19,paid
6863,bD8eC69ec062e3B,2025-12-18,Monitor,Electronics,2,1642.4,shipped
6864,9F9aBC779a2d0cD,2024-09-25,Python Book,Books,4,2309.85,cancelled
6865,9fccDaD99B14836,2026-03-08,Sneakers,Clothing,1,1813.89,shipped
6866,503dEF3E0B37F4B,2025-09-11,iPhone,Electronics,1,2578.39,shipped
6867,342c2b4F41EEc5f,2025-09-23,Data Engineering,Books,5,1916.66,delivered
6868,4B4ea49963EBE39,2025-03-23,Jacket,Clothing,5,848.53,shipped
6869,DafBC70fcd09595,2025-06-11,Keyboard,Electronics,2,769.51,cancelled
6870,1C6D6943aE03f25,2025-12-09,Jacket,Clothing,2,1983.26,delivered
6871,Cc6326798449688,2025-04-07,Jacket,Clothing,2,1339.36,shipped
6872,FCCdEAc7b71aD6F,2024-12-12,Python Book,Books,1,549.21,paid
6873,464EAaAb83febEB,2026-01-31,Headphones,Electronics,3,2065.03,delivered
6874,68Dd2f9d6c6F963,2025-04-22,Jeans,Clothing,3,2212.98,created
6875,bB72EA7F6Dd4d0e,2024-07-24,Data Engineering,Books,3,2477.29,cancelled
6876,C280e1B9fCE20c5,2025-10-19,Jacket,Clothing,4,298.44,cancelled
6877,efb7FbEF7dED631,2025-08-23,SQL Guide,Books,1,2905.87,shipped
6878,df05697daf55e88,2024-11-04,Jeans,Clothing,4,567.4,delivered
6879,78C8aB14EDb5Bb6,2024-10-16,Laptop,Electronics,2,644.92,delivered
6880,6dF26FC0bd4d4EF,2024-06-28,Monitor,Electronics,2,162.65,shipped
6881,79fb9DBca46BbEe,2025-11-27,SQL Guide,Books,2,856.3,shipped
6882,D6Ede2b3DF15E0e,2025-11-30,Python Book,Books,2,1036.21,shipped
6883,A7FfA470999CCd8,2024-07-16,Jeans,Clothing,5,1027.1,delivered
6884,dECbA9d0eC03b1f,2024-08-03,Data Engineering,Books,4,26.63,paid
6885,2BCFfEBda2D4cE2,2024-06-01,iPhone,Electronics,5,2603.06,delivered
6886,F89721de69A19e9,2026-01-08,Data Engineering,Books,1,2302.88,delivered
6887,b75fe9cf98458Cc,2025-01-03,Laptop,Electronics,5,1178.39,cancelled
6888,FEec68aE4Df840b,2025-09-09,T-Shirt,Clothing,5,682.01,delivered
6889,f353514cF1F2dbB,2025-08-18,Data Engineering,Books,3,2809.83,delivered
6890,CFFBF6666D9ACCa,2026-02-17,Machine Learning,Books,2,1907.42,paid
6891,ec1e735dA4bcD3B,2026-03-10,Laptop,Electronics,4,1774.67,paid
6892,91dDBef6B5eBD5e,2024-07-27,iPhone,Electronics,3,1480.25,cancelled
6893,a13aB9F2DCEBaE0,2024-08-16,Laptop,Electronics,2,1393.18,created
6894,F5A1386f0e7BaFB,2024-12-09,Machine Learning,Books,3,910.52,shipped
6895,05900E50ae843dE,2025-03-03,Python Book,Books,5,1185.15,created
6896,f2C5CFacDE4fcaB,2024-07-14,Keyboard,Electronics,1,691.01,shipped
6897,aDF6dF3FdBcAf3F,2024-07-24,T-Shirt,Clothing,4,393.95,shipped
6898,A43CD0daee2B9B5,2025-06-01,Headphones,Electronics,1,2436.84,paid
6899,aeD6B09409fEdD2,2026-04-13,Sneakers,Clothing,5,66.64,shipped
6900,0d5b9c6Ec5cE991,2024-07-23,Data Engineering,Books,2,1448.56,delivered
6901,5596AFCB08FABAB,2025-06-06,Monitor,Electronics,2,1682.45,created
6902,10fd802ed2a8F0b,2026-04-19,Headphones,Electronics,4,189.77,shipped
6903,e86BFCD0CE7e955,2025-02-01,Laptop,Electronics,1,1186.08,paid
6904,Fe2abdF110a2690,2024-05-29,T-Shirt,Clothing,3,1639.42,paid
6905,3F3e7dBfaB4EDb6,2025-07-30,Headphones,Electronics,1,2205.8,paid
6906,1Dcfd84b4EDeBb6,2025-05-15,Jeans,Clothing,2,955.46,delivered
6907,dbC40FdBF69d572,2024-11-22,Monitor,Electronics,3,86.88,paid
6908,e8d63aA95D8cdE9,2025-07-31,Jeans,Clothing,2,123.73,delivered
6909,A5eFA09E5630184,2025-06-20,Keyboard,Electronics,5,1930.35,created
6910,E8fBD1deeAB5D17,2025-11-10,Jeans,Clothing,2,2111.83,paid
6911,ead9AdeF7b21BA4,2026-02-02,Machine Learning,Books,1,327.97,created
6912,8a877B93E2A808D,2025-11-21,iPhone,Electronics,1,1746.42,cancelled
6913,D4da3624C0F09CA,2025-07-28,Jacket,Clothing,5,2284.72,delivered
6914,0F7ABBd8BFBDBB5,2025-08-02,Laptop,Electronics,1,1071.51,shipped
6915,Ea6fDee7F6ffd8E,2024-09-28,iPhone,Electronics,4,136.76,cancelled
6916,e4d44b044De543d,2025-07-18,Keyboard,Electronics,5,376.39,created
6917,b686f7d7b64cc00,2025-09-03,T-Shirt,Clothing,5,1144.77,paid
6918,adA0eb2EcC58b4F,2025-08-12,Monitor,Electronics,4,30.46,shipped
6919,083A73710e91E3F,2025-02-08,Jacket,Clothing,1,654.58,delivered
6920,fF1DfC795ffc105,2024-09-21,Machine Learning,Books,4,2964.84,paid
6921,cCbA8DB3B18AaFf,2024-10-17,Data Engineering,Books,5,335.16,paid
6922,5D9bAc8210b2bDE,2024-10-18,Sneakers,Clothing,1,102.13,delivered
6923,aaE5e560587fAEc,2024-09-20,Laptop,Electronics,4,33.13,cancelled
6924,f2B34AA2F264EfD,2026-03-18,Sneakers,Clothing,2,1581.17,paid
6925,8C4CA1e19FeFA2d,2024-10-03,Laptop,Electronics,1,2708.66,created
6926,3b09eD983fc4055,2024-05-14,Jacket,Clothing,4,60.15,paid
6927,1FeA75268bA9e8e,2025-07-28,Headphones,Electronics,4,2221.93,created
6928,e16e61ee0201D88,2025-08-07,Keyboard,Electronics,2,859.64,created
6929,a1DEEDc5Cf67b8E,2025-03-12,Jacket,Clothing,1,2046.34,shipped
6930,E6BD2c3080Df0BE,2026-02-14,Monitor,Electronics,5,1868.54,created
6931,8beE55cb7753af3,2025-10-23,Sneakers,Clothing,1,617.07,shipped
6932,85710beCE4CAafE,2025-04-27,SQL Guide,Books,1,2003.76,cancelled
6933,D7cF2E393BA4b78,2025-08-15,Jacket,Clothing,2,2928.63,created
6934,29E3fE66Be4edCa,2025-06-28,Keyboard,Electronics,2,2013.45,cancelled
6935,A3FcD684380A88b,2025-08-29,Sneakers,Clothing,1,2428.01,delivered
6936,e6aAd0DA93feB08,2025-07-07,Jacket,Clothing,3,1831.13,delivered
6937,Abd60C54d15107B,2025-04-21,SQL Guide,Books,5,13.59,shipped
6938,D3aBBCaEEf96f7D,2024-12-27,Machine Learning,Books,3,205.15,paid
6939,AF891bbb1b74aE2,2024-06-18,Headphones,Electronics,1,406.6,delivered
6940,EFEFFdc022Fb6bC,2025-03-15,T-Shirt,Clothing,4,140.65,delivered
6941,0cEbAC3faD08fD0,2024-07-17,Python Book,Books,2,1335.85,created
6942,8Ea9B3f99edaCff,2025-04-19,Machine Learning,Books,2,2000.7,delivered
6943,eB4f05aCEE38aDF,2025-12-10,Jeans,Clothing,1,1535.83,delivered
6944,6cBaa04E9d07eb3,2026-04-30,Machine Learning,Books,3,1166.09,shipped
6945,0729b2FdB07508b,2024-07-08,Data Engineering,Books,2,1942.36,delivered
6946,Af2bf87E92EFFEa,2025-03-24,Jacket,Clothing,2,775.35,created
6947,e1eD8EeefE876ed,2025-03-31,iPhone,Electronics,3,1757.79,cancelled
6948,DBd4fDAce7a70e2,2025-06-11,Laptop,Electronics,1,1720.6,delivered
6949,f6bC40Bc298dcc2,2025-09-24,T-Shirt,Clothing,5,2551.42,shipped
6950,392Ba75DBBD0F83,2024-06-14,Laptop,Electronics,2,433.33,paid
6951,0b7D7fbb0a17759,2026-01-16,T-Shirt,Clothing,5,406.22,shipped
6952,EA5fb5b3AdDCe4B,2025-09-02,Laptop,Electronics,5,1870.04,created
6953,c9CcdC526Fa453c,2024-12-22,Keyboard,Electronics,4,1366.49,created
6954,c6c3AF8e93b8a2E,2025-01-21,T-Shirt,Clothing,1,1910.23,cancelled
6955,f2b0f9fb59c8CDc,2025-08-09,Python Book,Books,5,2039.2,shipped
6956,7d7AdE4DFdCF38C,2024-09-06,Machine Learning,Books,1,1165.68,paid
6957,2D6d856718230DA,2026-04-01,Sneakers,Clothing,1,2201.92,shipped
6958,85eA788A1c5A830,2025-05-10,Jacket,Clothing,4,2201.06,paid
6959,30Eee82aD8FfABf,2025-10-10,Jeans,Clothing,1,901.37,delivered
6960,cF8a9BB0AA1Ac8F,2024-08-15,Laptop,Electronics,5,1373.99,paid
6961,634f901aE3DC8C9,2024-12-14,Headphones,Electronics,5,1340.53,cancelled
6962,AD7ADFcA0Cd6a45,2025-08-02,Jacket,Clothing,1,1253.31,delivered
6963,cacEeA3bDaaFbaA,2025-09-13,Keyboard,Electronics,3,1693.14,cancelled
6964,6d16Bb8B4c2eA2c,2024-05-11,iPhone,Electronics,3,2683.24,created
6965,c42044AdC9759FD,2026-01-23,Jeans,Clothing,3,1288.61,created
6966,bdA8D6A3B0C3ACf,2026-02-21,Monitor,Electronics,2,2351.27,paid
6967,D7AD4b171C8cCB1,2025-01-10,Data Engineering,Books,4,959.49,shipped
6968,E90AAb7fAAf2Aca,2026-02-19,Machine Learning,Books,2,1648.3,paid
6969,3Bc42Cd7d48d50c,2026-01-23,T-Shirt,Clothing,4,2201.63,shipped
6970,B4fFFbFD30D0397,2025-06-02,Jeans,Clothing,5,1808.7,created
6971,2c6cF07ce0C1CfA,2025-10-14,Jeans,Clothing,1,1701.5,created
6972,f30BD8CcBCF1f41,2025-07-31,Jeans,Clothing,2,868.05,created
6973,ada6d9235Ee4bA6,2024-09-05,Machine Learning,Books,4,2625.45,delivered
6974,0dB66b6667e84a5,2025-02-18,Sneakers,Clothing,4,2685.43,created
6975,94b83ef8ff85923,2024-12-27,SQL Guide,Books,2,1376.84,shipped
6976,9Ef91AEE034dA3C,2024-11-03,Jacket,Clothing,4,426.68,cancelled
6977,d3cDCBF4Cc9aEa0,2025-02-18,Keyboard,Electronics,2,1749.21,paid
6978,E8bfE0DB4d8a6D4,2024-06-11,Monitor,Electronics,3,2110.72,shipped
6979,1aDf3Da88bf203c,2025-02-07,Jacket,Clothing,2,829.7,delivered
6980,BD3E762f45fF63B,2025-11-19,Monitor,Electronics,3,1950.5,shipped
6981,Ee6aa5C237B3fbd,2025-08-25,Monitor,Electronics,1,241.81,paid
6982,A458bc47718e78e,2026-03-22,Jeans,Clothing,4,2127.91,shipped
6983,7845e15776f7dC6,2025-10-31,Jacket,Clothing,5,2922.76,created
6984,bdC2bb9ABaEDbCf,2024-08-14,Machine Learning,Books,1,2751.42,cancelled
6985,2F16c30d5d3fcaC,2024-08-05,Machine Learning,Books,2,1620.24,shipped
6986,73ADca2EE0ED283,2024-08-08,Sneakers,Clothing,1,311.83,created
6987,37AD9Db66ACFacE,2026-02-12,Data Engineering,Books,2,1784.6,shipped
6988,f1a7A428bD5DDab,2025-12-12,Jeans,Clothing,1,2612.99,paid
6989,6EdE742DD688DBf,2026-03-24,Jacket,Clothing,1,2700.97,cancelled
6990,CbE9a00Bbb6e3Ae,2025-10-14,Jacket,Clothing,5,1334.18,cancelled
6991,26Ae43FA2afDA1b,2024-08-18,SQL Guide,Books,4,2884.43,delivered
6992,eAbC1Ef86c6Ba79,2025-09-13,Headphones,Electronics,4,2046.48,cancelled
6993,31De5CdDc192D1e,2025-04-29,Sneakers,Clothing,1,765.86,created
6994,92F3CaaB7bd9588,2024-12-29,Sneakers,Clothing,2,2961.7,delivered
6995,3AA7d26856F7FCE,2025-01-14,Jacket,Clothing,2,2993.92,delivered
6996,f2ff86cD74Ed762,2025-07-29,T-Shirt,Clothing,3,297.42,paid
6997,4DAF59c8BE3c12E,2025-04-07,T-Shirt,Clothing,3,2720.21,delivered
6998,B2B4d51A86e5DBa,2025-03-05,Machine Learning,Books,3,591.86,created
6999,0CAE17fC03EA8Ca,2026-03-19,Laptop,Electronics,1,1439.93,delivered
7000,EeA40dDcbbfcFaC,2025-12-20,Headphones,Electronics,3,1449.51,shipped
7001,dAa96EbdF5B4DF4,2025-08-13,T-Shirt,Clothing,1,316.14,delivered
7002,cAF8CD84CbC6a3e,2026-02-22,Jacket,Clothing,1,1405.85,delivered
7003,EfD4e6dc999e518,2025-07-04,SQL Guide,Books,5,1882.69,created
7004,25DC53fAB7ddF82,2024-06-18,Laptop,Electronics,2,1871.09,cancelled
7005,FF827ff7FCAf5E8,2025-11-17,Monitor,Electronics,2,419.13,paid
7006,A2F7FE1F9E3eC65,2026-01-26,Headphones,Electronics,3,1719.87,cancelled
7007,87cFAEc0eE8A82a,2024-08-07,Jeans,Clothing,1,2858.07,cancelled
7008,B1Da1BBdFbf60c1,2025-12-31,Machine Learning,Books,1,2514.36,paid
7009,fe6E0B9a7710505,2024-09-07,Monitor,Electronics,4,2368.09,shipped
7010,92AfAad8cFEc5B1,2026-01-02,Monitor,Electronics,1,1289.4,paid
7011,D6FABDBF6A2BCdB,2025-03-25,Machine Learning,Books,3,2249.55,created
7012,5FBAAAFB3A2afBf,2025-01-07,Python Book,Books,3,550.34,paid
7013,c186DD3Dd74819a,2024-10-16,Data Engineering,Books,4,1494.74,shipped
7014,5d7FecbD4fAc0f2,2024-11-04,Data Engineering,Books,5,2386.12,delivered
7015,32d5db602037af7,2026-03-18,Machine Learning,Books,1,560.24,delivered
7016,fE72BC7d9e7da76,2026-05-07,Sneakers,Clothing,5,866.33,cancelled
7017,CE0A13168a54eBb,2025-10-03,iPhone,Electronics,4,243.33,paid
7018,792BCF30FB4feDd,2024-10-20,Keyboard,Electronics,4,2715.23,paid
7019,FfDBdd5AA7d7e2E,2026-05-03,iPhone,Electronics,5,966.14,created
7020,79aC0A7fEFbcC57,2026-03-18,Laptop,Electronics,4,830.54,paid
7021,C0BDbd8d3DA4FFB,2025-03-13,T-Shirt,Clothing,1,2936.16,created
7022,ac3b80AcEEB6fED,2025-08-21,Jacket,Clothing,3,394.01,created
7023,7fEace7032d7AE5,2024-09-26,SQL Guide,Books,1,1557.94,paid
7024,d2dCEBaD7a8b9D9,2025-07-11,Jacket,Clothing,2,743.46,created
7025,Dffd97dDa0fec19,2025-09-13,Sneakers,Clothing,5,1380.75,created
7026,ADaebd1518E25d1,2024-11-30,Jacket,Clothing,2,2900.38,delivered
7027,aFEF73ccccF1fe1,2024-07-08,Keyboard,Electronics,3,1846.73,created
7028,9Ca8De463ad7ffb,2026-02-26,Data Engineering,Books,3,82.84,delivered
7029,278cdEe3B047167,2024-08-27,Jacket,Clothing,4,2485.72,shipped
7030,834de9d51e0BD66,2025-02-17,Sneakers,Clothing,4,2015.91,created
7031,1bEd3dEfd8Fddc9,2025-03-12,Jacket,Clothing,5,1789.53,delivered
7032,d12727e39Dcd004,2026-02-09,Jacket,Clothing,4,1501.98,shipped
7033,9b882fAFAEb053B,2024-12-13,T-Shirt,Clothing,1,22.09,delivered
7034,bb55C748c0C26E5,2024-12-18,T-Shirt,Clothing,4,2995.84,created
7035,4Db4A573fa8ffcf,2025-06-26,Data Engineering,Books,1,2830.82,cancelled
7036,Ec06F556Af730D3,2024-06-20,Headphones,Electronics,3,1803.82,shipped
7037,5C204f8bfcEdFbc,2024-08-20,Data Engineering,Books,5,2832.72,shipped
7038,5a1624E5f0Cae79,2026-04-25,Jacket,Clothing,2,2152.09,shipped
7039,BcACfe2C3E8A9aB,2025-10-29,iPhone,Electronics,3,1032.71,cancelled
7040,cca8e3d57eC99ba,2026-01-28,iPhone,Electronics,4,1885.34,shipped
7041,C2cAE71f1aE648C,2026-03-08,Laptop,Electronics,3,1133.92,cancelled
7042,90f2e13ae76aC9b,2024-12-19,Machine Learning,Books,2,375.97,cancelled
7043,d2EFC5fD65DdCDa,2026-03-31,Headphones,Electronics,3,1866.38,delivered
7044,52F0d88BF4EC41F,2024-12-17,Jeans,Clothing,4,356.17,created
7045,E87C70E1d9D26A3,2024-09-23,Laptop,Electronics,4,1296.31,paid
7046,a1030a876887B3E,2024-10-30,Monitor,Electronics,3,584.41,created
7047,8792ABf7c35D869,2025-08-25,Keyboard,Electronics,2,1742.8,created
7048,8fa40bb6F911Eb8,2024-05-08,Python Book,Books,4,708.69,shipped
7049,39Ba49ab392815e,2025-12-13,T-Shirt,Clothing,5,641.45,shipped
7050,D2Ee2A234a6Ab5f,2025-12-11,Sneakers,Clothing,2,235.75,paid
7051,Ca1E71FaF65DcD9,2024-07-18,SQL Guide,Books,1,2293.0,paid
7052,1FCC45Cf39b1475,2024-05-28,Laptop,Electronics,4,253.42,paid
7053,3ff26c9C75eCaD8,2024-11-26,Keyboard,Electronics,4,2396.51,cancelled
7054,59Ab5bdCdd87D44,2025-12-13,Monitor,Electronics,3,1668.5,delivered
7055,B0d2f4Ca0fd4c76,2026-04-28,T-Shirt,Clothing,1,2682.27,delivered
7056,Bceda87Afe8DB1A,2024-10-23,Laptop,Electronics,1,2447.57,shipped
7057,8b2a4b11daB1e97,2024-11-20,Machine Learning,Books,2,842.38,cancelled
7058,BDA27Cdc5AEB7ED,2025-12-23,Data Engineering,Books,5,2141.86,cancelled
7059,4536c2Ee02CEDfB,2025-05-03,Data Engineering,Books,4,1945.64,cancelled
7060,6e4e5dD4AE2cbbB,2024-07-05,Python Book,Books,5,2109.34,delivered
7061,25e9f945dabF902,2025-11-25,Jeans,Clothing,2,2550.08,shipped
7062,aBB73E2fb14FdEC,2024-09-22,Sneakers,Clothing,4,2159.55,shipped
7063,Bcfcc9ad2EfEc82,2026-02-01,Laptop,Electronics,4,1421.23,cancelled
7064,a9c74D87bA0e98D,2025-10-12,Sneakers,Clothing,5,489.8,paid
7065,33DfcB7EbF4cF1c,2026-02-28,Machine Learning,Books,3,2289.11,created
7066,bd72ff4bD6B9CEA,2025-01-27,iPhone,Electronics,5,2942.68,shipped
7067,96aaDDC72496E6f,2025-07-30,Machine Learning,Books,3,1060.71,shipped
7068,3bAEFF50DEBD3bA,2026-04-12,Laptop,Electronics,2,1243.51,delivered
7069,cA4A4833ba69f65,2025-10-23,Python Book,Books,1,2591.22,shipped
7070,E9Da43ae5DFa9C0,2024-08-11,Sneakers,Clothing,2,803.28,created
7071,b83cE98c5CAccCa,2024-06-04,Headphones,Electronics,3,269.86,cancelled
7072,50FC94305B8Ec0a,2024-06-01,T-Shirt,Clothing,2,654.16,shipped
7073,5BaADDBB2f73AeA,2024-11-24,Keyboard,Electronics,4,420.05,cancelled
7074,fd7c6aBc1c1be9C,2024-08-05,Python Book,Books,4,498.78,delivered
7075,6FC5a2D3BcC4681,2024-08-06,Python Book,Books,1,102.03,shipped
7076,cEb61d688A2b91f,2024-11-08,Monitor,Electronics,2,636.61,created
7077,9cBc0Df7c35f84C,2025-05-11,Machine Learning,Books,2,2229.94,shipped
7078,82F91d65eE9B7b9,2025-07-27,Data Engineering,Books,1,2409.64,created
7079,FDf8a3e2Cd67bC2,2026-03-22,Sneakers,Clothing,5,2030.96,paid
7080,C3Cc24883F0D73B,2025-05-25,Data Engineering,Books,5,2000.15,delivered
7081,a43fEC4F1eba2eD,2025-06-10,Monitor,Electronics,5,725.77,shipped
7082,156Ae8e7c5d8CeA,2026-02-25,Python Book,Books,4,2693.07,shipped
7083,2BF9E5acCE42f06,2025-11-05,SQL Guide,Books,3,1521.58,delivered
7084,1b4dFC5AF6Ad455,2025-12-02,iPhone,Electronics,5,618.68,shipped
7085,1e87f2fD81C5cfC,2025-12-07,Keyboard,Electronics,3,2824.4,cancelled
7086,Ea66Ce0C6e717DE,2025-10-09,T-Shirt,Clothing,5,1657.51,paid
7087,Fea3DfD94cac0a6,2026-01-25,Python Book,Books,3,1937.29,created
7088,34aa7eE6c4BbDF9,2026-03-08,Headphones,Electronics,3,2079.91,created
7089,A73Ef951B04813A,2025-12-21,SQL Guide,Books,4,484.31,delivered
7090,D43FfEdCAaF5aCf,2025-03-16,Machine Learning,Books,5,738.63,cancelled
7091,F16D57EcfFbe3BD,2024-12-04,Keyboard,Electronics,3,1745.84,paid
7092,DefB8CF9aAcA3b6,2025-09-14,Python Book,Books,2,1888.53,created
7093,0d3bb29f536B6C3,2025-03-14,Jeans,Clothing,4,1944.55,cancelled
7094,ABaEebc86ac8ec6,2026-05-07,Jeans,Clothing,2,318.37,delivered
7095,7FbacbEB01Bead9,2024-10-11,Jeans,Clothing,3,2717.01,delivered
7096,7b1E32Ad0FbA899,2024-05-29,SQL Guide,Books,2,1749.74,paid
7097,13852dc5fedCB48,2025-10-25,Monitor,Electronics,1,661.69,delivered
7098,BEdB3DF1b0DDb17,2024-06-25,Headphones,Electronics,1,333.01,shipped
7099,7EedF2F5d1663bA,2026-04-18,Laptop,Electronics,4,157.79,shipped
7100,4A1aFC3bfD13E3A,2026-01-18,Machine Learning,Books,4,1679.5,cancelled
7101,AC9baADC203CE73,2025-01-13,Laptop,Electronics,3,166.71,shipped
7102,5DD07ddafb7F4Bf,2025-08-22,T-Shirt,Clothing,4,274.61,cancelled
7103,06CcB44EBbdD173,2025-12-24,Data Engineering,Books,3,915.61,cancelled
7104,34f9eB9afCf9FfA,2024-10-22,Headphones,Electronics,4,2359.32,delivered
7105,e061bccDeae0125,2025-03-08,Python Book,Books,2,1557.07,delivered
7106,7782b0FcdC5022a,2024-10-09,SQL Guide,Books,1,501.54,created
7107,f91723122e69ee7,2026-02-25,Laptop,Electronics,4,61.46,cancelled
7108,e1b59d86b8079B7,2025-12-22,Python Book,Books,3,2335.47,shipped
7109,eb4fbF91762917d,2026-03-12,Sneakers,Clothing,1,2737.74,delivered
7110,4B34AE9B8978eEF,2025-10-28,T-Shirt,Clothing,3,2061.13,paid
7111,A76946E5102aFEB,2026-01-10,Laptop,Electronics,1,2269.04,cancelled
7112,FCEb7A94ed8fAB5,2025-03-29,T-Shirt,Clothing,4,1467.69,created
7113,d0deA60750FEd0b,2024-07-21,Machine Learning,Books,2,864.64,shipped
7114,CEfd88dEcA634F3,2024-07-14,Monitor,Electronics,4,2951.0,paid
7115,2f54aD9c0AfF4B7,2026-01-17,Laptop,Electronics,2,1673.92,created
7116,e02bbC4EfE6cF9F,2025-10-26,Laptop,Electronics,2,2282.0,paid
7117,02d46567caF8cDb,2025-10-23,Jacket,Clothing,1,1652.68,paid
7118,CFe1b1942bc2E5F,2026-02-23,T-Shirt,Clothing,1,1871.32,paid
7119,DBE3D82F544cefd,2024-12-19,Jacket,Clothing,3,1689.86,cancelled
7120,d807Bd1bA4EDbC9,2025-11-08,T-Shirt,Clothing,2,1761.03,paid
7121,0a07A2d7c9Cc643,2025-12-25,Jeans,Clothing,2,212.09,shipped
7122,a546EdaFCBfe597,2025-11-13,Monitor,Electronics,3,2181.93,paid
7123,cD5E9dC5dE2ca59,2025-09-12,SQL Guide,Books,3,2163.68,shipped
7124,2fFCbc8a60add2F,2025-09-19,SQL Guide,Books,5,969.09,created
7125,3a8AB556a08F464,2024-07-27,Jacket,Clothing,4,213.58,delivered
7126,a23dDf7AA7CEE87,2026-04-15,Python Book,Books,5,904.08,delivered
7127,12dFafabc2535BB,2024-06-26,Keyboard,Electronics,2,1872.25,paid
7128,1D4ceBcdCb5587b,2024-09-16,iPhone,Electronics,2,2257.79,delivered
7129,35feDaabeeBfE8e,2024-12-17,T-Shirt,Clothing,4,304.42,shipped
7130,Fde9CD9CD4e8bac,2025-08-25,Python Book,Books,5,1212.63,cancelled
7131,Bc18cFAbD8cea3E,2025-07-07,Monitor,Electronics,4,1668.61,cancelled
7132,4e8279dBCC5aB6f,2024-06-30,Data Engineering,Books,1,2892.01,paid
7133,D50AC2cbb9BeBa7,2024-11-16,Jeans,Clothing,4,1228.23,cancelled
7134,DAdCD322A9B24a9,2025-06-18,T-Shirt,Clothing,3,480.56,created
7135,Cb5970eE4ae2FaE,2026-04-27,Sneakers,Clothing,1,981.67,created
7136,E10B1caf2ee45DE,2024-05-11,T-Shirt,Clothing,1,1950.99,shipped
7137,1EF2bB4cdEd0F33,2025-06-03,Keyboard,Electronics,3,1577.73,shipped
7138,cf3C34e0B9C566e,2025-01-18,Laptop,Electronics,5,1477.15,paid
7139,D73dcacEd8bfB3e,2025-05-06,SQL Guide,Books,2,396.31,paid
7140,b1D70099d07Fcca,2026-01-26,Keyboard,Electronics,5,39.23,delivered
7141,21DAf16EdCbcd2e,2025-06-27,T-Shirt,Clothing,1,682.33,paid
7142,535100fcbb3F73B,2025-02-25,Machine Learning,Books,5,1858.52,delivered
7143,e3257cca7B1F17B,2026-03-01,Machine Learning,Books,4,1972.26,cancelled
7144,AA9BEaBe6A75775,2025-03-05,Laptop,Electronics,4,213.25,shipped
7145,fFFBA28B31b4DC2,2025-11-26,Jacket,Clothing,1,2793.4,created
7146,720B1E2eB5EAfBE,2024-09-22,Machine Learning,Books,4,1428.66,created
7147,a7b20dC2f78CFbb,2024-05-26,Machine Learning,Books,2,1071.19,paid
7148,98A36Ca523Ef970,2024-11-01,Monitor,Electronics,3,973.36,cancelled
7149,0178cEAa35dd5CC,2025-03-11,iPhone,Electronics,5,408.52,shipped
7150,D860FcF4E2d5afF,2025-03-27,SQL Guide,Books,2,2311.34,shipped
7151,1F86Cbb900ddca0,2025-06-24,Jacket,Clothing,4,2366.81,shipped
7152,b2ce3dDf80dE78F,2025-03-06,Python Book,Books,2,2958.92,cancelled
7153,1BACEadfA3bB10A,2025-08-06,Laptop,Electronics,2,2260.18,cancelled
7154,1CFE3730Ff78Cf1,2024-11-10,Sneakers,Clothing,1,787.99,shipped
7155,9927a81b3112BE9,2026-03-07,Keyboard,Electronics,5,955.26,delivered
7156,635b68fcC38fb5B,2025-09-07,Monitor,Electronics,4,1075.89,shipped
7157,FCBB392f801caA3,2024-05-19,Jacket,Clothing,1,2722.84,paid
7158,992b9D2c3BcaFC9,2024-05-25,Keyboard,Electronics,1,1624.15,shipped
7159,C8D85443E21568d,2025-07-28,Keyboard,Electronics,1,1804.53,delivered
7160,3f5ceA2ce84CD0e,2026-02-26,Sneakers,Clothing,5,2923.39,delivered
7161,830e5aC03Bd2B07,2026-04-08,SQL Guide,Books,1,379.59,cancelled
7162,6abc5cBCDf05ACb,2025-07-25,Machine Learning,Books,1,2707.51,cancelled
7163,F587AA82A4ffd36,2025-07-23,Sneakers,Clothing,1,2113.19,created
7164,BFf505F5bf7198E,2024-10-17,SQL Guide,Books,4,1044.31,created
7165,0Fe18F84AC43Bbd,2026-04-28,Monitor,Electronics,5,245.15,delivered
7166,1b9aE1C374Af736,2025-01-13,Headphones,Electronics,4,1356.66,paid
7167,d68089D2eA63FD6,2025-11-16,Sneakers,Clothing,4,2426.35,paid
7168,4685bbbCE79f936,2025-10-28,Jeans,Clothing,4,2795.79,cancelled
7169,AD2635CEC718B5F,2025-10-01,Sneakers,Clothing,1,567.37,created
7170,55C9fE396Ac3ba7,2024-07-20,Python Book,Books,2,991.35,delivered
7171,da3eC8791fCEAAd,2024-06-28,Data Engineering,Books,3,558.32,cancelled
7172,fa7Abd16Cc3CEfe,2025-09-10,Python Book,Books,1,116.03,created
7173,ABd1F41aCfFbf27,2025-08-16,Headphones,Electronics,2,2160.04,created
7174,DF41d0eE83135aF,2025-01-09,Headphones,Electronics,2,535.39,created
7175,805acF8e92aC7DD,2024-11-27,Data Engineering,Books,3,1750.78,paid
7176,6E903b00abfC766,2025-12-11,SQL Guide,Books,5,411.1,shipped
7177,A44E560C6EFEb80,2024-07-14,iPhone,Electronics,4,1654.02,delivered
7178,D9A74A0dC3c9d8E,2025-02-05,Jacket,Clothing,2,436.05,delivered
7179,0B1eBfCFe8aDe37,2025-08-15,Monitor,Electronics,5,678.41,shipped
7180,07Eeb634b4AE13A,2026-04-16,Data Engineering,Books,2,25.51,cancelled
7181,118A1F36Abc0eA1,2025-04-29,Python Book,Books,4,393.88,paid
7182,eFDe1b074b7508b,2024-09-26,Keyboard,Electronics,2,2312.6,shipped
7183,dCeADb9d8EDEd6e,2025-01-15,iPhone,Electronics,3,2355.18,created
7184,F9FBDa883Fcf90D,2025-07-22,iPhone,Electronics,1,2816.96,delivered
7185,B00562d25F9f422,2025-08-05,Jacket,Clothing,2,2331.55,created
7186,48d1B8dB0D99145,2025-06-07,Jeans,Clothing,4,1240.64,created
7187,ad2b2fcdeA8B902,2025-10-01,Keyboard,Electronics,5,887.68,cancelled
7188,Fc54C2fD01E1112,2025-03-03,Machine Learning,Books,4,1692.74,delivered
7189,6AD2EEdaFFbC2Bc,2026-01-27,Keyboard,Electronics,3,1961.25,delivered
7190,D75CAcba41A5475,2025-07-27,Monitor,Electronics,3,177.16,created
7191,53e54BE47BAeD82,2025-12-23,Python Book,Books,4,1019.8,shipped
7192,0A0bc682bAb0930,2024-05-18,T-Shirt,Clothing,2,2723.35,cancelled
7193,F5Fc77bC6a7faA6,2024-05-10,Python Book,Books,5,1312.28,created
7194,e9FB1A5CfC39Bf9,2025-01-06,Sneakers,Clothing,4,2120.17,created
7195,1A7bF6Fe2cDBAbF,2025-09-08,Jacket,Clothing,3,947.86,delivered
7196,6a4c465F35CdecD,2024-10-11,iPhone,Electronics,5,2673.79,created
7197,2C9A270F2d50a74,2026-04-12,Data Engineering,Books,3,714.54,paid
7198,E8918D9c2e1e55a,2024-08-07,SQL Guide,Books,2,1437.51,delivered
7199,6AdE96Bb87ec5B3,2025-08-07,SQL Guide,Books,5,443.17,cancelled
7200,DA6f3FEa2215d7D,2024-05-28,Headphones,Electronics,1,520.74,paid
7201,d97F4B7F7A0c3CD,2025-02-09,Jeans,Clothing,3,778.72,delivered
7202,bf262a7EcDBc4EA,2025-02-04,Laptop,Electronics,2,2422.12,created
7203,8512beFaedb0bAa,2025-10-19,Jacket,Clothing,2,1432.62,cancelled
7204,93bBB4d9afFaB4E,2025-09-15,Data Engineering,Books,1,2648.99,cancelled
7205,F43888fa5966549,2026-03-17,Jeans,Clothing,3,1233.35,cancelled
7206,AB823a64D5ABFFF,2025-06-27,T-Shirt,Clothing,1,937.55,delivered
7207,ab04d995f67faf2,2025-03-23,Keyboard,Electronics,2,2349.53,cancelled
7208,248f1Cd3cfad86f,2024-12-06,T-Shirt,Clothing,3,2547.61,paid
7209,2D9Dc56bcccb6E3,2026-03-07,Jeans,Clothing,3,778.52,paid
7210,37BB6dbDFDF03b9,2025-10-08,Jeans,Clothing,2,905.19,delivered
7211,4a5Fb66FAcaA808,2025-03-20,Machine Learning,Books,1,2717.5,created
7212,A7E9C6b72Ad4CdA,2026-05-06,Jeans,Clothing,4,1770.46,shipped
7213,d3FdEeaC95ECAb2,2025-07-13,T-Shirt,Clothing,3,2433.13,paid
7214,fdb69fdea2Cb5ae,2025-02-19,Laptop,Electronics,2,348.95,shipped
7215,0fFEACeC7FB0C0B,2025-10-22,Laptop,Electronics,2,2298.58,paid
7216,11B7EcBccfe8B1b,2025-01-10,Python Book,Books,2,93.86,paid
7217,C3AE6eE92b118D1,2026-02-09,Python Book,Books,2,577.54,created
7218,BBA938FC365beEb,2025-05-28,Headphones,Electronics,5,2661.64,paid
7219,2c61f0b7bFE8cab,2025-06-20,Data Engineering,Books,5,184.8,paid
7220,1bEaB27bef7D5BB,2025-07-31,Jeans,Clothing,2,1455.38,shipped
7221,AAF2b65aB5AC2e1,2025-10-31,Machine Learning,Books,2,879.89,cancelled
7222,48EFD8efEd6f835,2024-05-26,Machine Learning,Books,5,418.16,paid
7223,f161edbAa8daAd2,2026-03-27,SQL Guide,Books,1,1311.66,paid
7224,f4bbAE9Ebcc5D47,2025-12-13,T-Shirt,Clothing,2,1149.86,shipped
7225,36CdB7a00adDEcf,2024-10-13,SQL Guide,Books,1,2830.05,shipped
7226,3D5fA8f13F76FB8,2024-11-07,Laptop,Electronics,5,1781.23,created
7227,3f61D1Ad6850e81,2025-12-20,Headphones,Electronics,2,37.31,shipped
7228,a02241d7b60e692,2024-09-08,Sneakers,Clothing,3,2181.3,created
7229,1d70FdA94AcE5b4,2024-08-07,Python Book,Books,2,2743.57,delivered
7230,ba16F898EcF1cCa,2025-06-04,iPhone,Electronics,1,594.44,shipped
7231,E2BbCEE7f09cf35,2025-12-08,SQL Guide,Books,1,1011.49,cancelled
7232,52C10E1adbB38Cc,2025-07-05,Laptop,Electronics,2,1320.16,delivered
7233,f1530EFcE345a13,2025-10-29,Data Engineering,Books,5,509.03,created
7234,16E581F2d396FBf,2024-07-10,T-Shirt,Clothing,4,287.71,paid
7235,A0F9Dce922Af3C9,2025-05-14,Jacket,Clothing,1,1876.82,created
7236,0691CfB94EB60F4,2025-04-19,Data Engineering,Books,1,1032.51,cancelled
7237,Fea7EC0cbcDdacF,2025-02-03,Data Engineering,Books,5,2831.61,cancelled
7238,904BaB6c3b7ee29,2025-05-13,Data Engineering,Books,1,2838.54,cancelled
7239,D1835Dd79bEC3eE,2024-11-20,Machine Learning,Books,5,50.73,paid
7240,A7A52adcF7e9E85,2025-08-16,SQL Guide,Books,3,1048.29,delivered
7241,50D495C4fBAA3a5,2024-09-09,Machine Learning,Books,2,118.39,shipped
7242,d696809712ADfCf,2025-06-05,Python Book,Books,3,2657.04,created
7243,08b1bDFfe5aFd1E,2026-02-11,Machine Learning,Books,3,2558.71,cancelled
7244,cf8D1Cbc39e7a66,2025-05-19,Laptop,Electronics,1,104.22,created
7245,dA64cccd4Cf45bD,2026-04-11,Laptop,Electronics,2,230.28,shipped
7246,b2E2B6af576CA9B,2025-04-13,Monitor,Electronics,2,1883.96,paid
7247,83D8D3D3C1e6139,2025-08-09,Jacket,Clothing,1,1888.94,created
7248,57BFbEE601cBEBF,2025-06-08,Sneakers,Clothing,3,1745.27,paid
7249,C3A4c5B69279C09,2026-02-22,Monitor,Electronics,4,962.31,delivered
7250,56B04A80ff4F2ba,2024-06-04,Data Engineering,Books,2,898.09,shipped
7251,fac9Bf2cAecD210,2026-05-02,Data Engineering,Books,5,2896.61,delivered
7252,1ee5cEB51c4d3cF,2025-09-04,Data Engineering,Books,3,1163.32,shipped
7253,C2a9aAdFabfD8ab,2024-07-14,Headphones,Electronics,3,1444.78,created
7254,c7c491Df19810cC,2025-11-30,Data Engineering,Books,4,1666.07,paid
7255,c5bA9ac17f317f2,2025-04-11,iPhone,Electronics,4,2110.52,paid
7256,a4aFB3d4B3CE19C,2024-09-05,Sneakers,Clothing,3,2088.35,cancelled
7257,2E7F5148adCBd5b,2026-01-11,Headphones,Electronics,1,2255.07,paid
7258,FE9BE03bc0B283b,2024-12-06,Python Book,Books,2,972.86,delivered
7259,dfd0F1b1aAFd3ab,2024-12-10,Machine Learning,Books,2,294.81,created
7260,722464aAaa73ef2,2025-02-19,Jacket,Clothing,2,1170.76,paid
7261,C3b8EeE13c22c54,2024-09-03,Python Book,Books,3,1551.84,paid
7262,F6cCbcCaEbC3773,2026-03-17,Data Engineering,Books,1,1428.65,cancelled
7263,18EdC5e494DdF4B,2026-03-14,Keyboard,Electronics,2,2706.5,cancelled
7264,EFe5D8Ada0db74C,2026-01-11,Laptop,Electronics,2,2137.35,paid
7265,071CC1339fB9dcb,2024-12-05,Jacket,Clothing,4,2513.98,cancelled
7266,DbDFF607B016ECB,2026-04-26,Jeans,Clothing,4,2723.85,delivered
7267,2b1A9adf5c13a9f,2026-04-09,Jeans,Clothing,2,1532.4,delivered
7268,9d2A50FEA4d9226,2024-12-25,Monitor,Electronics,2,1859.94,cancelled
7269,a30236CFfd9CbAB,2025-08-26,Python Book,Books,4,866.38,created
7270,7F42e76B57eCdfa,2025-09-24,T-Shirt,Clothing,4,1424.31,created
7271,Ac11CBBa19E6efC,2025-07-18,Jacket,Clothing,4,2917.2,created
7272,FcCad78A6D0bC0a,2025-11-11,Jeans,Clothing,3,719.26,paid
7273,3eaeCd7dCC5B4c8,2025-03-06,T-Shirt,Clothing,2,860.5,shipped
7274,d45DA7bFeBE5Fc9,2026-04-16,Laptop,Electronics,4,2308.21,delivered
7275,0bF14cDA1DB3AED,2025-02-20,Keyboard,Electronics,5,2695.15,delivered
7276,b8Fe4Aa8030880C,2024-07-28,Jacket,Clothing,3,2925.67,paid
7277,2257Ed1738EfF17,2024-11-20,Headphones,Electronics,2,459.13,cancelled
7278,89b6DABEcEcf5C2,2026-01-09,Python Book,Books,1,2139.04,delivered
7279,7aDB9751d750990,2024-10-13,Jeans,Clothing,1,1033.25,paid
7280,8D86D3B44Aa3554,2024-06-25,Sneakers,Clothing,5,2249.73,delivered
7281,CEEe24158d6effc,2025-08-22,SQL Guide,Books,4,1085.15,delivered
7282,9Eb7397d4F7a0e5,2026-03-01,Machine Learning,Books,1,2689.03,shipped
7283,f8a68c4eFdC1E9E,2024-08-17,Headphones,Electronics,2,2936.45,shipped
7284,7B75Fb3cEf2f9EA,2025-10-10,Data Engineering,Books,3,1401.1,created
7285,0cdcb9CD5eDB4Aa,2026-01-15,SQL Guide,Books,5,1543.1,cancelled
7286,c7Bb19EFF9BFdA8,2025-04-12,Data Engineering,Books,1,533.84,paid
7287,0b2baafd7bEAe5f,2024-05-31,SQL Guide,Books,4,1950.38,cancelled
7288,97c7DfACFEf3b6e,2024-08-31,SQL Guide,Books,1,2994.6,shipped
7289,59f3737Ac41ac4e,2025-04-27,Keyboard,Electronics,4,1946.55,shipped
7290,D9cEdbC5cDC1b1e,2026-04-11,Headphones,Electronics,1,437.29,paid
7291,DCECBe708fEf6E8,2025-04-19,Sneakers,Clothing,4,2958.18,cancelled
7292,cc55Ae3bD7462AF,2025-03-31,Jacket,Clothing,1,2690.97,delivered
7293,1dDAb9e220874Db,2025-06-24,Laptop,Electronics,1,756.51,paid
7294,B4d8cDb6f0cCdE0,2025-05-23,Machine Learning,Books,1,718.41,shipped
7295,9bEccaF8bC7001F,2026-04-24,Laptop,Electronics,4,1108.79,shipped
7296,D9f0cfA2d21fa39,2025-04-25,Sneakers,Clothing,5,916.16,delivered
7297,12b8DDac6d0BD27,2025-06-16,iPhone,Electronics,1,187.37,delivered
7298,4a0403abDe9C96b,2025-07-18,Sneakers,Clothing,4,2185.29,paid
7299,a988effA55bFAEa,2026-05-04,Headphones,Electronics,3,2473.08,cancelled
7300,2F3CB1E0e7C77ba,2026-01-27,Machine Learning,Books,2,2218.5,delivered
7301,Bfd62e0EDCCB7Ac,2024-09-30,SQL Guide,Books,2,548.87,cancelled
7302,fc9D2a6C0EB4Ea3,2026-02-11,Monitor,Electronics,2,1086.78,delivered
7303,54a07DAef9F9821,2026-01-23,Python Book,Books,3,248.59,created
7304,EeDcBc90A3dd800,2025-12-13,Laptop,Electronics,2,2111.5,delivered
7305,7Ba8d81cF6b6DEA,2026-04-08,Headphones,Electronics,5,1230.62,paid
7306,bb6b026cf8A94e0,2025-09-05,Keyboard,Electronics,1,1356.09,created
7307,82EA9d881fdd3fa,2025-11-14,Laptop,Electronics,2,1971.53,paid
7308,B9FE11d8d0bfE2f,2024-07-08,Data Engineering,Books,3,2105.27,created
7309,5bf9C1E1Fc164f1,2025-11-21,T-Shirt,Clothing,2,2383.64,created
7310,FCCE41Ed5f6fdcc,2024-05-14,T-Shirt,Clothing,2,1937.32,delivered
7311,1F6F2b488d3B266,2025-08-20,SQL Guide,Books,1,1333.33,shipped
7312,6CF797dEabc94BF,2024-08-24,Jacket,Clothing,5,2277.94,cancelled
7313,ab3C2437258778e,2025-04-18,SQL Guide,Books,3,2695.06,cancelled
7314,bCFdc1FD735FE0e,2025-06-06,Python Book,Books,2,2889.5,paid
7315,A79279B9DC12BB7,2024-05-22,Sneakers,Clothing,4,993.04,shipped
7316,b119A311ee8efDE,2025-10-10,Headphones,Electronics,3,2467.95,created
7317,15d5c1eb4b4eBa8,2025-09-01,T-Shirt,Clothing,3,2418.93,shipped
7318,2793aBc9aCFebC1,2025-10-28,Laptop,Electronics,3,2286.17,paid
7319,eafdCedC730f561,2024-06-02,Data Engineering,Books,4,2191.92,created
7320,ACcd7971bd648D6,2025-03-03,Sneakers,Clothing,1,2629.93,paid
7321,eF5360BDAB9b814,2025-02-12,T-Shirt,Clothing,2,309.2,created
7322,f2ACADdE33decE4,2025-01-08,Monitor,Electronics,1,1147.29,cancelled
7323,96FBBC7Ecbb915b,2024-06-27,Keyboard,Electronics,3,1418.97,cancelled
7324,B62F4a3c2B74d02,2025-04-03,Laptop,Electronics,3,1496.74,shipped
7325,D8D51715aEBef55,2025-01-16,Sneakers,Clothing,2,1999.15,shipped
7326,62Ddaf9320B0138,2025-08-21,Data Engineering,Books,4,2024.68,cancelled
7327,108ADB8DffBDaC7,2025-09-16,Machine Learning,Books,5,206.26,cancelled
7328,00A1d3cBEFBe70b,2025-01-29,T-Shirt,Clothing,1,471.35,shipped
7329,ECe653e2ada3aF0,2024-11-07,SQL Guide,Books,3,2870.21,shipped
7330,eC0A519CabB15DB,2024-05-24,Jeans,Clothing,3,1058.08,shipped
7331,094315DEd6C2bBE,2024-11-26,Jeans,Clothing,1,1259.15,shipped
7332,73191EAd36F6aeb,2025-06-20,Headphones,Electronics,1,1315.16,created
7333,6E6bFb4DD1dAcDd,2026-03-16,Jeans,Clothing,3,1579.84,shipped
7334,fEdbB1AeB6A1fb5,2026-03-28,Jacket,Clothing,1,445.0,paid
7335,cc2411B32Cb3eD4,2026-01-31,iPhone,Electronics,2,1232.63,paid
7336,897B8f3b71567EA,2024-05-08,Laptop,Electronics,4,1565.03,cancelled
7337,8dCA49EAe41EeDb,2025-02-18,Keyboard,Electronics,3,746.59,delivered
7338,A9Bf8dA3e3DAAdA,2025-12-11,Jeans,Clothing,3,1766.29,cancelled
7339,856C8ed8a35f0E3,2025-09-12,Sneakers,Clothing,3,1058.38,created
7340,8C6CA1B7440feB7,2025-10-23,Jeans,Clothing,1,2973.14,created
7341,edd35D9Cdb52a10,2025-05-27,Sneakers,Clothing,5,2708.64,shipped
7342,5e36684ECf6ed51,2024-08-17,Jacket,Clothing,3,952.05,cancelled
7343,6a21C9e3Fec1A2B,2025-07-25,T-Shirt,Clothing,2,2013.45,created
7344,fF14E9d9B70eAD5,2025-03-21,Python Book,Books,4,535.1,delivered
7345,A9b7820DcDC2fDB,2024-12-18,Python Book,Books,5,1787.4,delivered
7346,F4dCdb0F25d2aef,2025-06-06,Jeans,Clothing,1,142.39,paid
7347,Fe7eeBfF7996B9b,2024-07-07,Jeans,Clothing,1,2198.54,delivered
7348,5F09dBCfD972Ba1,2025-10-31,Machine Learning,Books,1,2675.2,created
7349,0f58F7E640E2C4E,2024-08-03,iPhone,Electronics,1,1134.34,cancelled
7350,49e8D060c4eEeE6,2025-11-23,Jeans,Clothing,4,2715.41,shipped
7351,AbE85b28dFdce8D,2025-10-29,Jeans,Clothing,1,1375.61,created
7352,33CE6DEcD0B408D,2025-09-11,Machine Learning,Books,2,455.21,delivered
7353,B52ba8Cb58E2bdE,2024-10-02,Jeans,Clothing,2,312.36,delivered
7354,DE7e715C31C21d7,2025-12-05,Headphones,Electronics,2,1358.39,delivered
7355,a66A93E1Edee6DF,2026-01-30,SQL Guide,Books,1,2842.52,delivered
7356,cFfEAAAc3BcEFB5,2025-06-27,Sneakers,Clothing,3,1313.26,created
7357,be6755561fCBe33,2025-04-23,Python Book,Books,2,1288.13,created
7358,532FCDDfC1CaE26,2025-02-21,Monitor,Electronics,2,2289.73,delivered
7359,ac44F154700f1AD,2026-04-16,SQL Guide,Books,4,2804.5,paid
7360,ea27afa8CF4FAFD,2026-03-20,SQL Guide,Books,1,2304.11,shipped
7361,556FBECA494dDB5,2026-01-11,Monitor,Electronics,1,1604.9,paid
7362,0dF0aFECd8d03Ea,2025-07-07,Jacket,Clothing,2,66.36,delivered
7363,546e9dDd1d6d3Db,2026-04-25,SQL Guide,Books,1,2134.18,shipped
7364,81fbBC5ad2238Ba,2025-03-22,Jacket,Clothing,2,2692.04,delivered
7365,3bc935EaD9cC89F,2024-07-06,Python Book,Books,1,883.38,paid
7366,eda0fFCe877Cf4e,2025-04-27,Machine Learning,Books,3,2917.25,shipped
7367,7bF34d0e41DC9D6,2025-01-12,Data Engineering,Books,1,2039.57,created
7368,b2bcA9285788FF8,2025-04-25,Machine Learning,Books,4,2575.23,delivered
7369,7AA7b04a9B560EE,2025-09-22,Jacket,Clothing,1,2120.77,delivered
7370,A00af9e6aaDfEeb,2026-05-06,Jacket,Clothing,2,1497.45,delivered
7371,49C0cCc8E184c52,2025-03-05,Sneakers,Clothing,2,789.23,paid
7372,ee93FaC2DDabD70,2024-11-08,Keyboard,Electronics,2,869.46,created
7373,Af0EA5bFcbEe0bE,2024-07-26,Python Book,Books,4,2322.65,delivered
7374,Ec0ffbf8c68FAf2,2026-01-06,SQL Guide,Books,4,1818.05,cancelled
7375,BeCF7de9Bd2AbB4,2025-08-07,Python Book,Books,2,1777.64,delivered
7376,0cc22cbE3c54dfA,2025-01-25,Monitor,Electronics,4,1309.22,shipped
7377,a75dd78Aeae00D2,2026-03-07,iPhone,Electronics,3,846.74,created
7378,a3BBbe89aA71d4d,2026-04-25,Python Book,Books,1,959.53,delivered
7379,DD4A71c625E3EB4,2025-06-02,Monitor,Electronics,1,2059.91,paid
7380,0aD75B1b4DE41BE,2025-12-05,Sneakers,Clothing,3,222.2,shipped
7381,Ce8447A4079e09e,2024-10-11,SQL Guide,Books,2,2425.04,created
7382,CE8a83a6Eb067AC,2026-05-05,Jeans,Clothing,4,13.2,shipped
7383,2e89eE9a29bc87B,2025-07-16,T-Shirt,Clothing,4,171.63,cancelled
7384,813C8c5C1eAe0aB,2025-01-10,Python Book,Books,4,1442.88,shipped
7385,bfDaE08beB1E8a3,2025-10-28,Sneakers,Clothing,1,514.95,shipped
7386,b0D995dafB45b9C,2024-12-29,SQL Guide,Books,4,242.58,cancelled
7387,1B89cBFb7c2EdeA,2024-09-08,T-Shirt,Clothing,2,1448.9,created
7388,fB46c1Fc99B04bf,2024-10-22,T-Shirt,Clothing,4,2889.27,delivered
7389,5ADEF5CfdDfBEF7,2025-06-06,Data Engineering,Books,3,1949.21,paid
7390,a02A2a9Be84765d,2026-05-03,Headphones,Electronics,3,802.61,created
7391,639c3faA4B6A589,2025-07-16,Sneakers,Clothing,5,2635.65,shipped
7392,C8c18bdE5bbFa2F,2026-03-08,Jeans,Clothing,4,973.65,paid
7393,Fc7aEfFf44bEEfd,2026-04-28,Machine Learning,Books,4,321.7,shipped
7394,73E8247f5BAEB3E,2025-10-06,Jacket,Clothing,3,2683.5,shipped
7395,0933Cb2B77aBc10,2025-02-12,iPhone,Electronics,1,746.5,paid
7396,B3C9BF0C0C389df,2025-09-15,Data Engineering,Books,2,1936.62,paid
7397,aE5BbE1DEe4fA4b,2026-04-01,Monitor,Electronics,5,192.5,cancelled
7398,cacd6E8CEfbC98e,2026-04-08,Sneakers,Clothing,5,33.7,shipped
7399,C446dd962DCfcCE,2025-12-15,Python Book,Books,2,2751.61,cancelled
7400,48d6DaE798Ff923,2024-06-13,Jacket,Clothing,4,146.77,delivered
7401,C95edcc0DCCc4CE,2024-07-28,Headphones,Electronics,3,2677.58,paid
7402,d3Ef2bffD6fdaAd,2025-07-15,Headphones,Electronics,4,1782.88,paid
7403,aBdC5ffD2EDFE0e,2025-03-12,SQL Guide,Books,5,445.92,delivered
7404,c823e9117Aad2eE,2024-09-15,T-Shirt,Clothing,1,1892.65,shipped
7405,fA466B24ae0e7c0,2026-03-15,Sneakers,Clothing,5,1975.21,delivered
7406,eAB5dcB9a752F8e,2026-05-02,iPhone,Electronics,1,2751.51,delivered
7407,2D2a0dBbF3e9C74,2025-08-20,Headphones,Electronics,4,284.84,delivered
7408,9CbaF8c6A7DECAA,2024-06-13,Jacket,Clothing,1,2796.17,shipped
7409,d824bE86A1F23AD,2024-12-21,Sneakers,Clothing,3,488.42,cancelled
7410,fcEc06f885fce02,2024-06-01,Monitor,Electronics,5,2766.16,cancelled
7411,AA24a8BE5584a51,2026-04-16,T-Shirt,Clothing,4,2847.28,paid
7412,AC1d4B8Dd1FEDDb,2025-04-15,iPhone,Electronics,1,1695.45,cancelled
7413,bb383CCD8dDD12a,2024-08-11,Sneakers,Clothing,3,1298.72,shipped
7414,AA0cfE5CFBd71A1,2024-08-31,Jacket,Clothing,3,1316.62,shipped
7415,eD2Ce13aA1eA45D,2024-11-03,Jeans,Clothing,4,1164.26,shipped
7416,0Ed1A0AB0eFcCab,2025-03-25,Sneakers,Clothing,2,2997.16,shipped
7417,F240DE1e140B86a,2024-12-21,iPhone,Electronics,2,2868.76,shipped
7418,ad6c79dDd7EeDAe,2025-12-31,Monitor,Electronics,1,2464.84,delivered
7419,95AA723bC32aF5c,2024-11-20,SQL Guide,Books,3,757.29,paid
7420,6ECCB3E27c4CA6B,2025-10-26,iPhone,Electronics,4,437.73,cancelled
7421,C3d287aAAcF9E5A,2026-05-04,Machine Learning,Books,3,324.44,created
7422,c2b3bF03CabF73c,2025-05-12,Monitor,Electronics,2,727.49,paid
7423,aA18cB753AF6D70,2024-07-29,Jacket,Clothing,2,1201.79,paid
7424,Bbf7DDBB14E83De,2024-08-15,SQL Guide,Books,2,1990.89,delivered
7425,26Ca8F67fE23C79,2024-07-05,T-Shirt,Clothing,4,2839.43,created
7426,03CA10fD385fE3f,2025-04-01,Jeans,Clothing,5,1474.02,created
7427,81dd3CbB1c5928D,2024-12-20,Machine Learning,Books,2,2255.7,shipped
7428,05F70c20bcB0df3,2025-12-10,Monitor,Electronics,3,311.3,created
7429,E6cFbEDaE984c8F,2025-06-15,Machine Learning,Books,4,2006.21,shipped
7430,FdBCa87B6F2c9da,2025-01-20,Data Engineering,Books,4,74.05,shipped
7431,4C9cD42370d6aBf,2025-01-05,Jacket,Clothing,1,2001.01,cancelled
7432,2c8b91bf7D096D9,2025-12-15,Machine Learning,Books,3,530.37,created
7433,5bAfE0e55E4CBCa,2026-01-18,Monitor,Electronics,5,443.85,paid
7434,dC52f4Fd99d7b4b,2024-06-09,iPhone,Electronics,4,177.1,shipped
7435,DF60a1d73DCF7Ef,2024-10-24,Jacket,Clothing,1,1996.84,delivered
7436,C2cbfcFdaaFF9aF,2024-10-13,Machine Learning,Books,4,1763.41,paid
7437,233cF3CAcaCEBe6,2024-08-15,Jacket,Clothing,1,326.54,cancelled
7438,7c0EB9Df367DC2f,2025-10-04,T-Shirt,Clothing,4,225.87,shipped
7439,DddEbfbBC372F38,2024-09-27,Sneakers,Clothing,3,1387.06,created
7440,A3A81A4421FD8bB,2025-08-23,Headphones,Electronics,4,246.35,created
7441,4cF5795E0EA3eDE,2025-07-26,Sneakers,Clothing,4,1882.83,shipped
7442,6A8E631345F919a,2026-04-09,Monitor,Electronics,4,708.45,created
7443,9E62388C3DE9e4E,2025-09-24,Jacket,Clothing,3,557.59,shipped
7444,1b61Bf8bAd66Bbd,2025-12-02,Sneakers,Clothing,1,2444.02,paid
7445,EAeFbFc3EaEeB00,2025-12-15,Python Book,Books,3,1196.07,created
7446,DAE724Afdb0e1f4,2025-07-13,Laptop,Electronics,1,2696.05,paid
7447,C6cEE321aC26BfA,2024-09-10,Sneakers,Clothing,5,1295.65,delivered
7448,08Cbb7F36ADBE5A,2024-05-14,Jacket,Clothing,5,924.67,paid
7449,b6FDeFc33B481bB,2025-07-20,Machine Learning,Books,1,1369.97,cancelled
7450,1c67F5B2Fb090d4,2025-10-17,Machine Learning,Books,3,1980.55,paid
7451,Bc348fcFFCF5F9D,2025-11-07,Jacket,Clothing,4,2429.56,delivered
7452,D2A455D87Dde2f4,2025-04-02,Monitor,Electronics,1,1848.21,cancelled
7453,BEBA1AD3b3AFfC7,2025-02-14,Headphones,Electronics,5,1843.85,created
7454,c390DeE7f2f7a50,2025-03-09,Data Engineering,Books,1,578.37,delivered
7455,CD50A01c7EeF6Ee,2025-11-18,SQL Guide,Books,3,2493.79,cancelled
7456,6814AEF3fe4Cc4d,2024-12-11,Jeans,Clothing,1,389.13,delivered
7457,8b8B4fF97a38b8e,2024-12-13,Machine Learning,Books,5,933.88,paid
7458,b1aBC1Bc186cD65,2026-04-29,Jeans,Clothing,1,2565.71,paid
7459,D672Cb468d7adF0,2025-08-11,Sneakers,Clothing,3,1314.09,shipped
7460,bB1e4b93DefbA0d,2024-05-11,Jeans,Clothing,3,57.83,cancelled
7461,dA62bd5EA5CBFD2,2024-06-15,Headphones,Electronics,1,2148.15,cancelled
7462,E8fE01CD5c9EAfB,2024-10-13,Keyboard,Electronics,2,1699.79,paid
7463,75117c5629fcc0d,2026-02-02,Jacket,Clothing,4,2222.9,shipped
7464,aC7DBccFFDe2a8F,2025-07-17,Laptop,Electronics,5,2098.88,shipped
7465,BF5F1Ee3D4ec083,2025-09-11,Machine Learning,Books,2,1490.0,shipped
7466,dED3BFd4baE58Af,2024-11-29,T-Shirt,Clothing,5,807.13,created
7467,B7fD360B0e9feEd,2025-09-15,Headphones,Electronics,5,1837.98,created
7468,e4a7eDcdd2afDB5,2025-10-30,iPhone,Electronics,1,1943.14,cancelled
7469,66268BdbFBd2d8c,2025-10-03,Python Book,Books,2,1802.31,delivered
7470,ec1C514ADA64cF9,2025-08-29,Sneakers,Clothing,2,825.77,cancelled
7471,d70a20336AC8817,2026-04-19,Python Book,Books,3,1308.02,shipped
7472,98Da3178fDD0cCc,2024-05-30,iPhone,Electronics,4,1813.23,created
7473,E977e46142a9eA5,2025-04-23,T-Shirt,Clothing,3,1016.92,created
7474,eAdc1cdBae4d3E9,2025-08-01,SQL Guide,Books,5,1797.93,delivered
7475,1bBc57ADc3EBF92,2025-03-08,T-Shirt,Clothing,2,955.94,shipped
7476,20A3339bFF09E0D,2025-03-07,iPhone,Electronics,1,2158.56,paid
7477,c9b20A55E7ac054,2025-02-06,SQL Guide,Books,5,1142.31,cancelled
7478,3e29ed8e04c51f4,2025-05-22,Monitor,Electronics,5,2168.2,created
7479,924bCe2278cfEa9,2024-07-09,SQL Guide,Books,2,1661.82,paid
7480,a58F62436f336b7,2025-08-29,Monitor,Electronics,1,2168.8,paid
7481,3DFecFFcb02D150,2025-05-19,Monitor,Electronics,1,2804.52,shipped
7482,5c99e1B2ADc36DE,2025-07-16,Keyboard,Electronics,2,1187.89,paid
7483,ecA35DD4c6B698B,2025-06-19,Headphones,Electronics,1,2995.98,shipped
7484,e086ff54C7e5486,2025-09-21,Headphones,Electronics,1,921.01,shipped
7485,Ea9b614F1F75DFf,2024-08-05,SQL Guide,Books,4,2533.37,delivered
7486,Cb9BC52166abb04,2025-03-31,SQL Guide,Books,2,2907.63,cancelled
7487,048b00AB568a9Bf,2024-08-14,Monitor,Electronics,1,1728.88,paid
7488,771ce97a9aF4Ffe,2024-11-20,Jacket,Clothing,2,2669.93,paid
7489,eFE9dfbb6BeCa76,2026-04-22,Python Book,Books,3,2947.54,cancelled
7490,c2FC852eEf6e1b0,2025-04-28,Keyboard,Electronics,1,1130.39,cancelled
7491,F90e96ED3a1C449,2025-06-08,T-Shirt,Clothing,5,850.15,delivered
7492,3BCB3D5eA687b0f,2024-09-22,Jacket,Clothing,3,2529.31,cancelled
7493,DFaA3D26065e6Ae,2024-12-01,iPhone,Electronics,2,359.93,created
7494,fE4F9DAc5c120e0,2024-10-16,iPhone,Electronics,2,1011.29,shipped
7495,EdCeBc5Ce9980C8,2024-12-05,Jacket,Clothing,5,969.22,shipped
7496,4fFD93d3154de56,2024-12-15,Sneakers,Clothing,5,1387.73,cancelled
7497,e83EBD91C8Ed3ed,2025-02-08,Jacket,Clothing,4,1375.14,paid
7498,7deD54506c88D35,2024-11-24,Jacket,Clothing,5,2148.09,cancelled
7499,53Ced8C1aBeABC0,2025-12-08,Machine Learning,Books,2,245.1,cancelled
7500,cd38CEc99b74aB0,2025-04-08,SQL Guide,Books,3,2036.12,shipped
7501,48AedD5Cc7Eac53,2025-10-18,iPhone,Electronics,5,1962.65,delivered
7502,8F5CE6acBF4A4Ee,2024-09-10,Headphones,Electronics,3,2590.78,delivered
7503,94ff8baF636f53b,2024-11-04,iPhone,Electronics,1,679.86,paid
7504,b001e0B15E1Ad03,2025-03-28,Python Book,Books,4,1707.86,cancelled
7505,C9c43342878a100,2025-09-30,Jacket,Clothing,3,825.9,paid
7506,8d58A095Da24fEB,2025-12-16,Headphones,Electronics,3,1999.16,created
7507,54A2d1AAbcaeBFD,2026-04-28,Headphones,Electronics,1,2290.84,created
7508,D5aA3f1f6f8eF3e,2025-12-03,Machine Learning,Books,5,1089.26,delivered
7509,561a662bfc4Dc24,2025-07-13,Keyboard,Electronics,5,1289.8,delivered
7510,BF1049F6FC2CEbc,2025-08-12,SQL Guide,Books,1,2209.06,created
7511,5fd0BE3Fa2690f9,2026-01-31,Headphones,Electronics,1,757.7,paid
7512,a6b0bef8B77FCdb,2025-03-11,Jacket,Clothing,3,2683.54,cancelled
7513,abab0e0dCA3F28A,2024-06-30,Keyboard,Electronics,4,1654.41,paid
7514,83E7858ac3b6049,2025-01-24,Headphones,Electronics,1,1101.88,shipped
7515,DAdADB4a9FEAE2F,2025-11-22,T-Shirt,Clothing,3,1363.73,created
7516,1C5F5ad5A35fbea,2024-09-27,Data Engineering,Books,2,1178.66,shipped
7517,d4F8C987dff9d6d,2026-04-07,Jeans,Clothing,4,2014.7,created
7518,54CCc0C323cAD4f,2025-04-27,Headphones,Electronics,4,1857.41,shipped
7519,D89Fdb87C6C86eA,2025-08-25,Monitor,Electronics,3,761.42,cancelled
7520,ec76FF15Ec56cD9,2025-02-26,Laptop,Electronics,4,2275.64,cancelled
7521,EFE746E4ecbECD7,2025-06-04,SQL Guide,Books,3,563.93,paid
7522,D3aB8A12A7151a7,2025-02-08,Headphones,Electronics,2,1657.56,paid
7523,A3f39a8ECC47b7c,2026-04-11,Headphones,Electronics,1,2938.47,cancelled
7524,e2a6bB767E8c9fC,2026-03-19,iPhone,Electronics,5,2613.19,shipped
7525,B2a3aE8Ccdf70CC,2025-11-17,Monitor,Electronics,3,1018.86,shipped
7526,efDC27547D4AB8c,2024-09-10,Jacket,Clothing,3,1117.47,paid
7527,eA4DeFf0Fc4A51A,2024-11-14,Jacket,Clothing,5,2012.75,created
7528,98BCbf9bd867bAe,2026-04-30,Headphones,Electronics,1,1156.09,created
7529,dCfac2Fd61cFCC7,2026-04-21,Jeans,Clothing,5,29.22,cancelled
7530,CDc68bDE8eC9Ce4,2025-09-12,Jeans,Clothing,2,2372.33,created
7531,e258187534AF4be,2026-03-10,Sneakers,Clothing,2,1835.31,shipped
7532,b39948Fb971Db0e,2025-08-04,Jeans,Clothing,2,795.81,shipped
7533,DE4a30B6C7f7f94,2026-05-05,Jacket,Clothing,3,1661.9,paid
7534,a3F08227a7B9ca4,2024-12-04,Keyboard,Electronics,1,1470.8,delivered
7535,0bEe3669A17452D,2026-04-29,T-Shirt,Clothing,1,499.48,cancelled
7536,A98C9F3937Bbecf,2025-03-29,Laptop,Electronics,2,1304.66,created
7537,0C383d3A07c12c7,2025-08-27,Monitor,Electronics,2,225.15,cancelled
7538,dA45a6aA8eb4FBd,2024-06-01,iPhone,Electronics,2,579.68,delivered
7539,2ec1aebDeBebBCF,2025-06-23,T-Shirt,Clothing,4,2216.8,created
7540,53FB1eC082d5cC0,2024-10-31,Headphones,Electronics,1,78.3,shipped
7541,Cdd9B339C8682b8,2024-08-17,Machine Learning,Books,3,1984.57,delivered
7542,EDac2Dcfc8C5f5e,2025-07-26,iPhone,Electronics,1,1040.04,created
7543,003ccB109fD6877,2025-08-09,SQL Guide,Books,5,2753.02,paid
7544,8b3ae7441C1c2d7,2024-12-11,iPhone,Electronics,1,2922.85,created
7545,cE255d68C28F6cF,2026-04-26,Sneakers,Clothing,1,2906.71,shipped
7546,a0Bbf3F1ADD1640,2024-05-10,Jacket,Clothing,2,2195.72,cancelled
7547,1baf31c9596a1E6,2024-12-10,Sneakers,Clothing,1,1171.21,created
7548,9fdfCD6BfbcFdE1,2024-12-04,Jacket,Clothing,2,1374.52,cancelled
7549,1AbfaEC6F8BB4fD,2025-06-01,Machine Learning,Books,3,2597.14,cancelled
7550,DBcdc34525eE3f9,2026-01-04,Headphones,Electronics,5,1118.24,shipped
7551,7c3fA8D4aFa1d04,2024-06-29,Data Engineering,Books,2,2704.93,cancelled
7552,ac3dB30CDeDcdB6,2024-08-10,Python Book,Books,2,1558.11,cancelled
7553,86Ce7eaAFc270FA,2025-12-29,SQL Guide,Books,2,2957.1,delivered
7554,9ad2ec87747f3eD,2026-02-10,Python Book,Books,2,2590.07,created
7555,1bF9485DD6Cdb4A,2024-09-25,Python Book,Books,4,941.4,created
7556,E97B56FEC3CD2Cd,2025-11-15,Sneakers,Clothing,5,1244.99,paid
7557,166608aaD22faAB,2024-07-05,Laptop,Electronics,2,11.86,cancelled
7558,92AF7adDA9bfEbd,2025-09-19,Jeans,Clothing,2,1876.59,delivered
7559,87Ba80073E47BC2,2025-07-14,Sneakers,Clothing,4,1317.05,cancelled
7560,4c7637c344710b0,2024-10-08,iPhone,Electronics,3,2652.77,shipped
7561,E55dC8aedF1bCBc,2025-12-06,iPhone,Electronics,3,2279.14,paid
7562,87B17FADDbAd4D4,2025-10-09,T-Shirt,Clothing,2,761.53,cancelled
7563,D9aBd109EaACfA9,2025-10-28,Jeans,Clothing,3,1290.65,delivered
7564,d40D29aA316B69A,2024-07-30,iPhone,Electronics,3,1878.47,paid
7565,28c1FbA1E2b688E,2025-11-09,iPhone,Electronics,5,2483.94,cancelled
7566,bD1BcD1FFC1a21D,2025-12-06,Jacket,Clothing,3,2979.47,shipped
7567,8A5b870b2421ED2,2026-02-19,SQL Guide,Books,2,1932.39,delivered
7568,89b67cF0BCddb2D,2024-10-29,SQL Guide,Books,5,359.61,paid
7569,B441eDBeEf5dAC1,2024-10-31,iPhone,Electronics,4,2338.51,paid
7570,6B5c8e35BB21Da1,2024-09-18,Jeans,Clothing,5,2578.54,created
7571,Ba5AF5D96bFbBdC,2026-05-06,Jeans,Clothing,3,2139.2,paid
7572,2a3fe4b5B8b3F1E,2026-04-14,Monitor,Electronics,1,719.16,cancelled
7573,b2eD5EccDfdeBc0,2024-06-01,Data Engineering,Books,5,1482.02,shipped
7574,CDE02aeD4Ef75BA,2025-10-20,Machine Learning,Books,2,430.66,created
7575,238f5b0DA3CaBAc,2025-03-15,T-Shirt,Clothing,5,1141.84,delivered
7576,DeAc659c8CA94f0,2024-09-10,Jeans,Clothing,2,887.43,paid
7577,d396d606a63dC1E,2026-02-03,Machine Learning,Books,5,1070.3,delivered
7578,eBF2F870cc5BF15,2025-04-29,Keyboard,Electronics,4,241.55,paid
7579,fACe816b13B7A92,2026-01-10,Keyboard,Electronics,1,660.48,created
7580,B136Bc106be1BDF,2025-08-14,SQL Guide,Books,1,1156.39,paid
7581,a44791F3ba1E0F1,2025-08-21,Jacket,Clothing,3,1750.13,delivered
7582,4eb76d04bB9e6ea,2026-04-19,SQL Guide,Books,2,2037.03,paid
7583,0Edb7D4eB6c9671,2025-04-27,Python Book,Books,1,2182.01,cancelled
7584,C0cDe384391c9CA,2024-07-25,iPhone,Electronics,2,1515.54,created
7585,366d2DD3EDBDd2f,2025-06-01,Machine Learning,Books,3,299.75,paid
7586,7EaE1A405bc8FF3,2024-11-12,Jeans,Clothing,3,2300.07,cancelled
7587,772a768638fEcEC,2024-10-19,T-Shirt,Clothing,3,2825.09,shipped
7588,C0fEfF2AD2cafd3,2025-11-06,Data Engineering,Books,5,2242.76,created
7589,aA583Ce1473Dbdf,2026-03-30,Machine Learning,Books,5,1923.11,delivered
7590,6bCb32a769BeAe8,2025-03-20,Sneakers,Clothing,2,1407.79,shipped
7591,584AaCDFcCe023c,2024-06-21,Sneakers,Clothing,1,2649.58,delivered
7592,aCEC201c4eFBe5B,2025-02-23,Sneakers,Clothing,4,509.17,paid
7593,51ADC17edb5da6B,2025-05-25,Sneakers,Clothing,4,2610.34,cancelled
7594,c12b5d8a84aDf8b,2026-04-18,iPhone,Electronics,3,1274.93,paid
7595,9BA5D15BFF1f7D3,2025-03-10,Machine Learning,Books,4,953.21,paid
7596,8C94CBad0e60c7d,2025-07-30,Jacket,Clothing,2,2401.27,paid
7597,3F0acce5Accc133,2025-12-10,Data Engineering,Books,5,717.04,cancelled
7598,cDd489fB324C7bb,2025-07-21,Machine Learning,Books,5,1352.98,created
7599,78Ad5A363F66BCF,2024-05-15,Jeans,Clothing,3,1854.73,cancelled
7600,EB4435FCC279aF3,2025-08-24,Jacket,Clothing,4,2048.22,cancelled
7601,657dc977261F7be,2025-06-04,Keyboard,Electronics,2,1908.96,delivered
7602,6c0de0a7e616dFC,2025-02-24,Laptop,Electronics,4,682.72,cancelled
7603,2c4C13fE15Ff8CC,2026-03-21,Jeans,Clothing,1,554.9,delivered
7604,eb694adaA25fa85,2024-06-09,Python Book,Books,1,556.34,delivered
7605,B2F52e5e08B9Df4,2024-07-12,Laptop,Electronics,2,1578.1,created
7606,c406a88173eeEA9,2025-01-17,Jacket,Clothing,3,2877.57,created
7607,FD33D6fD5CcFEdd,2024-11-15,Jacket,Clothing,3,1818.24,cancelled
7608,D6Ff9cf1b7eFD8C,2025-03-21,Python Book,Books,2,819.06,cancelled
7609,fEeAE49D96940Ab,2026-01-10,iPhone,Electronics,1,2545.11,paid
7610,FA185BdECB8fe8A,2025-11-06,Jacket,Clothing,1,588.06,delivered
7611,C74C33B2617b109,2025-09-16,iPhone,Electronics,4,481.28,cancelled
7612,dd75f2Ad23E2e0b,2024-09-09,Python Book,Books,5,2015.9,paid
7613,fB30E9d63bFB5A3,2025-01-23,Headphones,Electronics,4,1507.07,shipped
7614,D5C1af48Bfcf30D,2025-04-12,SQL Guide,Books,1,933.18,paid
7615,Ec5E8eFbfe9deBA,2024-08-04,Machine Learning,Books,1,2731.13,created
7616,fDf3Af1D77EB57e,2025-12-09,iPhone,Electronics,4,1996.68,created
7617,db2dEf3Ae8218Ec,2026-01-29,Machine Learning,Books,3,2854.57,cancelled
7618,DCAcf57DCC375fB,2026-02-12,Headphones,Electronics,1,71.42,created
7619,a3adf8bAaEBE3C9,2025-02-23,iPhone,Electronics,3,1344.52,paid
7620,34962d71FC8fAaa,2025-10-24,Sneakers,Clothing,5,1021.69,shipped
7621,55B3CCDDB60A0D0,2024-08-09,Monitor,Electronics,5,2821.23,cancelled
7622,B6FaAF229AE0AcC,2024-12-05,Laptop,Electronics,3,2289.45,cancelled
7623,D111fb7F7E508af,2026-03-12,Jacket,Clothing,5,2308.85,cancelled
7624,70FcC7eA2322213,2025-09-27,Sneakers,Clothing,4,2690.03,created
7625,fedFD2D3Ea660ea,2025-12-11,Machine Learning,Books,2,562.81,delivered
7626,e5F37fcCb4B7feF,2026-04-30,Machine Learning,Books,3,2899.18,shipped
7627,69fCA444be5F3d3,2024-09-29,Headphones,Electronics,5,471.45,delivered
7628,CaeadeAA4Fbd73d,2024-10-30,SQL Guide,Books,2,268.01,cancelled
7629,6ec9eD631492e0F,2026-03-21,Jeans,Clothing,3,2855.95,shipped
7630,C5c942e61D2B3c0,2024-09-05,Laptop,Electronics,3,2031.92,cancelled
7631,Ba326B6353e5C28,2026-05-01,Jeans,Clothing,3,1363.2,shipped
7632,eB58f5dcdBf4ecE,2024-08-31,Machine Learning,Books,1,1076.47,cancelled
7633,3ECC96bCc8cAEBE,2025-12-12,Keyboard,Electronics,1,1022.37,delivered
7634,c44cDe5496Cf26A,2026-03-08,iPhone,Electronics,5,1899.84,shipped
7635,Bd93c9A1edCacCB,2024-09-18,iPhone,Electronics,4,756.91,cancelled
7636,EB411b7EdbaB87B,2026-04-27,Keyboard,Electronics,1,2653.95,delivered
7637,1ff4ED0ac5FF7d0,2025-09-05,Laptop,Electronics,2,981.48,created
7638,B6dc7dEbF1Af5CB,2025-09-07,T-Shirt,Clothing,2,2972.02,cancelled
7639,DEaF8Df6dca5711,2024-05-08,Machine Learning,Books,3,1912.55,paid
7640,e8e68BcFA2CDA2b,2024-10-12,Jeans,Clothing,2,1663.59,created
7641,86e0eE34F8E31bE,2026-02-06,Sneakers,Clothing,5,2833.87,paid
7642,0D1Aca2aE9e7353,2024-05-14,Jeans,Clothing,5,2132.88,shipped
7643,57A3DfE0A4488c2,2024-10-10,iPhone,Electronics,2,1833.34,shipped
7644,0F1aa57eDA2ffce,2026-02-03,SQL Guide,Books,5,1767.77,cancelled
7645,9eD5ecb680216af,2024-08-26,Monitor,Electronics,1,311.95,cancelled
7646,68Bc46EBEBef6Bf,2024-12-31,Sneakers,Clothing,5,1076.27,paid
7647,B8CC3B818b9BCc1,2026-02-05,Sneakers,Clothing,1,1176.21,shipped
7648,ce3d899f5884F2F,2024-07-14,Machine Learning,Books,5,2275.49,created
7649,C4eCd24c65a1124,2024-10-04,iPhone,Electronics,2,2551.98,paid
7650,047822E3efcE34b,2024-06-15,SQL Guide,Books,1,2930.7,shipped
7651,e00c4aAbEba8Daa,2024-10-20,Laptop,Electronics,3,2133.47,cancelled
7652,F0e0cDB749BcBB7,2024-09-23,T-Shirt,Clothing,4,1883.21,cancelled
7653,5f5457fEeC33Ea7,2026-02-26,Python Book,Books,3,2989.73,shipped
7654,dC8B9b116FEd633,2025-09-22,Machine Learning,Books,1,616.4,paid
7655,96D6D802A594ae1,2024-07-30,Machine Learning,Books,5,443.97,delivered
7656,86cf7bf05EDfBC4,2024-08-04,Jacket,Clothing,2,912.77,delivered
7657,06EA3ED19bAFa4A,2026-02-16,Python Book,Books,5,504.89,shipped
7658,Bb4ACEcAA4ceEbD,2024-10-18,T-Shirt,Clothing,3,584.18,created
7659,e8F09824a7551c7,2025-05-18,Monitor,Electronics,1,655.4,delivered
7660,3dC4dc1a1e1Dd4e,2026-03-18,Sneakers,Clothing,1,2655.18,paid
7661,44CA8C1d6Aa63ca,2025-10-15,Headphones,Electronics,4,2754.08,delivered
7662,D4Dece7C1ce00e8,2025-02-17,Monitor,Electronics,2,1985.85,paid
7663,D6DBED5fd3d90E2,2025-05-27,Machine Learning,Books,2,508.09,created
7664,03b5406aeCeB0b4,2024-07-19,Keyboard,Electronics,4,2121.23,created
7665,A0Ea708eBEb4951,2025-09-05,Jeans,Clothing,4,1971.69,created
7666,E013af4dd673D93,2025-10-09,Jeans,Clothing,4,802.26,delivered
7667,1FA96aa1A80d6e8,2025-09-09,T-Shirt,Clothing,4,238.95,paid
7668,DA9F367EA6fFAc5,2025-03-07,SQL Guide,Books,2,1198.63,cancelled
7669,02Ed6aD96912aa4,2024-06-24,Sneakers,Clothing,5,1622.01,paid
7670,badA5dC67b24A1F,2024-09-05,Data Engineering,Books,4,1464.34,delivered
7671,3DAd9BF9E8A1EcE,2024-05-20,iPhone,Electronics,5,679.93,created
7672,BceF50Fbb8d4DEb,2024-07-01,iPhone,Electronics,4,2664.73,created
7673,Eb247c55BAea18b,2026-03-01,Sneakers,Clothing,2,33.77,paid
7674,da9FDBAc3967e1c,2024-07-08,Python Book,Books,4,1580.62,created
7675,b389Be16bADb9c7,2025-06-15,iPhone,Electronics,3,659.57,created
7676,3CaaB89cB05322D,2025-07-20,Keyboard,Electronics,2,2137.23,paid
7677,573f9Ded09Deb18,2025-11-25,Machine Learning,Books,3,2806.23,delivered
7678,D7A9751deCdE5A0,2024-08-28,Monitor,Electronics,3,2727.95,shipped
7679,bEe7D816840Cbcc,2025-10-13,Laptop,Electronics,2,2511.56,created
7680,7fD34fbEe5CDD2c,2025-12-29,Jeans,Clothing,2,1995.41,paid
7681,ED34bc156f3F6B4,2024-06-24,Jeans,Clothing,1,668.66,shipped
7682,2Ab67391BB2bCbb,2025-04-03,Python Book,Books,3,529.37,paid
7683,8AB1E4Ecbb2a9fE,2025-09-06,Python Book,Books,1,2335.73,created
7684,93B6dfA960AeD0c,2024-11-08,Sneakers,Clothing,4,830.85,created
7685,B0Db4EC3A7dC5f4,2026-04-16,Sneakers,Clothing,5,1802.21,cancelled
7686,ACf8AC501FE6d4D,2024-12-17,Machine Learning,Books,1,1906.73,shipped
7687,eF9156abebdbdBc,2026-02-14,Sneakers,Clothing,1,1129.46,paid
7688,65FD6AAbAC4f5ED,2025-03-21,Jacket,Clothing,3,332.06,created
7689,8Dbc11d3E81ab12,2026-01-01,SQL Guide,Books,4,375.87,delivered
7690,2Be59AEF7e09F9D,2024-10-21,Data Engineering,Books,1,2931.88,shipped
7691,E7eDFAE8C6FeD8B,2025-10-12,Machine Learning,Books,4,1452.03,shipped
7692,4D93Af20e7EBCD3,2024-10-14,Keyboard,Electronics,1,1967.88,cancelled
7693,B03e42A48Df2ff4,2025-07-02,Jacket,Clothing,1,2190.71,cancelled
7694,f51F82AADFC53C1,2024-05-17,T-Shirt,Clothing,2,571.92,delivered
7695,Ab6603aD5495aA5,2024-11-30,Monitor,Electronics,1,2721.41,paid
7696,F2EACFDEB07bEEc,2026-04-26,Monitor,Electronics,1,478.82,created
7697,Ea68FBF63943d03,2025-08-23,Machine Learning,Books,5,590.59,shipped
7698,2A81E3Bc14FFfa8,2026-03-18,T-Shirt,Clothing,4,2615.91,delivered
7699,40ead720E36d2af,2024-12-28,T-Shirt,Clothing,5,300.97,cancelled
7700,A8901D2C5C7f2d2,2024-08-12,Python Book,Books,3,631.06,delivered
7701,4FaCdC58DaEdA7b,2025-04-23,SQL Guide,Books,1,2673.25,created
7702,1c1AB1615B2069f,2025-10-05,T-Shirt,Clothing,3,245.71,shipped
7703,3cDBCBC97C4b6f5,2026-02-23,iPhone,Electronics,1,153.3,cancelled
7704,CFF50d49b52d3Ae,2024-06-18,Keyboard,Electronics,3,2995.59,created
7705,232CdD7a0c7Bea5,2025-12-15,Headphones,Electronics,5,1045.49,paid
7706,C4Fe1AdDD274397,2024-06-09,Machine Learning,Books,2,2271.76,paid
7707,7d11DB7Ff5de816,2026-02-06,Python Book,Books,4,1273.99,created
7708,D0f8E8CAffcCFFc,2025-12-06,Machine Learning,Books,5,2307.74,created
7709,4E5fCd92aE11bAe,2025-03-09,T-Shirt,Clothing,1,1020.0,shipped
7710,C2aEF390384f34F,2025-03-09,Jeans,Clothing,2,734.63,shipped
7711,C7CFDfceBDfe4D3,2026-04-30,Jacket,Clothing,3,1954.31,paid
7712,D5BC59f77eb1F9b,2026-01-23,Python Book,Books,4,2677.29,created
7713,db2ED7970EC3Ab7,2024-08-16,Monitor,Electronics,1,2255.65,paid
7714,1E4b35FC100f4c1,2025-01-24,Headphones,Electronics,3,1250.69,cancelled
7715,402cd06BFFAE702,2024-10-04,Headphones,Electronics,4,1122.2,created
7716,b8D4Fdac60A00BE,2026-05-03,Jeans,Clothing,5,1352.45,created
7717,c02e6d3d0bECf12,2025-05-01,Headphones,Electronics,1,1958.04,delivered
7718,1213F0d7f262Ae2,2024-07-25,T-Shirt,Clothing,2,2101.43,created
7719,EbCdB98F8a5f488,2026-03-29,T-Shirt,Clothing,3,2291.3,cancelled
7720,Ac2Ba20DB0FEEdD,2024-12-05,Keyboard,Electronics,3,2336.67,cancelled
7721,fCc9fb0ECEdCC31,2024-11-27,Data Engineering,Books,5,520.7,delivered
7722,C7894209CffE838,2024-12-31,SQL Guide,Books,2,96.26,delivered
7723,d6C0B3a04Fc018C,2026-02-17,Keyboard,Electronics,1,2147.77,cancelled
7724,ef1bE7dD5B983D5,2026-03-01,Sneakers,Clothing,4,2693.37,paid
7725,CE42Afa47bCc6b9,2025-09-02,Machine Learning,Books,2,1197.55,paid
7726,0982F6C22e9d60E,2025-08-13,Headphones,Electronics,4,2162.54,cancelled
7727,CBafea3E1ab4CAd,2024-12-19,Python Book,Books,3,1004.94,delivered
7728,09AcBdbcbF7D653,2024-06-28,Machine Learning,Books,1,2550.54,delivered
7729,0eC7EcFBaEaDECe,2024-08-04,Machine Learning,Books,2,2502.0,shipped
7730,fC633f55361E670,2024-12-19,Monitor,Electronics,5,2756.76,delivered
7731,ca6eb4fBdA9e5f2,2025-01-12,Keyboard,Electronics,3,605.17,created
7732,5504b9b1954E0DD,2025-11-21,Headphones,Electronics,4,2381.93,cancelled
7733,acFaE226adaE26d,2026-04-12,Machine Learning,Books,1,535.03,delivered
7734,18fb1C54E66e9FE,2024-09-30,iPhone,Electronics,4,1044.27,paid
7735,4917C0B75E8BC6B,2024-11-30,Monitor,Electronics,5,2564.16,shipped
7736,D801Ef074648aF5,2025-07-26,Machine Learning,Books,3,1090.36,delivered
7737,23cB4A32dAA46Ee,2025-11-29,Sneakers,Clothing,5,169.3,delivered
7738,040EbF8735980Ec,2025-08-07,SQL Guide,Books,4,775.13,created
7739,45DaBf7382eD472,2025-10-16,Data Engineering,Books,5,1807.93,delivered
7740,d9ADDd64a6bD5A5,2025-12-27,T-Shirt,Clothing,5,2470.5,created
7741,Ca67031d3affa87,2025-04-17,Machine Learning,Books,5,1300.97,paid
7742,Eb75bfBbDb12a71,2025-09-21,Python Book,Books,2,2462.4,cancelled
7743,5d729b299F56110,2025-12-19,Laptop,Electronics,4,2252.98,shipped
7744,5bCd630EDCF47fD,2024-06-24,Sneakers,Clothing,2,2930.13,cancelled
7745,f334A1A7F5BdBCD,2025-10-07,Headphones,Electronics,1,1444.11,cancelled
7746,B2DDfA3dAD9e5c7,2025-10-09,T-Shirt,Clothing,4,694.83,cancelled
7747,4E440f95cd10AD2,2024-09-07,Sneakers,Clothing,4,1426.79,paid
7748,AF349510D7Bc95c,2024-12-26,T-Shirt,Clothing,4,1967.68,delivered
7749,4aD98FDcdedb07F,2026-03-09,iPhone,Electronics,1,2219.15,paid
7750,FcFF6c724c0E3d6,2026-04-08,Jacket,Clothing,2,1907.34,paid
7751,b66fD1A2632fc07,2025-12-09,Keyboard,Electronics,1,1198.0,delivered
7752,a9CDE7a9eec3b0a,2026-02-04,Headphones,Electronics,5,484.04,created
7753,3350163e29Fe182,2025-03-04,Jacket,Clothing,5,2550.25,shipped
7754,FBe1Aeee2228E5e,2024-07-08,Sneakers,Clothing,4,1209.46,created
7755,252C20f297AafC5,2025-04-18,SQL Guide,Books,1,453.42,delivered
7756,eD5C2cdEB1D310d,2025-01-03,Headphones,Electronics,5,1185.9,cancelled
7757,1dCCD8d24543AeD,2024-08-20,Jeans,Clothing,5,792.29,delivered
7758,ABb8DDEcB0202b9,2025-11-22,Laptop,Electronics,4,443.39,cancelled
7759,B73Aa0eE40cbef8,2024-08-03,Sneakers,Clothing,1,1192.41,cancelled
7760,0C6A80d71A611DE,2024-06-16,Jacket,Clothing,5,2516.48,created
7761,DeC77A09CA4FcB4,2024-08-18,SQL Guide,Books,3,1330.16,delivered
7762,6FD9D48FD070F4b,2025-05-25,Machine Learning,Books,3,2343.84,paid
7763,42Bf8780A4Eac36,2025-05-11,Sneakers,Clothing,1,1706.29,paid
7764,ea2bC39eDFdCE5C,2026-03-05,Laptop,Electronics,3,1638.98,created
7765,6fc2dcAf9FDF014,2024-12-23,Jacket,Clothing,3,1899.37,created
7766,C5c39CdA50d0Fd6,2024-11-16,iPhone,Electronics,4,523.19,cancelled
7767,aA2CdCb08F11047,2025-06-19,SQL Guide,Books,2,1459.52,paid
7768,aC54E475eEf36Cf,2026-01-05,T-Shirt,Clothing,2,238.4,paid
7769,932E4fB6fa9f61B,2025-06-05,Jacket,Clothing,3,1105.01,paid
7770,41DC772a34A93dd,2025-03-17,SQL Guide,Books,1,831.5,delivered
7771,aFDAFa7Ae33a2bB,2025-04-27,Keyboard,Electronics,5,2613.37,cancelled
7772,e88ABf37670f0ed,2025-05-20,Jeans,Clothing,3,1822.96,cancelled
7773,00e6D46Ec5455Fe,2025-09-13,Python Book,Books,2,2462.69,shipped
7774,4376dD5caa4cbfD,2025-07-19,iPhone,Electronics,3,2004.02,created
7775,4C63aa4fDd2B62c,2026-03-03,Jacket,Clothing,3,653.84,delivered
7776,F9eB38f6FC49B22,2024-06-21,SQL Guide,Books,3,956.06,paid
7777,cF8d5173A03Af7C,2024-06-25,T-Shirt,Clothing,2,1752.06,cancelled
7778,dcAAf0cfff00f59,2025-02-10,Python Book,Books,4,214.99,shipped
7779,37DC6E86FcFed8E,2026-04-06,Sneakers,Clothing,5,2263.8,cancelled
7780,0dbF2ffF6d806c9,2024-10-29,Python Book,Books,4,1697.07,shipped
7781,9ecB5EF62aa500d,2024-06-07,Sneakers,Clothing,5,1533.81,paid
7782,AD05d3F1E1dCdf4,2024-12-31,SQL Guide,Books,2,859.97,cancelled
7783,5CbBAcf8c91A270,2025-07-30,Machine Learning,Books,1,2227.5,paid
7784,7427FeB4bFE8AAB,2025-02-15,iPhone,Electronics,2,2469.76,paid
7785,bC1b010d9658E1F,2024-07-30,Laptop,Electronics,4,2698.98,cancelled
7786,04bF0A761EFdBaD,2026-01-08,Laptop,Electronics,4,2476.31,paid
7787,F6adAf6268e1266,2025-11-13,T-Shirt,Clothing,1,2381.72,cancelled
7788,E53beEbabBDfBFE,2025-09-14,SQL Guide,Books,3,1613.06,created
7789,51f68B300E60bEe,2025-07-21,Jeans,Clothing,3,2251.75,shipped
7790,de9D4EBcdC1aAF1,2024-10-23,Sneakers,Clothing,5,1337.1,shipped
7791,6C70f857d66c47c,2025-03-27,Jeans,Clothing,1,1096.82,shipped
7792,ABb96e2c071Bf84,2025-05-21,SQL Guide,Books,2,2853.01,cancelled
7793,BD82A4A35A2D721,2025-06-30,Jacket,Clothing,1,1856.27,delivered
7794,CEb0fF8C7BDB22A,2024-11-24,Monitor,Electronics,4,1236.51,shipped
7795,Cbca74efb55A0e9,2024-07-11,iPhone,Electronics,2,2654.46,delivered
7796,D9a1E5EB5fb4c00,2025-10-25,Jacket,Clothing,3,2186.22,delivered
7797,64eA726bc50F408,2026-01-08,SQL Guide,Books,5,2807.62,shipped
7798,8a0382fc0Adf2f6,2025-04-12,Keyboard,Electronics,3,1876.83,created
7799,BA3725ea7CC4Bcb,2025-11-20,Jacket,Clothing,4,922.58,paid
7800,4A0d0C2Fc692F4a,2025-06-24,Keyboard,Electronics,3,1105.55,shipped
7801,DD7f2EADEA959F8,2024-12-16,Jeans,Clothing,4,568.23,cancelled
7802,35DE2E1E73fE0a4,2025-09-20,Headphones,Electronics,2,1674.07,cancelled
7803,dA71b3E431f1301,2024-11-28,Machine Learning,Books,2,1574.52,created
7804,ea7e0AD73Ca4eF4,2026-03-13,Data Engineering,Books,3,2503.17,cancelled
7805,19FcA714Cf3e056,2026-01-04,Keyboard,Electronics,3,1796.3,cancelled
7806,ACdfaa5D6A8C1D8,2024-07-19,Sneakers,Clothing,5,1915.47,paid
7807,1eDc541C0Ad7eaC,2024-12-10,Data Engineering,Books,5,573.63,cancelled
7808,bcED1cd0e4480F4,2026-02-15,Sneakers,Clothing,5,1419.55,paid
7809,AE5C1E5FA91c6Ab,2025-05-29,SQL Guide,Books,2,1110.7,shipped
7810,EB7C8641de1AC0E,2024-11-14,iPhone,Electronics,2,221.16,paid
7811,f8A02DDcfDDDEd1,2026-03-22,Headphones,Electronics,1,2494.09,cancelled
7812,eA2339C45B8fEfb,2024-12-30,Headphones,Electronics,3,597.55,paid
7813,46eDc3b85F4e99d,2025-07-27,Jeans,Clothing,1,1764.94,shipped
7814,CD44c8dd9CcFc9b,2025-01-26,Headphones,Electronics,5,1791.88,paid
7815,B9581f000eca305,2024-11-16,Laptop,Electronics,5,2375.03,delivered
7816,87fA6cE1BdddCe6,2025-12-07,Machine Learning,Books,3,1557.3,shipped
7817,5B9FBD9cdfDA46E,2025-11-23,Jacket,Clothing,1,2137.31,paid
7818,6a0C27109B7D5BD,2026-04-17,Jeans,Clothing,1,1743.26,shipped
7819,a73EabCBD7Ad367,2024-08-11,Data Engineering,Books,3,78.02,delivered
7820,EAC25ac7fF1e827,2025-10-16,Machine Learning,Books,4,98.26,created
7821,84eE7FbBaDfE4c7,2025-07-21,Headphones,Electronics,4,1307.22,shipped
7822,2D0fEF6D908eE3C,2026-03-02,Keyboard,Electronics,4,1340.68,shipped
7823,E59cf28a7A2e0eA,2026-02-05,Machine Learning,Books,5,2166.93,cancelled
7824,d2E11AE770eA5F8,2025-03-26,Headphones,Electronics,1,410.78,paid
7825,Feb7cC991cfc4d7,2024-10-22,Machine Learning,Books,3,1269.08,cancelled
7826,7CfE91d6441E55C,2025-10-24,Keyboard,Electronics,2,257.76,paid
7827,be1EF7E91ac820c,2025-08-02,Python Book,Books,5,2235.48,created
7828,d710c65c1fd5A0A,2024-08-21,Laptop,Electronics,5,2960.05,cancelled
7829,2F63937058aCFD4,2025-09-03,Sneakers,Clothing,4,1903.7,created
7830,853ccABD0bdF5fD,2024-08-15,Laptop,Electronics,2,1218.3,created
7831,edBA5aEb55731e5,2024-06-11,Laptop,Electronics,5,1987.12,delivered
7832,FB76aa3E90DDBfA,2025-11-25,Laptop,Electronics,2,1581.8,paid
7833,d5a42b9e79Deed8,2026-04-14,Jeans,Clothing,5,1623.14,created
7834,FB7Bdaf0aF328ba,2025-03-01,Python Book,Books,1,2074.94,paid
7835,10C0eB54dAb149c,2026-03-04,Jacket,Clothing,2,630.37,paid
7836,F0A2dBBEE5Edc08,2025-05-16,Jacket,Clothing,1,2937.52,cancelled
7837,Ada9f6Cbf0EB1C0,2024-11-07,SQL Guide,Books,3,2629.99,shipped
7838,A0109C6c1dedFbE,2025-08-26,Laptop,Electronics,4,2273.05,created
7839,8a281f7aCBc7eEE,2024-12-04,iPhone,Electronics,5,2696.31,created
7840,3DaB2a0E69F9Ccf,2025-12-20,Machine Learning,Books,3,2464.08,shipped
7841,5db7e1Be5E2bF7e,2025-11-09,Headphones,Electronics,1,2531.98,cancelled
7842,0C2EDb3eaAC6bF0,2025-09-17,Jeans,Clothing,2,1924.33,cancelled
7843,b1d4A70cfF2Ed72,2025-02-05,T-Shirt,Clothing,4,1388.36,created
7844,e3CD539FDf36e59,2025-11-12,Monitor,Electronics,3,1896.91,cancelled
7845,DdB4Fa8dEe8CfB6,2025-06-15,Data Engineering,Books,5,1122.59,cancelled
7846,FefCdFD8CEd81a4,2026-04-08,Python Book,Books,1,25.3,shipped
7847,C62991CdC5BFdd7,2026-01-11,Jacket,Clothing,4,2116.75,delivered
7848,1fccAeeBAF24743,2024-10-09,Jacket,Clothing,4,564.39,created
7849,6B80ACCB3f5dca1,2025-12-25,SQL Guide,Books,1,1721.89,cancelled
7850,fF47E82D5B0b339,2025-01-21,Headphones,Electronics,3,580.59,created
7851,13BaC26161aabc3,2025-04-08,Laptop,Electronics,5,2771.6,shipped
7852,3fE922afB5aAe12,2024-06-11,Keyboard,Electronics,4,2759.97,paid
7853,3bEfFdc0D6f56EF,2024-07-01,Machine Learning,Books,5,1632.84,paid
7854,DABFf862bAaBCCf,2025-04-07,Sneakers,Clothing,1,2739.24,cancelled
7855,Ab36B70ddf4Fa67,2024-11-24,iPhone,Electronics,2,2406.26,shipped
7856,AC4C547B9ea04ee,2025-02-16,iPhone,Electronics,1,1614.16,shipped
7857,8AF7cF3DbB527f4,2025-11-01,Machine Learning,Books,4,972.99,shipped
7858,FBdCDc7DA56Fb8c,2025-05-21,T-Shirt,Clothing,3,1898.88,shipped
7859,c1FEF314C62a281,2026-01-20,Jacket,Clothing,3,1399.55,cancelled
7860,25b1f41aD9AaBa8,2025-12-13,Sneakers,Clothing,5,2032.59,cancelled
7861,EaB06AD99CCAFA5,2025-03-13,Keyboard,Electronics,3,634.13,delivered
7862,2eDbF70db432464,2024-12-16,Monitor,Electronics,3,237.83,shipped
7863,fBd268AEb6d7cbb,2026-03-28,Data Engineering,Books,5,74.58,paid
7864,7F16cD29D01fc58,2025-09-26,Laptop,Electronics,2,644.85,delivered
7865,687daFd8ebe2E9C,2024-07-21,Sneakers,Clothing,3,2129.78,created
7866,DCAa5c5aa491FCd,2025-11-22,Machine Learning,Books,3,1874.91,shipped
7867,b3cb6dC7a5e0129,2025-10-16,iPhone,Electronics,2,1259.57,cancelled
7868,EEDECBDAce0a5BA,2025-05-15,iPhone,Electronics,2,659.87,delivered
7869,71f6c5fa0d15dCb,2024-12-18,SQL Guide,Books,3,2051.02,delivered
7870,BAf94ee544E32Af,2026-04-07,Machine Learning,Books,5,2367.67,delivered
7871,ac2CFaCFD0540DC,2025-03-19,Jeans,Clothing,1,1353.85,shipped
7872,87Ef70225A957E9,2025-09-21,Python Book,Books,5,2993.31,created
7873,BFBBEFA41eE4204,2024-09-23,Data Engineering,Books,1,2096.26,created
7874,DE7FEa7EcE23e74,2026-01-04,Machine Learning,Books,3,2031.49,paid
7875,73E92BdE0bF83A2,2026-04-18,Python Book,Books,4,1339.47,paid
7876,2032B6D5b6CB812,2025-02-01,SQL Guide,Books,5,547.36,cancelled
7877,BBc7309e2165c1b,2025-03-15,Python Book,Books,4,1257.36,created
7878,a7D7fEc8FC5C7bf,2026-05-02,Jacket,Clothing,5,1963.5,shipped
7879,F1b8E67Af2DF5b4,2024-08-03,Laptop,Electronics,1,878.57,cancelled
7880,BE2afbB0da4bDD6,2026-04-21,SQL Guide,Books,2,1421.9,created
7881,0bfAf2Ac3E3e736,2025-07-29,Laptop,Electronics,1,1469.97,shipped
7882,78D8fF86514D5E7,2026-03-26,Jeans,Clothing,5,2651.09,cancelled
7883,81e4Df9a9EA118d,2024-07-18,Jeans,Clothing,1,1050.0,paid
7884,bcedBCe6609aC8f,2026-01-10,iPhone,Electronics,5,2114.55,created
7885,46fdd36CF5bAE2B,2025-08-06,Sneakers,Clothing,5,945.99,delivered
7886,7e83D7eff1037D2,2024-05-27,Machine Learning,Books,3,1320.13,created
7887,C70B7Be5a9c46Ac,2026-04-30,iPhone,Electronics,5,1318.62,paid
7888,E0D8E557d3dCEc6,2025-01-26,Keyboard,Electronics,3,2600.22,created
7889,8abc5D8DB5bFAe2,2024-12-21,Python Book,Books,4,2062.88,paid
7890,7efaF7dcE6BC01C,2025-07-29,Keyboard,Electronics,5,1490.81,cancelled
7891,e8aC7FDa5ebDA97,2024-11-28,SQL Guide,Books,4,2150.93,delivered
7892,DfDbC1c1dacE376,2025-01-26,T-Shirt,Clothing,4,1525.53,shipped
7893,046DdB629C64AFF,2026-02-19,Data Engineering,Books,1,1980.47,delivered
7894,fAa6b8BF0CA6F0f,2026-04-04,Python Book,Books,4,550.61,delivered
7895,316cc5BB3f4fAef,2024-08-08,SQL Guide,Books,4,2516.3,paid
7896,d6CfDFEb4FbC122,2025-06-10,Machine Learning,Books,1,40.14,created
7897,f367Ecf236FBEAB,2024-12-02,Python Book,Books,1,2951.78,shipped
7898,BdDC34E8f504259,2025-03-29,Jacket,Clothing,3,2955.14,delivered
7899,aFC32FAEabE06f8,2026-01-25,Laptop,Electronics,4,1810.4,shipped
7900,D070CaB71cf3a0f,2025-09-21,Keyboard,Electronics,5,329.04,paid
7901,1177CA29A60ae1F,2024-05-27,Jacket,Clothing,4,236.06,paid
7902,479A0Ddf62E0E7A,2025-01-20,Headphones,Electronics,1,1377.13,paid
7903,7D3025D75000Cd0,2025-05-09,Python Book,Books,1,319.14,cancelled
7904,C988997Aa4e2aC9,2024-09-19,Laptop,Electronics,4,2050.16,created
7905,F05F477DD56696b,2025-04-16,Monitor,Electronics,5,325.74,cancelled
7906,D30fa02DD7AaE2e,2025-04-28,SQL Guide,Books,1,2630.3,delivered
7907,b3e33496BE33b3f,2024-06-12,Python Book,Books,1,2747.54,paid
7908,EFD93C1FEc32733,2024-12-12,Machine Learning,Books,3,1403.74,shipped
7909,ad6E98Ff3b9f5aD,2025-01-28,Sneakers,Clothing,2,524.06,created
7910,a3233B5AEa4ac23,2025-10-29,Laptop,Electronics,5,1804.89,paid
7911,Acd486660A8726f,2024-07-04,SQL Guide,Books,3,2079.14,delivered
7912,d62879fe96FA93e,2026-04-27,Python Book,Books,5,948.58,shipped
7913,2ac7fD2Bae382EE,2025-04-11,Jeans,Clothing,5,2179.18,cancelled
7914,DAEf8C5Fc59d22A,2025-05-07,Headphones,Electronics,5,2940.27,paid
7915,2E05Aacd37daAF5,2025-07-02,Monitor,Electronics,2,1896.46,delivered
7916,db2BB2dFb4e36ae,2026-05-08,iPhone,Electronics,1,1922.96,created
7917,A2b6c75Afeb3Ab2,2024-11-07,iPhone,Electronics,5,203.5,paid
7918,4a857D0df177187,2025-10-09,iPhone,Electronics,3,1802.72,shipped
7919,849AF5f8Db8D4bE,2024-08-28,Data Engineering,Books,2,1809.51,delivered
7920,c8878bCDF73Fa0E,2024-11-25,Sneakers,Clothing,1,506.91,delivered
7921,1B9ecAa37FAB7DD,2025-03-27,T-Shirt,Clothing,5,2390.54,delivered
7922,F3360C2DfFC68Da,2024-08-27,Monitor,Electronics,5,1004.98,paid
7923,E5Be8D0d1F2c80F,2025-12-13,Keyboard,Electronics,1,1518.73,delivered
7924,1b4fc9E4B95A2B9,2025-02-06,iPhone,Electronics,4,2836.5,created
7925,c1A4A1CBecBac4f,2024-05-19,T-Shirt,Clothing,5,2164.49,created
7926,Dca9A7b24a3cB08,2024-06-04,T-Shirt,Clothing,2,2703.98,created
7927,bCb7A8AeDBfd81d,2025-05-18,Python Book,Books,3,1674.3,shipped
7928,daB0c8FEc44B7F4,2024-09-05,Machine Learning,Books,1,787.53,shipped
7929,aFf15FEEBFE9bac,2025-10-08,Jacket,Clothing,2,127.21,delivered
7930,26b6D3fF70664f7,2025-12-24,T-Shirt,Clothing,2,844.5,paid
7931,AC7ad2E2f6CF8b6,2026-04-13,Machine Learning,Books,1,1500.37,cancelled
7932,C4CEa989BC4c1b9,2024-09-16,Keyboard,Electronics,3,959.11,shipped
7933,70cBf6BA3Cc9AcF,2025-03-26,SQL Guide,Books,1,2943.77,paid
7934,A89E7f35a4F64b7,2025-03-31,Jacket,Clothing,3,1748.78,paid
7935,92Accbe1bc5aFe8,2025-07-05,Machine Learning,Books,3,424.41,shipped
7936,aE59A4D1Ae3eBe6,2025-02-08,Jeans,Clothing,1,1735.47,shipped
7937,C55D931AF32eeA8,2024-11-09,Sneakers,Clothing,2,2004.2,shipped
7938,4bD8dAa2E3DF8ff,2026-02-01,Keyboard,Electronics,5,1209.09,delivered
7939,BF6e18BA06C13Bd,2024-12-07,iPhone,Electronics,2,2547.51,cancelled
7940,eC6F5aebBde3aC8,2024-07-06,Jacket,Clothing,2,262.05,delivered
7941,824b1acCFCDad5B,2025-12-11,Jacket,Clothing,4,2448.58,shipped
7942,e5fEEcFc0Ba2De9,2025-07-19,Sneakers,Clothing,1,2208.38,created
7943,b20c060718d87D9,2026-03-24,SQL Guide,Books,3,1055.73,shipped
7944,78eBb1305aff177,2025-06-09,Machine Learning,Books,3,913.74,shipped
7945,afe0E44Ab2b25Dd,2025-02-09,T-Shirt,Clothing,3,1394.16,paid
7946,9b9EedA1F2BCa63,2025-05-05,Machine Learning,Books,4,1136.85,paid
7947,60B3cdc33AA32EA,2025-08-06,Jacket,Clothing,4,1729.78,paid
7948,5bB6C6F8329214c,2025-03-01,Machine Learning,Books,2,674.12,created
7949,409bBCb5817e844,2025-04-09,Headphones,Electronics,3,1923.82,cancelled
7950,be448a99ba6059e,2025-10-06,Laptop,Electronics,3,2652.2,shipped
7951,eBDD04553c74271,2025-08-11,Jeans,Clothing,1,736.84,paid
7952,eA3b6f2BceCbf0C,2026-02-01,Monitor,Electronics,4,277.44,delivered
7953,Bc5cBBe07DbDBc0,2026-02-11,SQL Guide,Books,1,2040.64,cancelled
7954,907dbB4ad5a90d3,2024-08-02,iPhone,Electronics,3,2558.1,created
7955,30FE789F1bA0FbC,2026-03-24,Machine Learning,Books,3,1221.11,cancelled
7956,Ec45B9d9eE5F618,2025-07-11,T-Shirt,Clothing,2,1900.95,paid
7957,Db40dCC557D3c9C,2025-11-21,SQL Guide,Books,4,993.12,paid
7958,14BEcAAebbb36EC,2024-12-11,Headphones,Electronics,1,545.61,paid
7959,d24c0527698d57B,2024-10-28,iPhone,Electronics,1,2660.66,shipped
7960,cBC433dec7FFE74,2026-02-22,Python Book,Books,5,1746.87,shipped
7961,a8F0BC72c14Ea1D,2025-03-22,Sneakers,Clothing,3,213.62,paid
7962,4Fcaca245Ce7DeE,2025-08-25,Sneakers,Clothing,1,1326.5,cancelled
7963,77923Dd1B9f2f82,2026-01-21,Python Book,Books,4,202.4,cancelled
7964,95A75801613C0fF,2025-09-30,T-Shirt,Clothing,2,1331.3,created
7965,5eB4eD9fA2CB57b,2025-07-01,SQL Guide,Books,5,2107.74,cancelled
7966,170ca6d0b0957BF,2024-05-21,Sneakers,Clothing,5,2955.63,cancelled
7967,A03b9d81D8C93e2,2025-12-15,Laptop,Electronics,5,1295.8,shipped
7968,6180F6B64a8FF4D,2025-02-24,Jeans,Clothing,4,2590.06,created
7969,c965dB0ad41D3e7,2024-08-30,Sneakers,Clothing,2,1102.49,cancelled
7970,6E3F10Df8FB0b9C,2025-08-24,Laptop,Electronics,3,1474.74,cancelled
7971,b6DbdDe7d54C74e,2025-02-14,Data Engineering,Books,4,912.42,delivered
7972,Ce2E8fd07cD54b7,2024-05-28,SQL Guide,Books,4,1007.61,delivered
7973,f820c5D4acc2815,2024-12-12,SQL Guide,Books,5,2584.47,cancelled
7974,FdEd466c3CEB8ae,2024-11-24,Jacket,Clothing,4,1990.96,created
7975,5AEaE64D13d4566,2025-06-25,Jacket,Clothing,2,343.61,paid
7976,7b5bea5Ba7CFFF1,2025-06-26,Keyboard,Electronics,5,2453.69,cancelled
7977,2026b7a9d2B71a5,2025-02-01,Data Engineering,Books,4,1612.29,created
7978,Ec2Cc65AACfBBa1,2025-04-10,iPhone,Electronics,2,2047.13,delivered
7979,88CBd05e5C7f57b,2024-05-08,Data Engineering,Books,5,1773.39,cancelled
7980,Ec2efA5a8124DCF,2024-05-23,Laptop,Electronics,3,805.41,cancelled
7981,f820231C77DC800,2024-12-04,Machine Learning,Books,3,2741.51,cancelled
7982,caa0DE515Bbb5c1,2025-09-01,Monitor,Electronics,3,262.88,paid
7983,839f7ADb4bcBd48,2025-09-19,Jacket,Clothing,1,513.18,shipped
7984,42018eAC85b274F,2025-01-05,Laptop,Electronics,2,721.08,paid
7985,0077c3B3fFcac7C,2025-11-15,Python Book,Books,4,799.33,cancelled
7986,A0361Dc2Cba6cfc,2024-12-10,Sneakers,Clothing,4,2910.32,delivered
7987,EfF0891d6115F9b,2026-03-06,Headphones,Electronics,2,442.81,paid
7988,757AB41Fb7f8D3c,2024-06-23,Headphones,Electronics,5,564.88,cancelled
7989,374bbb6aDCb15fd,2026-03-21,Sneakers,Clothing,4,518.81,delivered
7990,Adf18AfEc62AB7E,2024-08-07,SQL Guide,Books,1,278.17,shipped
7991,D8601F9F7C9Bcd4,2026-01-18,T-Shirt,Clothing,4,2404.58,cancelled
7992,Da1117Cf39Ad988,2026-04-17,Data Engineering,Books,1,2265.2,cancelled
7993,0a3007c9C333dA3,2025-03-05,Jeans,Clothing,2,1712.56,shipped
7994,D84acaAAFd9b42d,2025-10-23,Keyboard,Electronics,5,1290.26,shipped
7995,F1dbea905ed5dec,2025-04-17,SQL Guide,Books,2,2215.15,paid
7996,cd2A592f3aCca65,2024-06-21,Data Engineering,Books,5,947.23,cancelled
7997,Cceffba8adE88dd,2025-09-28,Data Engineering,Books,1,2229.33,created
7998,8F0Bd2b4f2CBfaC,2024-11-22,Jacket,Clothing,1,102.01,created
7999,caB67fc84e81a2e,2026-02-24,SQL Guide,Books,1,1106.09,paid
8000,3d33BE6ABedBA6c,2026-02-22,Data Engineering,Books,5,218.11,delivered
8001,66c862aAF403D37,2025-12-02,Jacket,Clothing,3,608.02,shipped
8002,D7e6edaFb0EeCEa,2024-09-03,Laptop,Electronics,4,1997.05,shipped
8003,aA693d14aceFe2A,2025-10-29,Jacket,Clothing,1,1769.03,delivered
8004,89ebDF1DeCd5c4C,2025-05-08,Laptop,Electronics,4,1218.77,paid
8005,26C62aeAd0cb8DA,2025-06-12,Machine Learning,Books,1,1093.42,delivered
8006,675Feb3eC91dD4E,2025-12-05,Data Engineering,Books,4,521.98,cancelled
8007,f353514cF1F2dbB,2025-09-12,SQL Guide,Books,1,2793.71,delivered
8008,d44E3AAbE4dAAfD,2026-04-27,Jeans,Clothing,2,1268.11,delivered
8009,A60aBa1d2e6eaA8,2024-12-27,Jacket,Clothing,4,1076.6,cancelled
8010,E7Bb5Afa94Adab1,2025-09-14,Python Book,Books,3,2286.34,created
8011,6fEF73EFab73cFb,2024-11-18,Keyboard,Electronics,1,2807.15,shipped
8012,D2CA5f3D5BCe242,2024-09-08,Jacket,Clothing,4,2354.72,paid
8013,a1fDc37EffcE648,2025-08-03,Headphones,Electronics,4,148.5,shipped
8014,Bc8e653E8c95afc,2025-12-18,Monitor,Electronics,1,2653.44,delivered
8015,465f3684E4C7e6a,2026-02-21,Jeans,Clothing,5,2999.94,cancelled
8016,E4D3fD6aF9C0c23,2024-06-11,Jeans,Clothing,4,368.6,paid
8017,F8042Ff1f1f44b4,2026-01-20,Jeans,Clothing,4,544.83,paid
8018,302DcB81e5eBe9c,2025-09-24,T-Shirt,Clothing,5,309.9,paid
8019,33E2fd70c980647,2026-03-13,Machine Learning,Books,5,546.19,created
8020,b68Df714Bfa71Af,2025-04-06,SQL Guide,Books,5,2055.96,delivered
8021,BbD2705dDeD04Fa,2024-05-12,Machine Learning,Books,4,1706.36,delivered
8022,Dbd04f05c03Aa7E,2026-03-30,Keyboard,Electronics,3,1145.34,shipped
8023,5D0a1d5dfcF18Ab,2025-10-13,Monitor,Electronics,1,1136.11,shipped
8024,6c0eaFFCFBA68a4,2025-07-01,SQL Guide,Books,3,157.02,shipped
8025,0a5fEa5C0AaBdeA,2025-06-26,Keyboard,Electronics,4,1501.43,shipped
8026,0f3Cd6a3FAee59a,2026-01-18,Jeans,Clothing,2,1994.79,paid
8027,AdccDaB6BB1B5f3,2025-12-11,T-Shirt,Clothing,1,48.94,created
8028,feB0aF9FeBd3aB3,2024-06-10,T-Shirt,Clothing,4,1217.22,paid
8029,0E2aF2AcC65B8d7,2024-11-10,Monitor,Electronics,2,182.62,paid
8030,68EcbaD8CbDaADB,2025-07-12,Python Book,Books,1,2305.02,shipped
8031,D886610FFCbC78e,2024-08-21,Jeans,Clothing,2,84.0,delivered
8032,CEc66cABccf3c7b,2024-10-23,T-Shirt,Clothing,1,2063.34,paid
8033,B8DCfF4867AFFc4,2025-03-28,Data Engineering,Books,1,2830.08,delivered
8034,9AC2abdF0de6FAe,2025-10-30,Sneakers,Clothing,2,2244.29,paid
8035,d7640dbA9F24E73,2024-05-17,Machine Learning,Books,4,77.14,delivered
8036,eFFaFCd8EebCFCA,2026-04-07,SQL Guide,Books,5,2651.2,delivered
8037,Ac0Ba6726bcd7e4,2025-09-29,SQL Guide,Books,2,2285.94,cancelled
8038,1b2CfA62dE28BdF,2024-12-14,Headphones,Electronics,5,2487.08,paid
8039,FB4A984101ED24a,2024-11-16,SQL Guide,Books,4,770.09,cancelled
8040,D87Abb026Fb9aaa,2026-05-04,SQL Guide,Books,4,2374.81,paid
8041,9E3DcEd36cD24d0,2024-08-28,Sneakers,Clothing,3,2587.97,paid
8042,D5c1f9ebFFa33Ea,2026-04-23,iPhone,Electronics,2,1404.67,shipped
8043,6d8eBCf684Eff30,2025-11-16,Keyboard,Electronics,2,1578.1,cancelled
8044,84A4BA1f6Caae1E,2025-11-11,Jacket,Clothing,1,1673.13,paid
8045,fd8ac2C249EecEB,2025-10-15,iPhone,Electronics,1,346.72,cancelled
8046,363dAf3Ae2F4Ccf,2025-07-02,Data Engineering,Books,3,1808.61,shipped
8047,90B7bDADEa3f522,2024-08-25,Sneakers,Clothing,4,1694.66,created
8048,2c59f7C64211046,2024-08-14,Machine Learning,Books,5,782.4,delivered
8049,8aDaf5c8Ba99e2d,2025-02-15,Machine Learning,Books,2,2856.46,shipped
8050,04bBbeeeaE342e6,2024-12-19,Monitor,Electronics,4,1895.8,delivered
8051,7eCba6E5Cc814Af,2024-09-08,Jeans,Clothing,2,693.42,paid
8052,2A91f9F95384A5f,2024-07-04,T-Shirt,Clothing,2,235.03,shipped
8053,974E5fD76F0Eb5B,2025-10-25,T-Shirt,Clothing,2,692.11,created
8054,DfAFceeBBFF9DEc,2024-07-25,Keyboard,Electronics,2,2558.36,paid
8055,451dD80243D864e,2026-02-05,Monitor,Electronics,1,1068.2,created
8056,237F2510e95c3B2,2025-12-23,SQL Guide,Books,2,2594.98,cancelled
8057,EAccE3DeE44Ca46,2024-06-04,T-Shirt,Clothing,1,2922.73,created
8058,0B40Ff08DdDb0DF,2025-07-29,Data Engineering,Books,1,1866.09,created
8059,6F3055aA26CeDD6,2024-11-04,Jacket,Clothing,3,879.52,paid
8060,1DB6deCeDA5e2D1,2024-06-15,Sneakers,Clothing,5,2694.63,shipped
8061,37ACB06BFfcB3FE,2025-11-14,SQL Guide,Books,2,2518.85,paid
8062,FDA44b0dd6FCF91,2025-10-30,Machine Learning,Books,2,2020.45,shipped
8063,48BfcdD6e28119b,2025-06-07,Jacket,Clothing,2,193.91,shipped
8064,Ca125DDfdcFf0FE,2024-07-29,Jeans,Clothing,2,68.75,delivered
8065,d218c0AdEc9E6Ba,2025-08-23,Machine Learning,Books,2,2506.13,shipped
8066,9C65dc4Aee32c2b,2024-06-26,Monitor,Electronics,1,1988.77,delivered
8067,d502DcABdb9FcCa,2024-06-04,Jeans,Clothing,4,674.18,created
8068,8f0B41BDAAc0FEc,2026-01-19,SQL Guide,Books,1,1323.27,shipped
8069,03f768b9B8a85Dc,2026-05-08,Python Book,Books,5,1227.25,cancelled
8070,73CE9Ca1EFbB482,2024-12-17,Python Book,Books,5,540.73,paid
8071,27a8d50c2Dc3579,2025-07-12,Python Book,Books,5,958.47,created
8072,061cd1d9BdBF84a,2026-02-26,Sneakers,Clothing,5,1223.32,cancelled
8073,E51bD7A08a39C9B,2024-11-23,Laptop,Electronics,1,371.02,created
8074,608AAeEbbF095B2,2024-09-22,Python Book,Books,4,896.11,shipped
8075,E9d237B8206C12F,2025-12-24,Jeans,Clothing,5,341.66,created
8076,CB7E81aCeAd7F00,2025-03-03,Monitor,Electronics,3,272.09,paid
8077,cb1cfEEf4c5bB0D,2025-05-06,Jacket,Clothing,1,392.99,shipped
8078,8eAcd432EFc1406,2025-01-30,Jeans,Clothing,1,373.94,delivered
8079,Da27fD6Ec5EB45E,2025-07-17,Sneakers,Clothing,5,2558.4,delivered
8080,5F51de86a403AE8,2025-06-02,SQL Guide,Books,4,2704.22,paid
8081,5ecE15B8Dfb7afE,2025-01-06,Keyboard,Electronics,1,70.28,shipped
8082,8E6dFbCc14f08Df,2026-03-08,Sneakers,Clothing,2,235.8,created
8083,AdaC7b78E7A4d91,2026-04-25,Jacket,Clothing,2,1785.6,shipped
8084,23FacbED7453ccb,2024-05-26,Machine Learning,Books,4,2804.97,cancelled
8085,c6DFdAbF90bcacd,2026-02-14,Keyboard,Electronics,4,1646.68,created
8086,9f8ebBC278f069B,2025-07-31,Data Engineering,Books,5,2576.73,paid
8087,D791Caf30d85239,2026-03-31,Data Engineering,Books,2,932.61,delivered
8088,bB0FD656fd9D046,2025-01-07,SQL Guide,Books,3,507.72,paid
8089,dc590F8fC0Fe23B,2025-09-26,Machine Learning,Books,2,1701.63,created
8090,1a522cED63418df,2024-11-14,Jeans,Clothing,4,2143.76,delivered
8091,e8ea0345Df5bcc5,2025-06-30,Keyboard,Electronics,4,783.85,delivered
8092,b1eBc93a34b8A27,2024-12-27,Machine Learning,Books,3,422.26,paid
8093,A5EaeDd4bc8E14c,2026-04-10,Headphones,Electronics,2,1982.93,cancelled
8094,deF1FB5DC71aA47,2024-05-10,iPhone,Electronics,4,145.58,paid
8095,F5dFe21Cc79c7Be,2024-06-17,T-Shirt,Clothing,1,2869.61,created
8096,Bc10c6F0a8Cfc95,2024-05-26,Jeans,Clothing,2,1808.15,paid
8097,8cAC60A91Dd5E35,2025-08-11,T-Shirt,Clothing,2,1900.37,delivered
8098,df4Bc14cb39AbfC,2026-03-13,Jeans,Clothing,2,1892.67,created
8099,B72becA7Cc7Efd8,2024-12-01,SQL Guide,Books,2,1442.56,shipped
8100,D8588ea0F0cdd39,2024-05-24,Jeans,Clothing,2,1568.6,shipped
8101,2eAc5af3C25491c,2024-10-28,iPhone,Electronics,1,696.11,paid
8102,7c7FBEAeFC3F7F3,2025-11-01,Jeans,Clothing,4,665.49,created
8103,7e99B4AEe8C6c1d,2025-03-17,Headphones,Electronics,1,1126.55,cancelled
8104,1ce4007CBeE022b,2025-12-20,SQL Guide,Books,3,1114.16,cancelled
8105,A5A8e16D13D7aCA,2025-04-25,SQL Guide,Books,3,1325.46,paid
8106,3Ae1Bd41A482e0d,2025-03-29,Monitor,Electronics,4,87.89,delivered
8107,B0a6954c34019eE,2024-12-07,Python Book,Books,4,1833.82,delivered
8108,aE9eaAfC6BDc0A2,2025-08-23,iPhone,Electronics,3,937.03,shipped
8109,Ac7C1Ed56037DBD,2026-03-06,Headphones,Electronics,1,2108.66,delivered
8110,32fcbE781EFdcb6,2025-12-09,Jacket,Clothing,5,1787.5,cancelled
8111,fd897e4b9b5Db23,2025-05-10,Machine Learning,Books,4,956.14,cancelled
8112,7DdbdCF9e2df85b,2025-01-14,Machine Learning,Books,5,1949.16,paid
8113,B0ec9b7eFbc8dAa,2025-02-26,Jeans,Clothing,5,1926.14,shipped
8114,3553d6C95B12C91,2025-04-14,T-Shirt,Clothing,4,2285.9,cancelled
8115,12eF58E507b955E,2024-08-14,iPhone,Electronics,1,2306.41,delivered
8116,48D6f8d6Ec6E22e,2024-11-02,Laptop,Electronics,3,913.16,shipped
8117,dD4c42EA235BF7E,2024-09-23,iPhone,Electronics,5,675.25,created
8118,7A1a3dD26ea0C6d,2025-02-11,Machine Learning,Books,4,2854.46,paid
8119,bF01CAa9af64eBB,2025-09-12,Jeans,Clothing,3,2655.9,shipped
8120,88ab20C0fBe729c,2026-02-26,Machine Learning,Books,5,2055.55,created
8121,fB802F0bbF1aBaD,2026-01-18,Jeans,Clothing,4,321.91,paid
8122,6EbFB7C5deD8ec6,2025-04-26,Python Book,Books,3,315.76,paid
8123,A45BEE633CfaF8f,2024-10-23,T-Shirt,Clothing,4,273.8,cancelled
8124,AD5686cd669D5dD,2026-04-17,Headphones,Electronics,5,2790.78,paid
8125,aDE35ebBcE0ea54,2024-12-17,T-Shirt,Clothing,1,1480.06,delivered
8126,49bea0daDC20966,2024-12-24,Monitor,Electronics,2,2724.35,delivered
8127,0eD62c7Bc8dAC8b,2025-04-14,Machine Learning,Books,1,2774.52,delivered
8128,3e2C6e1902d232F,2026-02-26,Data Engineering,Books,5,1419.41,created
8129,292EA3b16C7c799,2025-07-12,Jacket,Clothing,2,2481.14,cancelled
8130,6f5aEdEC1fCbEDA,2024-05-27,SQL Guide,Books,5,1556.62,paid
8131,4cEa7EEcc6aDd0D,2024-10-02,Python Book,Books,2,2663.09,delivered
8132,509B5F145A3057c,2025-06-05,Machine Learning,Books,3,1487.1,delivered
8133,Be1cbC97b349dA9,2024-10-10,Laptop,Electronics,3,2126.37,shipped
8134,4dcb1110A0AF6CB,2025-11-17,Python Book,Books,1,553.78,paid
8135,1b4E5eaBFe62D9b,2024-12-01,Sneakers,Clothing,3,679.62,delivered
8136,3316ccb33d4D14c,2025-02-05,Headphones,Electronics,4,1334.43,shipped
8137,5a9DBD33BAa9C7a,2024-11-13,Sneakers,Clothing,1,610.54,paid
8138,0d9fddd2AfbCe4c,2025-04-13,SQL Guide,Books,1,2913.77,shipped
8139,AFCCCBfCFfd56Ec,2026-01-14,Sneakers,Clothing,2,984.21,paid
8140,2DCe647ea409B8d,2025-06-14,Python Book,Books,1,1480.19,delivered
8141,e8E8B7aaEEff778,2024-08-16,Sneakers,Clothing,1,2472.65,shipped
8142,0B7EB0fB1B84Fde,2025-09-13,T-Shirt,Clothing,2,61.43,paid
8143,bFCb2FffED61143,2024-11-21,Keyboard,Electronics,5,950.95,delivered
8144,1203e2fF966BEF6,2025-10-12,Jacket,Clothing,2,2483.97,created
8145,75cEA74BdeAc455,2025-03-05,Jacket,Clothing,5,1623.91,delivered
8146,6ff06Ea3f7DBC11,2024-08-01,Sneakers,Clothing,3,2441.9,created
8147,fFEccE81A0c82Cd,2025-04-18,Laptop,Electronics,3,1608.82,delivered
8148,A40Df47eEFebC91,2025-11-17,Keyboard,Electronics,4,1558.61,delivered
8149,AF47ac7DFf2a4AA,2026-02-07,Sneakers,Clothing,4,1380.82,paid
8150,F55dbef6dC48f6f,2025-06-29,Python Book,Books,3,1072.23,cancelled
8151,ebcc62D7D0a1B8E,2025-01-27,iPhone,Electronics,2,1948.03,delivered
8152,23A3DD7ed1bBA4D,2025-09-04,Headphones,Electronics,1,127.26,created
8153,bA803B2DBDa3Bc2,2025-09-02,Headphones,Electronics,2,2181.62,paid
8154,7Cf1fB34F2822da,2025-07-17,Monitor,Electronics,1,962.71,shipped
8155,35A43cc07166FBF,2026-01-06,Laptop,Electronics,2,57.98,created
8156,cD3fd6Fc2a43Ae9,2024-12-19,iPhone,Electronics,3,2009.14,shipped
8157,a8F581fb8c16EaB,2025-05-05,SQL Guide,Books,4,2455.85,cancelled
8158,9Cd1fa7B16DCF1F,2026-01-02,iPhone,Electronics,3,2461.42,created
8159,F279Dc7EC12Facf,2025-12-10,Jacket,Clothing,1,465.49,created
8160,EECfe3BecCAcdd1,2024-10-07,SQL Guide,Books,1,2969.46,shipped
8161,D27f389FFB9FE1F,2025-02-11,Headphones,Electronics,4,1511.37,cancelled
8162,2bd92b3FE2DFf08,2026-05-08,SQL Guide,Books,1,143.34,created
8163,D44BaDBF01814EE,2025-05-02,Machine Learning,Books,2,442.97,cancelled
8164,ff3baeC207Eff8b,2026-05-01,SQL Guide,Books,2,2819.04,delivered
8165,098bCa8A54594DB,2025-02-02,Keyboard,Electronics,2,1031.3,created
8166,FF97caCc7b5515f,2025-07-12,Data Engineering,Books,1,2484.98,shipped
8167,c4fC44FDAa293A4,2024-11-28,Jacket,Clothing,2,659.92,delivered
8168,28D556eE2Ca37df,2024-09-13,Keyboard,Electronics,2,2380.36,created
8169,a722ef0f1844ad5,2025-12-29,Python Book,Books,3,1882.6,cancelled
8170,d9C20AF8db3fdBd,2025-10-27,Python Book,Books,5,2799.52,cancelled
8171,5E6Dbbc87Bcb961,2026-03-20,Laptop,Electronics,4,2835.35,created
8172,20D43A4eC599349,2026-04-10,Machine Learning,Books,4,1687.59,cancelled
8173,Da722C9aeEFF9Ce,2024-07-31,Keyboard,Electronics,4,300.78,paid
8174,2d68E5FDeDA655a,2026-04-15,Laptop,Electronics,3,2523.87,delivered
8175,5584AD5Db559dB8,2025-02-28,Machine Learning,Books,4,2363.87,paid
8176,D9bD310f05c4e33,2024-10-15,iPhone,Electronics,5,2754.35,created
8177,b0aEa0DB8a1DddA,2025-03-26,Jeans,Clothing,2,2934.53,shipped
8178,8A050A23bbf9f14,2026-01-06,Machine Learning,Books,3,26.73,cancelled
8179,4FFDBefb1adFaEe,2025-06-10,T-Shirt,Clothing,3,864.3,shipped
8180,B15DcDaa3Fb5D86,2024-07-14,Monitor,Electronics,2,2503.85,created
8181,c1e0d71dCC8987B,2026-04-23,Python Book,Books,4,2042.3,shipped
8182,3f425DBBea9A42D,2026-03-12,Data Engineering,Books,5,450.92,created
8183,2AF4D13eBBcd157,2025-02-26,Data Engineering,Books,4,55.89,shipped
8184,7F3b8efe70fCBDB,2026-04-11,Data Engineering,Books,3,2359.46,delivered
8185,cD559F5c522dBFD,2025-07-10,Machine Learning,Books,4,2832.37,cancelled
8186,8ec1eFAFc49Fb64,2025-01-07,Laptop,Electronics,1,1256.21,paid
8187,b3a2E7d5885eB80,2025-09-24,Jeans,Clothing,1,2953.99,delivered
8188,04822fB35b2Be38,2024-07-31,Laptop,Electronics,1,1021.93,delivered
8189,BBb9c7Ee0DD6143,2025-09-19,Data Engineering,Books,4,2115.19,shipped
8190,EAe9E4bF70cA4DB,2025-01-01,Laptop,Electronics,1,2345.67,delivered
8191,c1BF06c32eD6274,2024-08-22,SQL Guide,Books,2,2213.11,paid
8192,1BdCf00CfcE2Bb2,2025-06-23,Monitor,Electronics,3,1756.24,created
8193,e3E00cfcD5dF680,2024-06-13,Machine Learning,Books,4,1271.28,delivered
8194,eFc2df7Cc5f3C3c,2025-12-28,Laptop,Electronics,5,1214.1,cancelled
8195,4abaA1436D80b66,2024-10-10,Python Book,Books,3,1258.84,cancelled
8196,Ff0ae40AbB5B0D4,2025-05-07,Machine Learning,Books,3,2734.69,shipped
8197,dBdBDCFDeCBED63,2025-06-22,SQL Guide,Books,5,905.14,paid
8198,A04d17baEbB81Ac,2026-02-27,Headphones,Electronics,5,2597.67,delivered
8199,9fc6e8dc4e6f7B4,2026-02-16,Keyboard,Electronics,5,1577.57,cancelled
8200,F7494332AEe9CCe,2024-10-01,Headphones,Electronics,5,1383.6,paid
8201,FFB82A61f669fCd,2024-06-10,Monitor,Electronics,3,1236.82,delivered
8202,10f5C15F08b93dF,2025-08-16,Monitor,Electronics,4,1069.61,cancelled
8203,338BE007E331B6e,2024-09-30,iPhone,Electronics,3,1755.04,cancelled
8204,0EBdeAC64422cea,2024-12-24,Headphones,Electronics,3,1397.24,shipped
8205,ebdc0C66DB5EBD9,2025-11-19,Data Engineering,Books,5,1430.22,paid
8206,342dbD19134AD1f,2026-01-23,SQL Guide,Books,3,1967.01,delivered
8207,6aCBAC43E565adc,2024-07-03,Laptop,Electronics,5,762.19,paid
8208,c4caEcbacAba164,2024-07-15,Jacket,Clothing,3,217.68,shipped
8209,9aF1Cfcc5DF6044,2026-04-13,Python Book,Books,1,2269.15,shipped
8210,0b9AF2f0eF21F24,2024-12-26,Monitor,Electronics,4,2495.72,created
8211,CA566aF2Ecf2cdB,2024-07-01,Laptop,Electronics,2,147.06,cancelled
8212,B6C73cBcB465bBC,2025-11-08,Monitor,Electronics,4,2138.83,cancelled
8213,314fe7eBddfe5Cc,2025-01-23,Python Book,Books,3,2657.05,cancelled
8214,87AE9C4D1Ff60AD,2025-06-11,Laptop,Electronics,4,117.82,paid
8215,4bf5aeE08a8df55,2025-01-22,Python Book,Books,2,499.37,shipped
8216,c0D3Afdb8E27841,2024-10-24,Jeans,Clothing,1,315.73,shipped
8217,0Dbd6EAd8e3cd7F,2025-10-02,Laptop,Electronics,5,2835.65,shipped
8218,6A6Fdcf16167CB9,2024-10-24,Jacket,Clothing,5,1668.17,paid
8219,DF06AC6ade89cFA,2025-07-01,Python Book,Books,2,1524.58,created
8220,73f5244ABC1D5A8,2026-05-04,SQL Guide,Books,2,1916.5,shipped
8221,D304ABbE2ECDFBB,2024-09-20,SQL Guide,Books,4,2546.52,delivered
8222,2C1bF2De4f46f5d,2026-04-15,Jeans,Clothing,5,961.7,shipped
8223,e5fbdBF6D489a77,2025-09-06,Headphones,Electronics,2,862.44,delivered
8224,eD64bE852940B99,2025-09-24,iPhone,Electronics,2,1501.33,created
8225,d3BdAed15AA937a,2025-11-18,Machine Learning,Books,1,258.6,paid
8226,D33CDBDCc279CDd,2026-05-01,Headphones,Electronics,4,496.38,paid
8227,dbaFbBa1FaBdb29,2025-04-09,Data Engineering,Books,5,226.63,created
8228,Acc69f6EDe1C7Be,2024-06-24,Monitor,Electronics,3,1512.22,shipped
8229,0835e6e4A4bed05,2024-06-06,Headphones,Electronics,1,1879.66,delivered
8230,BBdcd6A282bedAc,2025-08-01,Python Book,Books,3,2361.88,cancelled
8231,3CB7f00CB7BC61c,2024-11-18,Machine Learning,Books,4,571.25,shipped
8232,4F53Ac6e4d20D2D,2025-10-18,Sneakers,Clothing,5,1170.66,shipped
8233,14E964eac2d17A6,2026-03-26,iPhone,Electronics,5,2540.76,shipped
8234,72Ae26Ca9dA5ef3,2024-08-07,T-Shirt,Clothing,4,612.55,delivered
8235,eA99726D74ece6e,2026-01-11,Headphones,Electronics,2,2630.63,delivered
8236,462F4FEDd1332a4,2025-08-27,Jacket,Clothing,4,667.16,shipped
8237,26Cd3dC9CFc1a28,2026-01-10,Sneakers,Clothing,3,1043.89,shipped
8238,b0c2f8165b8fCCd,2025-11-17,iPhone,Electronics,5,616.21,paid
8239,E753F40b1AaCae7,2024-11-26,Jeans,Clothing,4,1577.56,delivered
8240,b27732ACFbd3cbC,2025-07-17,Jeans,Clothing,2,1719.22,paid
8241,a1BBfe024Aa6eCc,2026-01-25,Jacket,Clothing,5,586.25,paid
8242,E57E31A125c81Ba,2024-07-23,Sneakers,Clothing,2,877.24,cancelled
8243,dB52F605BD8BDCd,2024-10-17,Jacket,Clothing,2,2311.94,created
8244,62A4757290a9054,2025-08-14,SQL Guide,Books,4,1589.84,shipped
8245,8bc1Af9d0adaaae,2024-06-19,Data Engineering,Books,1,2318.54,shipped
8246,526b5bAbDf3Ff77,2025-08-10,Laptop,Electronics,4,2113.69,created
8247,F2bfBCbBe92CAa0,2025-03-19,Python Book,Books,3,658.67,shipped
8248,fB29c282199148E,2025-07-02,Data Engineering,Books,1,2352.14,shipped
8249,A681221dAbFaDEf,2025-01-22,Jeans,Clothing,5,745.78,paid
8250,E1B1Eec10e5bc05,2026-05-03,T-Shirt,Clothing,1,66.74,created
8251,E8a2D4e4f0b84e8,2026-02-25,iPhone,Electronics,3,2274.08,shipped
8252,fACbbD08EecfEc5,2025-03-27,SQL Guide,Books,4,2196.95,cancelled
8253,27eBf93781ae8c8,2026-04-17,T-Shirt,Clothing,4,2638.52,created
8254,6B9D87b47d93A51,2024-10-07,T-Shirt,Clothing,1,2424.71,paid
8255,963A05A68ab549A,2025-09-27,Jacket,Clothing,3,1443.74,cancelled
8256,0e94B59d25f6f04,2024-11-11,Jacket,Clothing,5,687.8,delivered
8257,d5Ac4f2dAc41Fcf,2024-11-11,Headphones,Electronics,3,650.39,delivered
8258,46Ad32fF1B7d8ca,2025-05-21,Laptop,Electronics,1,1305.62,cancelled
8259,1Ef6486dd56E270,2024-11-20,Machine Learning,Books,5,1940.12,shipped
8260,bEEC6eAbFE7F256,2025-10-24,Sneakers,Clothing,5,2592.79,created
8261,43DBDfb2AC39d86,2025-04-15,Sneakers,Clothing,1,1235.87,paid
8262,8b5Bcb941F5AfDf,2024-10-10,Monitor,Electronics,1,2702.13,created
8263,ceB0d864dd8Fef5,2024-07-24,T-Shirt,Clothing,3,1647.01,cancelled
8264,A27f2094eBC1d19,2025-06-26,iPhone,Electronics,2,2633.08,shipped
8265,1ACa9c4132DDba7,2024-08-26,Jeans,Clothing,3,574.67,delivered
8266,82cFc063AD2e895,2025-08-16,Python Book,Books,5,1927.82,cancelled
8267,98a13869Ad18faC,2026-04-06,Jeans,Clothing,1,2571.67,shipped
8268,aA8D81aCdFde83A,2025-01-15,Machine Learning,Books,5,540.05,paid
8269,b0BdA118Cdfcf1f,2025-03-29,Sneakers,Clothing,3,793.08,cancelled
8270,Ee72f2dE7A4b99A,2025-03-15,SQL Guide,Books,1,2233.45,delivered
8271,4adcfc7a29fCEec,2025-12-07,Data Engineering,Books,5,2766.84,cancelled
8272,BcC0dceBd2dEf9D,2025-04-02,Python Book,Books,4,860.27,paid
8273,2a1c2df23DbBDcA,2024-12-17,T-Shirt,Clothing,2,1837.54,delivered
8274,afed1A1B1AAC9aC,2025-08-19,Keyboard,Electronics,5,1378.5,delivered
8275,F25cEfC5D8740dF,2024-12-01,Jeans,Clothing,4,506.34,delivered
8276,9DfE9eB6Efa66C8,2026-01-22,T-Shirt,Clothing,2,1485.02,cancelled
8277,1CbF1aFB40596c3,2025-06-27,Sneakers,Clothing,4,617.74,shipped
8278,b79096DbB30CDdF,2025-11-26,Sneakers,Clothing,3,2525.77,paid
8279,8Cd0A76d20EdFF2,2025-09-18,Headphones,Electronics,2,652.96,created
8280,D8e37664eff97fa,2025-07-07,Jacket,Clothing,4,1096.97,cancelled
8281,3D900cde0BdCdA0,2026-03-06,Monitor,Electronics,4,1362.64,shipped
8282,cbC5Ba7Ee0B4AbC,2024-07-27,Data Engineering,Books,3,1590.55,shipped
8283,EBCe786DC19abd0,2025-12-31,Machine Learning,Books,3,247.48,cancelled
8284,0CCc116A3E53c3B,2024-10-15,T-Shirt,Clothing,4,542.65,paid
8285,4aFf8841DdBAdEe,2025-03-03,iPhone,Electronics,3,2734.78,shipped
8286,e5C1FFEb73B8b7f,2026-03-09,Data Engineering,Books,1,1607.16,paid
8287,c4aA63e0a1Dcc8A,2025-02-07,Jacket,Clothing,3,2366.22,cancelled
8288,AEcA9AcB57ce279,2026-02-21,Monitor,Electronics,4,24.82,delivered
8289,3aeCDB969d850D8,2025-03-28,Python Book,Books,3,690.11,paid
8290,e4bcE6E83E7739c,2025-12-02,Machine Learning,Books,2,2933.8,shipped
8291,80Fb5eeDE8a7038,2024-10-21,Jeans,Clothing,1,1089.52,shipped
8292,b4e4c3A510e36fe,2024-09-20,Jeans,Clothing,4,1204.96,created
8293,D694FA78bAD605E,2024-06-10,Python Book,Books,2,2637.48,created
8294,a0dED2c1d5A4711,2024-08-23,Sneakers,Clothing,5,1975.58,paid
8295,09a660C8A81d0C3,2025-01-30,Jacket,Clothing,5,2097.06,cancelled
8296,7ecb8cF5Cd4339f,2025-11-01,Sneakers,Clothing,1,1443.65,cancelled
8297,CF9c1De31b0F7c9,2024-08-21,Monitor,Electronics,3,1497.13,cancelled
8298,8cB2aaFBad3CDdC,2025-06-15,Sneakers,Clothing,4,2626.69,paid
8299,65352EDaB0b50c5,2024-09-28,Monitor,Electronics,5,1710.73,created
8300,691A9Cef2FeC6EE,2025-06-09,Sneakers,Clothing,4,1572.55,shipped
8301,75c6cdC697FFEA6,2024-12-13,Laptop,Electronics,4,833.51,delivered
8302,FA2EB154eD7A490,2026-02-20,SQL Guide,Books,1,1752.6,shipped
8303,C94e1DAd904FbbB,2026-05-07,Machine Learning,Books,1,1820.41,shipped
8304,D322aA87CdAA806,2025-08-26,T-Shirt,Clothing,5,2321.6,paid
8305,ad3FcAdbbC114Bc,2026-02-08,Machine Learning,Books,1,666.63,delivered
8306,BB6d4DdD1F83AE2,2025-07-05,Headphones,Electronics,5,2963.86,delivered
8307,62CC720f5FCb5Db,2025-12-08,Jeans,Clothing,3,1366.14,paid
8308,CC54F4Ab949FA95,2025-06-14,iPhone,Electronics,1,2591.25,cancelled
8309,C5C26a6BB9Caf5A,2024-08-07,SQL Guide,Books,3,2835.62,paid
8310,1F8e7dF720C28a2,2025-09-01,T-Shirt,Clothing,3,1776.24,paid
8311,07E148aA4CD8fdF,2025-12-10,Keyboard,Electronics,1,85.4,shipped
8312,Df53f1741c9a1fc,2025-09-26,Python Book,Books,1,2982.2,created
8313,A89783bCdf6796f,2024-06-23,Machine Learning,Books,4,1413.69,paid
8314,d3aa4dCAFde3E18,2025-01-30,Jacket,Clothing,2,1941.05,shipped
8315,EF275e9ac3A79c2,2026-03-07,T-Shirt,Clothing,4,2450.17,created
8316,1D4eB7FC1c2D3ec,2025-05-06,Keyboard,Electronics,2,489.52,paid
8317,89Bc91fBaaC0401,2025-01-23,Machine Learning,Books,2,2633.85,shipped
8318,7AA41c7A41b265F,2024-08-07,Headphones,Electronics,2,2056.55,delivered
8319,7Bf3Ba3bf6d17CB,2025-03-05,SQL Guide,Books,5,2557.19,created
8320,EbB52407a7Eec04,2025-02-25,Data Engineering,Books,5,2533.97,delivered
8321,ba5FEaA80D42E52,2025-07-15,Python Book,Books,5,557.61,cancelled
8322,Dc10A5F2424Ca3D,2024-05-09,Headphones,Electronics,1,861.65,delivered
8323,d3A18Bd76c47fAc,2025-10-24,Sneakers,Clothing,4,1410.09,cancelled
8324,B0EFCcc9Afb4815,2026-04-24,Keyboard,Electronics,5,930.46,cancelled
8325,A896eDa1aaF1F45,2025-01-03,Sneakers,Clothing,1,1540.5,shipped
8326,b0c3082afd4FFFe,2025-11-20,iPhone,Electronics,3,163.17,shipped
8327,67Ea6DE16bb7dB2,2025-11-01,Monitor,Electronics,4,1878.44,shipped
8328,7d2EeFEdcd38961,2025-12-14,iPhone,Electronics,3,1443.94,created
8329,C6edA0D9eeA98BE,2026-04-30,Monitor,Electronics,5,614.34,delivered
8330,75ECb95AeF35E10,2026-03-25,Jacket,Clothing,1,2979.35,shipped
8331,9b2f7B6e4a815D0,2024-12-10,Laptop,Electronics,4,1804.36,paid
8332,b2EbfD31eFbdb89,2024-10-24,Jacket,Clothing,3,1345.17,paid
8333,ead100Bb5b1b9ae,2024-09-01,T-Shirt,Clothing,2,2965.86,shipped
8334,F5beca5B0768BDd,2025-03-03,Headphones,Electronics,4,2075.23,paid
8335,9e1472dEC9959Fc,2024-07-20,iPhone,Electronics,5,1327.63,created
8336,c6dA6055ef71d4F,2024-10-13,iPhone,Electronics,2,2552.47,shipped
8337,af7Ea715ef5B47c,2024-07-15,Keyboard,Electronics,2,365.34,paid
8338,DbD6dF71f49FEAf,2024-11-16,Jacket,Clothing,3,2776.92,shipped
8339,e9B3da29bdE8b47,2026-01-11,Headphones,Electronics,1,1473.82,created
8340,00239BB1a61571a,2026-01-05,SQL Guide,Books,2,1825.18,paid
8341,a9Cfdc9fe9b8512,2024-05-11,Jacket,Clothing,3,546.31,delivered
8342,5C9eDA425cb6C0E,2025-06-11,iPhone,Electronics,2,2974.51,created
8343,daDa75f9AEa789f,2025-06-01,Data Engineering,Books,3,2933.93,cancelled
8344,5B268e5eEA967CB,2026-01-01,Machine Learning,Books,4,1861.16,created
8345,F7ddAae2dFFEbc5,2025-06-17,Keyboard,Electronics,1,2921.88,created
8346,cB69DC6d4EEcf1b,2024-11-13,SQL Guide,Books,2,2101.06,created
8347,5ef4d6AD6F5a2ef,2026-02-22,T-Shirt,Clothing,3,2857.33,delivered
8348,c0c7Ea1453E541d,2024-10-03,Jacket,Clothing,2,1583.38,delivered
8349,156cAFbdd8F0C26,2024-12-27,Keyboard,Electronics,1,1995.16,created
8350,2f6AceF0786A09D,2026-01-29,SQL Guide,Books,1,2803.4,cancelled
8351,D0D4c6e2AA1eCA4,2026-02-18,Jacket,Clothing,4,527.02,delivered
8352,b85be7Da141F23e,2025-09-25,Jeans,Clothing,4,690.01,paid
8353,156B4A11B566E9A,2026-05-08,Jeans,Clothing,4,737.79,created
8354,DdeBdFCa57095FD,2025-04-16,Monitor,Electronics,2,1716.63,delivered
8355,Bea4f0af9CaAB24,2024-10-07,Machine Learning,Books,4,43.32,paid
8356,cafaeC8afC19330,2025-10-26,iPhone,Electronics,4,1592.57,delivered
8357,CbfFCBEC3CCC834,2025-06-29,T-Shirt,Clothing,1,2413.5,cancelled
8358,8DBF10598Aac4da,2024-07-25,T-Shirt,Clothing,5,842.64,cancelled
8359,A33Ea220aAaB5Fb,2025-09-07,T-Shirt,Clothing,1,1753.75,created
8360,dfbEc9A58221BbE,2024-09-16,Keyboard,Electronics,2,2838.02,shipped
8361,936D2ef70b72B83,2024-10-27,Jeans,Clothing,5,1298.5,cancelled
8362,CE4F9b21E9B2d17,2025-05-08,Data Engineering,Books,2,2538.04,paid
8363,9Bc9fE88D7Dc3eE,2024-07-01,T-Shirt,Clothing,3,686.74,cancelled
8364,52FbAC41c89b4cb,2025-06-17,SQL Guide,Books,1,2134.66,cancelled
8365,c323AbefFDA68bE,2024-05-16,Machine Learning,Books,4,878.69,shipped
8366,aF23Ad4f5D4C3E8,2025-06-06,Sneakers,Clothing,2,1274.08,delivered
8367,d68a5E97fCAC98A,2024-07-28,Keyboard,Electronics,4,2083.5,paid
8368,47c1c3346bD5aCa,2024-12-08,Headphones,Electronics,4,652.46,created
8369,12cdD5ce3DBA006,2024-06-24,SQL Guide,Books,4,2832.27,cancelled
8370,A7141f30b9Df4AC,2025-07-30,Sneakers,Clothing,5,1758.16,paid
8371,B4208C54d3abc4B,2025-01-16,Sneakers,Clothing,3,990.01,cancelled
8372,AbFA9b4e973D6ba,2024-08-15,T-Shirt,Clothing,4,1870.06,cancelled
8373,52B9BAEC727E12c,2025-10-06,SQL Guide,Books,1,649.05,paid
8374,FCBcCFACec841F2,2025-06-27,T-Shirt,Clothing,1,1701.26,delivered
8375,9a2D0B6b26fd695,2024-07-24,Machine Learning,Books,2,982.7,created
8376,20Ca70F1E6CAC0a,2025-07-09,Laptop,Electronics,4,2633.03,paid
8377,Ac0ad2985F0Ca05,2025-03-17,SQL Guide,Books,1,1891.12,paid
8378,F8a6F61C03B7746,2024-05-26,Jacket,Clothing,5,2892.29,shipped
8379,b17CB370Dc06bde,2025-05-23,Headphones,Electronics,5,1154.52,paid
8380,01a7e18d75bb60C,2025-12-18,Laptop,Electronics,4,2253.98,paid
8381,8EBC1F529eD4783,2025-07-22,Keyboard,Electronics,2,37.17,shipped
8382,e229D23214AA613,2025-01-13,SQL Guide,Books,2,1714.52,created
8383,C728dB0b274DD89,2024-08-22,T-Shirt,Clothing,5,2628.03,paid
8384,2FE4d9C53D70855,2025-11-15,SQL Guide,Books,4,1346.46,cancelled
8385,7bBedAE602eBB8E,2025-10-09,Jacket,Clothing,2,1958.22,cancelled
8386,24AfEd314aca4Fe,2024-11-27,Laptop,Electronics,4,1487.23,delivered
8387,9fFABaFcFaDBDb0,2025-12-22,Data Engineering,Books,1,2087.88,shipped
8388,a01c6Cd5f3b17cb,2025-03-11,T-Shirt,Clothing,2,657.81,paid
8389,D33c624B98eDBD7,2024-09-01,Machine Learning,Books,5,110.39,cancelled
8390,3deFeD2f18a3a17,2024-11-12,iPhone,Electronics,3,1173.94,cancelled
8391,7b2b74F12E0aBcd,2024-07-02,Jeans,Clothing,1,2059.13,cancelled
8392,5137ca2666f7F29,2024-07-01,T-Shirt,Clothing,3,1378.95,paid
8393,DBb44A4aA07d937,2026-02-11,Machine Learning,Books,4,564.73,cancelled
8394,7693B746fE3AF75,2025-06-11,Jeans,Clothing,3,393.28,shipped
8395,872Dde75c2Ddaa2,2025-02-15,Jeans,Clothing,1,2420.55,shipped
8396,5Ce9EA3CB6de248,2024-09-25,iPhone,Electronics,5,1128.06,shipped
8397,9aDC0d1c9Ddf3b7,2025-02-15,T-Shirt,Clothing,5,1348.45,delivered
8398,F717FFfd6f497f1,2024-07-03,Jeans,Clothing,2,1633.16,shipped
8399,A9d23Fdddf7a60c,2026-03-14,Sneakers,Clothing,5,1724.25,paid
8400,cf45Ab0F21ca3b3,2025-03-14,SQL Guide,Books,2,2695.47,created
8401,6cDB4F4Dc26cAfb,2026-05-03,SQL Guide,Books,4,374.45,paid
8402,5ABd270412Db84b,2025-06-12,iPhone,Electronics,4,2298.32,delivered
8403,adDd5f946bDBC64,2024-08-19,Jacket,Clothing,2,1021.04,delivered
8404,721cCf8a1b0f382,2026-02-12,iPhone,Electronics,1,61.62,shipped
8405,Df0EFcb0EDdB719,2025-07-25,SQL Guide,Books,2,1227.47,shipped
8406,1cea3a1F5b3cA40,2024-11-09,Monitor,Electronics,2,2768.4,cancelled
8407,Aebe7B2e3D2dAb8,2025-11-06,Machine Learning,Books,2,2213.63,created
8408,5c51Ff0c00CAd74,2025-12-10,Machine Learning,Books,2,1125.69,cancelled
8409,3506F4A66cF8c9e,2025-08-23,iPhone,Electronics,1,24.93,created
8410,cabE6FAA4EaFc8d,2025-10-16,Python Book,Books,3,1910.0,shipped
8411,335a4d273B6fDCc,2024-05-21,Laptop,Electronics,4,1729.85,cancelled
8412,1EA2B5bD7D6f4EC,2025-03-11,Sneakers,Clothing,3,2223.9,paid
8413,cCb9fEE09DD14eA,2024-12-17,Headphones,Electronics,2,819.74,created
8414,287E6cF55DCDEF4,2026-03-14,Data Engineering,Books,2,1669.47,shipped
8415,F596aFc7d14EFc6,2025-01-10,Sneakers,Clothing,2,1674.98,cancelled
8416,4ed1Cf3Ec277A04,2025-05-15,Machine Learning,Books,4,2907.64,created
8417,eEb222b92b8c44B,2025-12-07,SQL Guide,Books,3,2965.87,cancelled
8418,68dAcf5E8C98A84,2025-09-15,Headphones,Electronics,1,1155.38,delivered
8419,e7bACAfA1a4Ba96,2024-10-15,Sneakers,Clothing,1,2052.56,delivered
8420,1F2dFD2B8Eabcb4,2024-06-23,Jeans,Clothing,5,2212.06,created
8421,348Cec0dCAFc511,2025-06-04,Laptop,Electronics,5,2907.81,cancelled
8422,1f772bb4b56BaAe,2024-11-09,Monitor,Electronics,4,728.83,shipped
8423,fa7accE1AeDaed8,2025-06-28,Data Engineering,Books,3,751.01,paid
8424,3E1be642aEcb4fA,2024-11-25,T-Shirt,Clothing,1,2333.89,paid
8425,ADbCfDbdE04732C,2025-08-24,Jacket,Clothing,2,1417.63,delivered
8426,e0F119FEa9Fe444,2025-06-27,Keyboard,Electronics,2,2048.09,delivered
8427,07DeEecE85bB59B,2025-11-03,Sneakers,Clothing,4,875.44,created
8428,1C6976d77c929B4,2026-02-09,iPhone,Electronics,5,2713.72,shipped
8429,8bdEeD6FEf37185,2026-02-17,iPhone,Electronics,3,855.48,cancelled
8430,936CF0C0cf86CAd,2025-09-26,Keyboard,Electronics,2,2780.99,delivered
8431,18c78F46e5d3Fad,2025-06-04,Data Engineering,Books,2,1482.59,cancelled
8432,a70bC0b91fdC45d,2025-01-01,Data Engineering,Books,1,1052.19,shipped
8433,4Ee3c921Bc9Eb1A,2024-11-29,Python Book,Books,5,871.56,cancelled
8434,7DcdabD5DFB312a,2024-11-04,Sneakers,Clothing,5,321.48,shipped
8435,26e0907B8f1Cd2B,2025-04-04,T-Shirt,Clothing,5,219.75,paid
8436,C9D97d9936b0a54,2026-04-11,Python Book,Books,5,1778.0,shipped
8437,b8dB15Af60ec1Cd,2025-06-27,Jacket,Clothing,4,1658.9,paid
8438,5B28bC260f8CFED,2024-10-22,Jacket,Clothing,4,1109.78,cancelled
8439,88b7ceC600bB7e0,2025-10-07,Jeans,Clothing,1,1994.9,cancelled
8440,FB6BfF671F4cd0d,2025-02-04,Headphones,Electronics,2,176.13,created
8441,372c78fBc0956ea,2026-02-15,iPhone,Electronics,1,806.42,shipped
8442,C6Ec7bcD0CFbef9,2025-08-19,Jacket,Clothing,5,1559.24,shipped
8443,ABabf7AAE1F13C9,2026-03-17,Python Book,Books,4,521.32,cancelled
8444,38034a37CF63ACA,2024-06-20,Monitor,Electronics,2,685.52,delivered
8445,12D098F6de5a02c,2024-09-29,Data Engineering,Books,5,979.77,created
8446,8a4Ab69fC4cf6cC,2024-11-25,T-Shirt,Clothing,4,1865.79,shipped
8447,DB2C3BaF493c5F3,2025-06-05,Machine Learning,Books,2,1684.55,delivered
8448,cca8e3d57eC99ba,2025-08-13,Headphones,Electronics,4,243.22,cancelled
8449,4eC6B6a21aE2f0F,2025-08-31,SQL Guide,Books,2,1480.42,created
8450,af7aC7A39c0D5D7,2025-02-03,Data Engineering,Books,2,1749.57,paid
8451,B492C5f6b0da0Bc,2025-04-19,iPhone,Electronics,5,1253.89,shipped
8452,33578e422E0aA9B,2025-01-17,Sneakers,Clothing,5,32.87,paid
8453,ef0693EEfF8aEd3,2026-02-23,Machine Learning,Books,2,119.68,shipped
8454,bB8Bfd10ce8ae24,2025-05-18,Data Engineering,Books,3,900.38,shipped
8455,2bD7e045bcDe28F,2024-05-09,Data Engineering,Books,2,386.64,created
8456,BcA0abfcAB16995,2025-11-16,Laptop,Electronics,1,384.78,delivered
8457,Eb7b932833bC21b,2024-06-24,Headphones,Electronics,3,1572.81,created
8458,900C75293ED5a3a,2024-06-17,T-Shirt,Clothing,3,300.81,shipped
8459,00c4ef4fb7d9CDc,2025-10-16,Keyboard,Electronics,2,2698.55,paid
8460,e6F3dAcD93338BE,2024-12-24,Jacket,Clothing,1,1153.85,shipped
8461,DdB9570CdC5EEFf,2024-06-05,Machine Learning,Books,5,2643.51,cancelled
8462,DABbE3c5A86cD17,2024-12-18,Jeans,Clothing,1,2593.95,paid
8463,3B696796aC5Bf8A,2025-10-24,Laptop,Electronics,2,2342.13,paid
8464,1baD7bFcf6d82dC,2025-02-26,Sneakers,Clothing,3,2004.0,created
8465,Bb4CB6fACeA4eA5,2024-09-01,Sneakers,Clothing,5,370.98,delivered
8466,4eAebC443c2Ec23,2024-07-23,Jacket,Clothing,3,2945.17,shipped
8467,68da2D43BED838f,2026-01-12,Jeans,Clothing,4,910.14,created
8468,891624A8a982F0e,2024-11-29,Data Engineering,Books,1,505.6,delivered
8469,dbf84A20BeEDD6b,2025-04-21,Python Book,Books,1,2517.4,paid
8470,cB7D5c1FcFb0Ca5,2025-02-28,iPhone,Electronics,1,2915.31,shipped
8471,85314C17fDE37b3,2026-01-19,Python Book,Books,4,2323.99,shipped
8472,1247fedAB0eEBbe,2024-11-27,Data Engineering,Books,4,2740.59,created
8473,BDEEdB4BdCf5BB4,2025-07-05,Jacket,Clothing,2,276.64,cancelled
8474,c6fa82E547a286F,2026-02-18,Laptop,Electronics,4,977.3,shipped
8475,87afCE26Fd792d3,2024-10-29,iPhone,Electronics,3,528.91,shipped
8476,c36fc22B2217c0c,2025-06-18,T-Shirt,Clothing,1,2923.17,cancelled
8477,3F08C1cB33BD4C2,2025-12-17,T-Shirt,Clothing,2,1154.07,shipped
8478,8B91E952b3FAbDd,2024-06-10,Headphones,Electronics,4,1645.18,delivered
8479,9f3a8bab1EACEF0,2024-12-31,SQL Guide,Books,2,1191.39,cancelled
8480,d6CF613f6Ceca2a,2024-08-07,Machine Learning,Books,1,2924.01,created
8481,0ad5fbB316C072e,2024-12-04,Python Book,Books,2,2434.8,paid
8482,83Bbbc3Fff26Fed,2025-04-28,Python Book,Books,4,329.73,created
8483,ac4b5FBfa3eCAa8,2024-05-16,Jacket,Clothing,2,480.62,created
8484,def2766Afaf2268,2025-12-23,Machine Learning,Books,5,915.27,delivered
8485,EA29c97919Ae7a1,2025-02-19,T-Shirt,Clothing,2,932.59,created
8486,ACBebBA8E3ebe8E,2026-01-14,Headphones,Electronics,4,2762.42,delivered
8487,Caa1B3899ADdfB0,2026-05-07,Laptop,Electronics,2,1031.35,delivered
8488,C1E1985ca83432F,2025-06-25,SQL Guide,Books,5,630.21,created
8489,aE8149DDe59Dc5c,2026-02-24,Jeans,Clothing,2,1254.77,paid
8490,7D9C0Ace92a73ad,2026-02-01,Laptop,Electronics,1,781.09,cancelled
8491,e511FcECbcbD43A,2026-03-31,Headphones,Electronics,5,2953.37,created
8492,C22CAd581Dd1CFF,2025-10-22,Sneakers,Clothing,1,168.34,cancelled
8493,43E7071aeCE122D,2024-05-08,Laptop,Electronics,4,1882.98,cancelled
8494,f4A6CAeA68FDb94,2025-04-17,Headphones,Electronics,2,624.0,created
8495,aF58DeEc3d33247,2025-09-17,Sneakers,Clothing,2,1479.44,cancelled
8496,98AE4d1bfDE8558,2024-11-14,Data Engineering,Books,2,742.31,created
8497,DAc624893f9C52d,2025-09-01,Python Book,Books,1,797.53,delivered
8498,FE4e6FD0Bfd7BCB,2024-06-15,SQL Guide,Books,5,2086.09,cancelled
8499,f2fD4ab13Fd7Dd8,2025-09-17,Laptop,Electronics,5,2404.39,delivered
8500,7cAF8351f93Cb17,2024-05-19,Jacket,Clothing,2,1288.51,cancelled
8501,728B84abd6EeB5e,2024-09-03,T-Shirt,Clothing,4,2106.19,shipped
8502,EF9e166BfEaB63f,2025-09-18,Jacket,Clothing,2,2213.91,created
8503,9aa7F1CcFA89CE4,2024-10-04,Jeans,Clothing,5,1134.02,shipped
8504,7D69BE8FfCaAcdd,2025-12-15,iPhone,Electronics,2,755.46,delivered
8505,B8e6Fcce9e3ec6b,2025-09-27,Sneakers,Clothing,4,702.94,delivered
8506,095F38AEec2DE04,2025-02-17,iPhone,Electronics,5,2078.94,cancelled
8507,e7B6a6190bE23EE,2024-07-17,Monitor,Electronics,1,1523.33,created
8508,9EF2dBFdb735113,2024-05-16,Data Engineering,Books,5,1625.58,shipped
8509,95A9667B2267768,2025-05-23,Jeans,Clothing,1,1512.96,paid
8510,Eb5cfecF9705C0c,2025-08-29,Python Book,Books,4,2197.72,delivered
8511,576c6F4D8e936da,2025-02-17,Python Book,Books,3,817.19,created
8512,bDd4cCeEEEfeb40,2025-09-18,T-Shirt,Clothing,5,605.35,delivered
8513,3f1Bd5BDFdeA1D1,2024-07-15,Laptop,Electronics,4,2187.58,delivered
8514,ACa0aD018CD2a0f,2026-03-26,Sneakers,Clothing,1,1138.16,cancelled
8515,C8136B8Da2B9c4A,2025-10-22,Keyboard,Electronics,2,2568.43,paid
8516,2C47A16C866993d,2024-11-06,SQL Guide,Books,2,815.15,shipped
8517,ee25c52C2f98cEd,2025-06-18,Monitor,Electronics,4,1028.94,shipped
8518,63441C6128c4d6E,2025-12-26,Headphones,Electronics,3,2092.34,delivered
8519,bBF348f98cab3d0,2026-03-25,Data Engineering,Books,1,2244.13,shipped
8520,61492A82827b2DE,2024-11-11,Jeans,Clothing,1,2463.21,shipped
8521,ecdC29bee8bC9bC,2024-08-28,Keyboard,Electronics,5,881.05,created
8522,71ccEFBCbBA6f1a,2024-12-01,T-Shirt,Clothing,5,260.71,shipped
8523,f5c4Cb9a76228e4,2025-11-03,Laptop,Electronics,1,182.53,paid
8524,A0E6677f850f5F2,2025-06-16,Keyboard,Electronics,5,1780.22,created
8525,e2Be94EA3D2e8ae,2024-07-25,Machine Learning,Books,2,703.54,shipped
8526,e2dF34933011E93,2024-06-28,Jacket,Clothing,5,231.85,cancelled
8527,04fa1e5Acaf50fb,2026-02-05,Jeans,Clothing,3,1001.33,cancelled
8528,AA09B35AfE8d507,2024-11-16,Machine Learning,Books,3,483.33,shipped
8529,B58C7EFd7B51A7e,2025-11-27,Headphones,Electronics,2,2734.0,paid
8530,a001d69efc5A7B1,2024-05-19,Sneakers,Clothing,1,2650.46,created
8531,47Fd97FE8C4fC0F,2025-02-08,Data Engineering,Books,3,151.94,paid
8532,CA70aBfcea2Ac7b,2025-04-09,Sneakers,Clothing,3,2934.3,shipped
8533,8e9B8208d38C333,2025-08-17,Sneakers,Clothing,3,898.96,delivered
8534,B2BF83e629DfE29,2024-11-12,SQL Guide,Books,5,1272.25,delivered
8535,54bfb1eCB2393D6,2024-05-11,Keyboard,Electronics,5,2385.47,paid
8536,5CEee0b4E18dd2b,2025-11-11,Laptop,Electronics,4,1549.6,delivered
8537,F0A691bD3cC152E,2026-03-08,Jeans,Clothing,5,2688.1,created
8538,C1Eb09824AEFC6F,2025-03-26,Headphones,Electronics,1,427.92,cancelled
8539,db03B60C8fF0Df7,2025-06-11,T-Shirt,Clothing,4,2002.11,created
8540,a5Ea8bb7D2fcEE5,2026-02-28,Machine Learning,Books,3,2058.68,shipped
8541,cCAae0Eb24Ff786,2024-07-21,Sneakers,Clothing,1,2383.57,created
8542,59cCc0fC99f99B2,2025-03-24,Sneakers,Clothing,5,523.59,delivered
8543,1EF37A4c52bdDAa,2026-04-16,Jeans,Clothing,5,1490.36,cancelled
8544,Ea172dd537caAEE,2025-07-21,iPhone,Electronics,4,2117.68,delivered
8545,59C3e2dEB2EE6f2,2025-06-29,Python Book,Books,4,2812.02,paid
8546,1542EbeD82E2A8b,2025-11-19,Jacket,Clothing,3,1650.27,paid
8547,5F0ffcD1d04c305,2026-04-20,Headphones,Electronics,2,2148.4,cancelled
8548,5B08d4B99837731,2025-11-26,Jeans,Clothing,5,1803.63,cancelled
8549,a190dF0A83B1ebD,2024-12-13,Data Engineering,Books,4,1227.24,paid
8550,619F5B113bbFceC,2024-12-17,Python Book,Books,2,2684.72,created
8551,28D02Cc4CCbD177,2024-08-20,Jeans,Clothing,1,1657.27,delivered
8552,Fafe4BF1aFf50FD,2025-11-03,Monitor,Electronics,4,598.66,created
8553,7ee1E6adBed7E66,2024-12-02,T-Shirt,Clothing,1,988.61,created
8554,cdC0bF141CF53dE,2024-07-13,Data Engineering,Books,3,2579.75,cancelled
8555,6ab92fdf356Ee50,2025-07-09,Python Book,Books,2,2637.03,cancelled
8556,CEd662fD2Ce7BeA,2024-10-01,Sneakers,Clothing,3,2618.85,delivered
8557,bf00CBBc0e7910e,2024-10-08,Machine Learning,Books,2,848.31,created
8558,21aBCF9a0ED5D6d,2024-12-29,Keyboard,Electronics,5,2716.31,delivered
8559,bA81FEF038A76C9,2024-11-16,Jeans,Clothing,4,2699.41,paid
8560,C54Add0DC08ee45,2025-10-19,SQL Guide,Books,3,2287.45,created
8561,9D6bdd23CE6cCa9,2024-08-06,Monitor,Electronics,3,1018.24,shipped
8562,edDa3bA56ABA6A0,2024-12-17,iPhone,Electronics,2,2162.7,paid
8563,17b89d9d4Bf6500,2024-11-26,Sneakers,Clothing,1,2145.01,created
8564,A58a519c7913dAa,2025-09-25,Python Book,Books,3,637.48,created
8565,3ca168eaaaE5766,2026-03-27,Jacket,Clothing,2,2502.59,cancelled
8566,1867fa537630c1C,2025-11-01,T-Shirt,Clothing,3,53.86,cancelled
8567,07aEFD6E83EfC6D,2026-03-04,Data Engineering,Books,5,2370.45,cancelled
8568,CD7B29fCf99a3ED,2025-09-29,Jacket,Clothing,3,654.03,cancelled
8569,Cc128706bB1559f,2025-04-30,Data Engineering,Books,5,2892.36,paid
8570,feeC4a98bd6B265,2024-12-26,Machine Learning,Books,4,1074.02,created
8571,8Ee2Fea2d91D1E1,2026-03-07,Keyboard,Electronics,4,1863.74,created
8572,14183B39EbfF49E,2024-05-21,Jeans,Clothing,1,635.63,paid
8573,aB3C5d9becA67DD,2024-11-27,Python Book,Books,4,2979.02,shipped
8574,cc1C1729dADEd14,2025-05-19,SQL Guide,Books,4,881.94,created
8575,5dF9C2184D2a22B,2024-08-25,T-Shirt,Clothing,3,2134.93,shipped
8576,0ADB7CAe5ba5498,2026-04-17,Laptop,Electronics,2,2087.09,delivered
8577,Ae18CaaCef9Dbe8,2025-09-19,Data Engineering,Books,1,135.68,shipped
8578,abCefcB52b5d90C,2024-07-22,Data Engineering,Books,1,607.15,shipped
8579,0CBb4dAFB2D7fcF,2025-08-04,T-Shirt,Clothing,2,2048.77,delivered
8580,763604f5a9C22bF,2024-05-13,iPhone,Electronics,3,2271.13,shipped
8581,4Db2D7BB6f4dCBe,2025-11-05,Monitor,Electronics,5,750.86,paid
8582,81dd9cA75BED9b0,2024-07-15,Data Engineering,Books,3,2079.37,shipped
8583,f91Eec74B44A4ba,2024-12-26,T-Shirt,Clothing,4,2395.56,paid
8584,FbB2f32E3d29ee0,2025-03-01,Headphones,Electronics,3,26.11,paid
8585,a779Ae1d9EC0ec4,2025-05-11,Machine Learning,Books,3,487.39,shipped
8586,6c65e4D2dd0793a,2025-11-30,Laptop,Electronics,1,962.5,created
8587,43D3daFB65F0CB8,2025-07-05,SQL Guide,Books,4,68.61,shipped
8588,63b5ddba0906072,2026-05-02,SQL Guide,Books,4,1246.43,paid
8589,F0bc605DbEdcDF0,2025-09-18,Headphones,Electronics,1,978.92,shipped
8590,A227aABd13FCbf2,2025-02-01,Data Engineering,Books,5,2392.76,delivered
8591,F0ba46Dc1E40BcF,2025-07-16,T-Shirt,Clothing,4,2239.98,created
8592,38d25ae4D5783cA,2024-09-18,Python Book,Books,2,2467.15,paid
8593,5E1f23138f74C02,2025-01-01,SQL Guide,Books,4,2202.26,delivered
8594,BE0cfA71C8E6abF,2024-06-14,Laptop,Electronics,1,232.19,paid
8595,24D255aC09C2927,2024-08-18,Machine Learning,Books,1,1784.28,shipped
8596,e01aDC0d4E2B1c3,2026-04-08,Machine Learning,Books,3,2178.79,created
8597,Cf73fa4e33C6F77,2024-11-20,Monitor,Electronics,2,846.14,paid
8598,D3eCff142aC742B,2024-09-30,T-Shirt,Clothing,2,2080.99,shipped
8599,cf3A795eB90A5cf,2026-02-26,Python Book,Books,1,1056.26,created
8600,d1CfDECC08Fd95f,2026-04-01,iPhone,Electronics,5,2034.52,cancelled
8601,58FBeCdd6A2fE9f,2025-06-14,SQL Guide,Books,4,1595.89,delivered
8602,7fcad53C0781518,2024-05-26,Sneakers,Clothing,3,620.36,paid
8603,92C7b56d3Ff5d98,2024-06-08,Jeans,Clothing,2,1063.89,paid
8604,6e72c4c1c69B54f,2026-02-27,iPhone,Electronics,3,736.09,paid
8605,d86ef9dDF7778e5,2026-03-05,Machine Learning,Books,2,1048.87,created
8606,446d7EE4508A070,2025-11-05,Machine Learning,Books,1,1016.28,paid
8607,d80EB0Ba5B34088,2026-03-22,iPhone,Electronics,2,676.73,paid
8608,6D1904eADE3aB97,2024-06-15,Python Book,Books,4,2255.31,shipped
8609,Ae1Cae11cA09Bf3,2026-04-04,Sneakers,Clothing,4,2993.35,created
8610,2Dfefa2CCea2DCa,2024-05-13,Monitor,Electronics,3,2172.57,shipped
8611,c8996cBDbE493D1,2026-01-30,Machine Learning,Books,1,607.18,delivered
8612,0fA308D63a4d1D8,2025-05-27,Headphones,Electronics,1,305.61,created
8613,f283A05A013925E,2025-05-22,iPhone,Electronics,4,2667.44,delivered
8614,23aC0ac4ABeEf7D,2024-06-20,Sneakers,Clothing,5,1437.13,shipped
8615,3D0a8aeC055fc9C,2025-02-01,SQL Guide,Books,2,28.95,created
8616,cB2499bCEd1faD6,2024-08-03,iPhone,Electronics,2,1985.32,shipped
8617,36e8E45D71BDf3b,2025-11-17,Headphones,Electronics,5,2176.73,paid
8618,66Aa835F2fd8bcd,2025-08-24,Monitor,Electronics,1,2131.15,cancelled
8619,cdF3Df5425Fdd8c,2024-11-14,Jeans,Clothing,4,2439.86,paid
8620,a8FE1C467faD9EC,2025-10-22,Jeans,Clothing,4,1067.01,shipped
8621,8cE1AC170B6a67D,2025-06-17,SQL Guide,Books,2,2011.92,created
8622,0EFe42f57bdf362,2025-08-19,Laptop,Electronics,3,2597.07,created
8623,B3859F61BC6f828,2025-01-19,iPhone,Electronics,5,238.01,created
8624,996bBeCEe53Eef4,2026-01-09,Laptop,Electronics,3,1566.84,paid
8625,e2ba7CF2Ebe31f7,2025-03-29,Jacket,Clothing,2,178.89,shipped
8626,dE15EAC4641AcE3,2025-10-28,Jeans,Clothing,4,1965.05,created
8627,4bA7e7155ACD4ef,2025-08-27,T-Shirt,Clothing,1,1952.32,cancelled
8628,8BaD6DdFcC27D16,2026-03-18,Python Book,Books,4,2018.6,delivered
8629,2eD34fb5052Ddae,2026-05-06,SQL Guide,Books,3,69.92,shipped
8630,E0e7757f45F1CE3,2024-10-07,Data Engineering,Books,1,33.39,delivered
8631,81Fb27Ee81bFCE1,2025-06-17,Jeans,Clothing,4,834.03,shipped
8632,6DbDd2Dd5d3bca4,2025-02-26,Laptop,Electronics,5,260.02,delivered
8633,A3dB1EbD49c64fb,2026-04-02,Sneakers,Clothing,1,2432.27,shipped
8634,03C2fffa4196F56,2024-12-24,Data Engineering,Books,3,877.96,created
8635,75CCaaA78D316ED,2024-07-05,Data Engineering,Books,5,856.47,paid
8636,f86D08bba48f04a,2025-01-05,Headphones,Electronics,1,2761.54,paid
8637,058D6e7B7c2ECE8,2026-03-02,Data Engineering,Books,5,1878.95,shipped
8638,9B0A9B2bbFdE8D2,2025-08-12,Laptop,Electronics,5,1143.48,created
8639,B06c4C2a2CbFdFE,2025-07-12,SQL Guide,Books,4,135.23,delivered
8640,387ED0CD1C7562c,2026-02-06,Data Engineering,Books,2,1081.11,shipped
8641,Adb24D66DDAbbDd,2024-09-07,Jeans,Clothing,2,2312.02,paid
8642,7e1f8e4fad2e9Cd,2025-09-21,Sneakers,Clothing,5,2350.54,delivered
8643,Fc43A6D3FE3C5a9,2026-03-26,Monitor,Electronics,5,1872.15,cancelled
8644,bf4F892A3d3b778,2024-08-07,Laptop,Electronics,4,1910.7,delivered
8645,bCaa9d6b6961a74,2025-12-14,Data Engineering,Books,4,738.73,cancelled
8646,931a5eB9EFfCEDF,2024-05-31,Machine Learning,Books,1,1998.71,created
8647,04CFcB6B8a9E8ef,2025-05-26,Sneakers,Clothing,3,206.04,paid
8648,58e9AcEBAff0D2f,2026-03-16,Laptop,Electronics,2,990.39,shipped
8649,2858bf7cc91A9Fd,2025-05-27,Sneakers,Clothing,4,1330.88,paid
8650,b2ff4BA569a5EC8,2025-04-28,iPhone,Electronics,2,398.71,created
8651,9f1ea2F287dB071,2026-03-25,Monitor,Electronics,2,2247.91,shipped
8652,5BBec2cA491C82f,2024-08-04,Jacket,Clothing,5,1395.84,created
8653,E42dEB8DCf4ACA9,2024-10-22,Data Engineering,Books,4,471.26,paid
8654,48B225f3d149d14,2025-10-18,iPhone,Electronics,2,1212.14,shipped
8655,a9C550eE12075B2,2025-12-21,Keyboard,Electronics,1,2699.12,created
8656,840AbAADFcC5671,2024-08-11,Laptop,Electronics,5,1397.53,delivered
8657,6d6254f327EEfe7,2025-09-12,Keyboard,Electronics,1,343.31,cancelled
8658,efCEfAD8BCEF8C7,2026-01-01,Monitor,Electronics,1,1299.03,delivered
8659,3FBb1FE2A3D7c81,2024-08-19,Jacket,Clothing,5,623.1,paid
8660,0caB4EBfeA3CcaE,2026-03-14,Machine Learning,Books,3,505.67,shipped
8661,eAdA6f071ADaEB6,2024-08-27,Headphones,Electronics,2,22.24,paid
8662,F2B40Bc1130eEBe,2024-10-24,Python Book,Books,3,1680.01,delivered
8663,aB2e5F989A12aCf,2024-06-09,Keyboard,Electronics,2,418.35,cancelled
8664,F0BADEaaac247e7,2025-09-25,Data Engineering,Books,5,1802.66,cancelled
8665,8fdEcf1B4cD98DE,2025-12-21,iPhone,Electronics,5,131.38,created
8666,A2eedfFaDCCf4ee,2024-10-03,Jeans,Clothing,1,1010.91,shipped
8667,39Bd9e9b6EFce8a,2025-11-27,Monitor,Electronics,2,698.39,cancelled
8668,342a1E3e3a0cE26,2025-01-06,Python Book,Books,5,500.82,paid
8669,C684d9AfBdF6cd5,2026-03-21,Laptop,Electronics,4,2265.74,cancelled
8670,BB9c77309133D0C,2026-03-06,Jacket,Clothing,1,62.28,paid
8671,283F48e25fcb09A,2025-05-09,Monitor,Electronics,5,685.21,cancelled
8672,fB69F7e725ec7Db,2024-07-07,Machine Learning,Books,3,1294.15,cancelled
8673,20ea5634Bc65a2c,2026-02-07,Jacket,Clothing,3,367.13,delivered
8674,6CbdDbBbE3eEeaf,2025-09-25,iPhone,Electronics,3,1744.01,cancelled
8675,FB124ACfa414e1a,2024-10-23,T-Shirt,Clothing,4,1962.98,created
8676,E7b2b1b63de5DA2,2024-06-08,Data Engineering,Books,1,2391.77,delivered
8677,45Ae3739A0caC35,2024-11-23,Python Book,Books,2,372.62,paid
8678,55Ff24deDc373f8,2026-02-16,Laptop,Electronics,1,995.5,delivered
8679,e9c66Ae37fd34Cc,2025-10-07,Laptop,Electronics,1,1989.08,delivered
8680,7d7aEff27f3cAc3,2026-03-12,Jacket,Clothing,2,287.48,created
8681,4df9E952F438EbE,2024-08-25,Headphones,Electronics,1,2705.92,delivered
8682,109fb078ce96b3f,2025-03-31,T-Shirt,Clothing,5,841.02,created
8683,ceE942748F36E2b,2025-01-30,Jacket,Clothing,4,670.77,paid
8684,C5fa38cF2ECEe9C,2025-07-29,Sneakers,Clothing,4,2929.91,paid
8685,6FE0FEACd41Dd1B,2025-01-13,Sneakers,Clothing,2,1410.95,paid
8686,A4fd5fEeA94a3F2,2026-01-07,Monitor,Electronics,1,2584.79,created
8687,1EEc5F130A2b6Dc,2025-05-24,Sneakers,Clothing,2,2371.38,paid
8688,a1a15cD3A7107ab,2025-01-22,iPhone,Electronics,4,2190.89,paid
8689,76bd02B091E0A05,2026-04-14,Headphones,Electronics,4,1154.49,cancelled
8690,680EBf25717EDDE,2025-11-14,Machine Learning,Books,1,1705.48,shipped
8691,e9aA0F924AC89c4,2024-11-22,Sneakers,Clothing,1,2750.77,created
8692,F2ea0B60A400faF,2024-06-30,Data Engineering,Books,4,2553.71,shipped
8693,aF2E5b784Db491e,2025-11-09,SQL Guide,Books,2,2220.26,delivered
8694,D8e4dC8e9a5fb9E,2025-04-22,Python Book,Books,2,678.31,paid
8695,c9ccefF4f4BdbDD,2025-11-11,Data Engineering,Books,3,281.11,created
8696,b9B1F2d9A9bACCc,2025-02-27,Sneakers,Clothing,3,2690.93,delivered
8697,1aeb52744f5c4eB,2025-04-02,Keyboard,Electronics,5,32.09,created
8698,f1DcBC9fCBD2F0D,2025-01-18,Sneakers,Clothing,4,2661.68,created
8699,328Af788bFf40d9,2024-12-21,Python Book,Books,3,473.1,paid
8700,E2eF95498506c27,2025-09-07,Machine Learning,Books,4,2461.93,cancelled
8701,9081DcD25752DE7,2025-09-30,T-Shirt,Clothing,5,2542.04,shipped
8702,5Ad4c7b7Bb7bADe,2024-09-09,iPhone,Electronics,3,2631.73,paid
8703,d81A48C68757cA4,2025-02-01,T-Shirt,Clothing,1,785.17,cancelled
8704,C04Da94bd4BAAb2,2026-04-09,Sneakers,Clothing,3,2835.27,cancelled
8705,01beE22BbABcEb4,2024-09-05,Python Book,Books,5,1336.17,cancelled
8706,3DDccde3B1B1aC5,2025-07-03,SQL Guide,Books,2,1922.3,shipped
8707,6AC485EcAacF9C4,2024-08-15,Sneakers,Clothing,5,1620.24,created
8708,7a1FB7db4fe8a5F,2024-05-29,Jeans,Clothing,3,287.54,cancelled
8709,73B0D1f18bAF4Aa,2025-06-02,Machine Learning,Books,3,1717.48,delivered
8710,F35f81b251F6d1d,2024-11-13,Jacket,Clothing,3,1734.86,created
8711,5A1dfC150aD9bF7,2025-12-07,Jacket,Clothing,3,304.15,paid
8712,2F05Ed4BF121Ea8,2025-04-13,Jeans,Clothing,3,525.61,created
8713,c2Cc0a94f86534E,2026-01-03,Jeans,Clothing,2,2228.31,delivered
8714,74Ba7fBdDF35eA6,2025-05-27,Machine Learning,Books,4,968.31,paid
8715,e1D165AEf4B8EBe,2025-06-05,Laptop,Electronics,3,1980.18,created
8716,d8e5B1De112E1E5,2025-07-16,Jeans,Clothing,1,1875.82,paid
8717,0D1Aca2aE9e7353,2025-09-30,T-Shirt,Clothing,2,2958.46,created
8718,e38Bca6bFBaDB87,2025-10-09,iPhone,Electronics,4,1858.72,delivered
8719,dBBf67BaFDa1bCB,2026-03-26,Machine Learning,Books,5,833.91,delivered
8720,EfF312492EaFb34,2024-07-20,T-Shirt,Clothing,5,1526.41,shipped
8721,Cc1AcDfAfbe7b7d,2024-05-12,Sneakers,Clothing,5,342.75,cancelled
8722,8ddbfFf57eFCf62,2024-10-25,Data Engineering,Books,2,569.01,cancelled
8723,F42c9E78FF8b8d8,2025-08-30,Laptop,Electronics,5,1619.53,cancelled
8724,7a9EF451b7FD5F3,2025-01-20,Sneakers,Clothing,1,2527.13,cancelled
8725,Aeb445aAB79a109,2026-04-19,SQL Guide,Books,1,1632.37,paid
8726,Af4c74aeF5Aa3CC,2026-01-04,Python Book,Books,2,1858.08,delivered
8727,4ea5A0b61C824AD,2024-08-02,SQL Guide,Books,2,2335.13,delivered
8728,F96d842b6B5f732,2026-02-12,T-Shirt,Clothing,4,1294.58,shipped
8729,Bee128348Ba2e5e,2025-12-07,SQL Guide,Books,3,660.9,shipped
8730,4812E9d6DDF2485,2025-09-23,Keyboard,Electronics,3,1536.06,shipped
8731,8c2Ca77E55aFdB5,2025-06-08,Sneakers,Clothing,1,2524.26,shipped
8732,35c1c1987035028,2025-06-14,Machine Learning,Books,4,2940.5,delivered
8733,CABBEfC6fFe0AAC,2025-03-17,Headphones,Electronics,4,2856.99,created
8734,4FEc2D7aB94B361,2024-12-21,SQL Guide,Books,3,2001.96,created
8735,Fa0b2d397BdD9C9,2024-09-27,Sneakers,Clothing,4,2361.89,delivered
8736,4a3534D51dd4F42,2025-05-28,Jacket,Clothing,2,2496.63,created
8737,fFCDA54Ecb6f0C8,2024-08-13,SQL Guide,Books,2,722.91,paid
8738,9Ac59eefdfE8aE9,2024-08-07,Sneakers,Clothing,4,1474.41,shipped
8739,bc17CDD5a451AeD,2025-11-15,T-Shirt,Clothing,3,2405.17,paid
8740,6Bad27874dFe92e,2025-03-02,Laptop,Electronics,3,874.94,paid
8741,6c386b0f0Bc55fd,2026-03-23,Monitor,Electronics,4,960.0,delivered
8742,6c7EB4270dd7371,2024-08-29,Jeans,Clothing,5,1597.87,cancelled
8743,f7F9C7CcBeA6f84,2025-01-28,Sneakers,Clothing,5,2670.08,delivered
8744,Bf2684f4CC1872D,2025-04-25,Jeans,Clothing,4,506.78,paid
8745,DBb02778dAd3E1E,2024-10-17,Machine Learning,Books,5,23.45,cancelled
8746,Ff1eEFB3f7cD8Bc,2025-11-25,T-Shirt,Clothing,3,1076.18,delivered
8747,65ACaFE80c9EeAF,2024-11-03,iPhone,Electronics,1,216.3,shipped
8748,1C947ccB9D2dDFC,2024-08-07,Data Engineering,Books,2,1433.73,created
8749,eebbdDdAF4CEe57,2026-04-17,Laptop,Electronics,3,2492.11,created
8750,19Fe98Db83C9Ff2,2024-05-10,SQL Guide,Books,4,1848.71,paid
8751,c9cfB3b84Ce3Cac,2025-11-10,Keyboard,Electronics,2,2517.71,delivered
8752,3Fc46527EDcF1A5,2026-02-28,Machine Learning,Books,2,2394.49,shipped
8753,bDadAe8Cf8F915F,2025-09-24,T-Shirt,Clothing,2,2610.9,delivered
8754,4A0C60763746c8b,2026-01-17,Headphones,Electronics,3,289.58,delivered
8755,5Ee4Dfec0b778A7,2025-12-12,Jacket,Clothing,5,1345.41,created
8756,C7A3980cEd82BA6,2025-07-16,SQL Guide,Books,5,2818.98,created
8757,cAEd5f3BcDd7907,2025-10-24,Laptop,Electronics,4,1414.58,paid
8758,0eD2fC13252884F,2025-02-19,Sneakers,Clothing,1,2657.25,shipped
8759,bA64DD42dd2071D,2026-02-05,iPhone,Electronics,1,2248.97,shipped
8760,aedf6FcaEC0BD00,2025-10-16,Headphones,Electronics,2,353.44,paid
8761,7D72E591328981c,2025-04-27,T-Shirt,Clothing,1,2259.31,created
8762,DFA1d51ECFB131d,2025-03-12,Sneakers,Clothing,3,2450.92,created
8763,15B82cDBfB12DD9,2025-06-08,Jeans,Clothing,1,1593.47,shipped
8764,7fDb4557AcFa750,2026-02-07,Monitor,Electronics,4,909.85,delivered
8765,EAB6D1AA56b90da,2024-05-21,Headphones,Electronics,4,2430.68,cancelled
8766,B3c4F8Ca8eA0470,2026-05-06,Data Engineering,Books,5,1941.92,delivered
8767,7bFf640deAfBAad,2024-10-15,Machine Learning,Books,2,566.08,created
8768,568A84AeF72bCE5,2024-09-16,Jeans,Clothing,4,1410.28,cancelled
8769,BdeC9E8F4Ab5d7E,2026-03-31,Sneakers,Clothing,5,2520.21,delivered
8770,050A0AefaA7e06f,2025-11-03,SQL Guide,Books,3,627.28,cancelled
8771,5BFD7fd983E9cfb,2024-05-27,Sneakers,Clothing,2,1353.14,delivered
8772,aCB56704c8C39A3,2026-02-03,Jacket,Clothing,5,2014.44,shipped
8773,853A67defa8D04A,2025-07-17,Jacket,Clothing,1,1496.18,paid
8774,A3dB5A0d9cbAa74,2025-12-19,Sneakers,Clothing,1,2455.03,paid
8775,a6e932e5fE84d0C,2024-06-15,Jacket,Clothing,5,836.7,cancelled
8776,84fADE6db2A639B,2024-06-11,Data Engineering,Books,1,1358.47,paid
8777,18Bc3BADe2Afbf3,2025-04-22,T-Shirt,Clothing,1,2653.34,created
8778,C72fAf7FE982DcF,2024-12-29,Jeans,Clothing,3,2327.65,paid
8779,3Ae9DBf0B35F0be,2024-09-28,Keyboard,Electronics,4,2863.65,created
8780,55a22f37C6fE0eF,2025-01-03,Keyboard,Electronics,2,1793.7,shipped
8781,d9Bd1c1D9b7d6C3,2025-02-15,Headphones,Electronics,2,1874.97,created
8782,d2CF0f3Baefeb99,2024-11-03,Jeans,Clothing,4,2289.91,shipped
8783,ef9B2DD6F5dd0de,2024-05-26,iPhone,Electronics,5,371.35,shipped
8784,AD275294766f6ea,2025-03-07,Laptop,Electronics,5,1030.57,created
8785,a51fdfe5E0dDdfC,2024-08-19,Machine Learning,Books,2,921.55,shipped
8786,4382CcEdafcF86F,2024-06-20,Python Book,Books,2,1929.86,paid
8787,F2FDedB9B39Ecdc,2024-10-19,Jacket,Clothing,1,22.25,cancelled
8788,3FFF0b9ecfD6Fac,2025-02-27,Machine Learning,Books,1,480.38,shipped
8789,2CEEE2E783d5579,2024-09-20,Jeans,Clothing,4,1544.45,paid
8790,6E1195dBD4761AA,2025-09-23,Monitor,Electronics,1,2609.77,paid
8791,09bEf3CdD3aaC0D,2025-08-18,Python Book,Books,5,1537.57,delivered
8792,dBfefc4fD0CB92b,2026-04-19,Machine Learning,Books,2,2457.23,delivered
8793,7dE2Ae6EE7FE2A6,2025-06-13,Python Book,Books,3,2866.72,created
8794,68Eaf1070aE3a7c,2025-10-03,Laptop,Electronics,3,2586.1,delivered
8795,CC64b0FAc5d50Ea,2025-03-26,Headphones,Electronics,4,1317.24,cancelled
8796,88f08298F4AaC43,2025-11-05,Sneakers,Clothing,1,1925.18,created
8797,BB60Ecfb762FA9c,2025-12-12,Jacket,Clothing,1,2739.29,delivered
8798,4d691ea1C4D7d7b,2026-04-28,Monitor,Electronics,1,1244.17,created
8799,DBdc15D6Df72dC7,2025-02-18,Data Engineering,Books,1,2492.85,paid
8800,edCbf0eB21DCfae,2025-01-10,Monitor,Electronics,2,1214.38,shipped
8801,A9FbeD35007BcDA,2024-10-23,Python Book,Books,1,2519.42,paid
8802,3Cca3c4cC7b2ca0,2024-11-28,Keyboard,Electronics,3,453.99,paid
8803,CfC26Fa89839E1A,2025-10-10,Python Book,Books,5,2621.77,cancelled
8804,E288C2EcB6cCaD1,2025-09-26,Monitor,Electronics,4,1772.52,paid
8805,fEBfd1B34DfaAaf,2024-08-26,Jacket,Clothing,5,2097.51,created
8806,4Ff95B9A203C1d5,2026-01-08,iPhone,Electronics,3,24.34,delivered
8807,1Ec59538DE6EeB7,2025-12-14,SQL Guide,Books,3,124.25,paid
8808,16eFC79d873BA0c,2025-04-30,Monitor,Electronics,3,1030.84,paid
8809,3A3e03D4112BDB2,2024-07-31,Headphones,Electronics,5,1414.16,delivered
8810,017F817a1E01CE2,2026-01-16,T-Shirt,Clothing,5,73.46,delivered
8811,6AB75251722c6CD,2024-06-22,Headphones,Electronics,1,1248.6,created
8812,8C1F34ef50CB660,2026-02-12,Headphones,Electronics,1,601.18,shipped
8813,FE4e0CDF3D24e3b,2025-10-11,Jeans,Clothing,1,1345.69,shipped
8814,a589b2840747823,2025-11-13,Machine Learning,Books,1,2317.9,cancelled
8815,398ab8A4bE415Cf,2025-10-18,Laptop,Electronics,3,2318.25,delivered
8816,E89DD2df6CADcBf,2026-01-23,SQL Guide,Books,2,2754.32,cancelled
8817,3CF5b2a3d3EFdf6,2024-08-01,Headphones,Electronics,4,1488.96,created
8818,4229C7CDb3f607c,2025-04-29,Python Book,Books,4,1915.98,shipped
8819,bAde5F7e5b64DeC,2025-11-03,Headphones,Electronics,1,1552.37,created
8820,EFFEe4F313b9E2C,2024-06-12,Jeans,Clothing,4,437.68,shipped
8821,FEc5A819099e8a3,2024-07-09,Headphones,Electronics,4,2850.18,cancelled
8822,bEd776c462de13F,2024-09-20,Jacket,Clothing,2,194.06,created
8823,a2A620A77bfbACD,2025-09-18,Keyboard,Electronics,5,39.78,shipped
8824,fa7EaE4b44048a3,2026-01-23,Jeans,Clothing,1,1651.61,cancelled
8825,B41DE412ca8Ad80,2024-09-28,Laptop,Electronics,1,2014.05,cancelled
8826,DA30D445CcDfe6B,2025-12-09,Keyboard,Electronics,5,548.77,paid
8827,77f691aE0D642B2,2024-06-23,Sneakers,Clothing,4,1164.63,shipped
8828,8f3DA11CA09bdc4,2025-06-18,Monitor,Electronics,5,683.0,delivered
8829,0DaBfA4DB82bFD4,2025-09-21,SQL Guide,Books,1,1654.57,shipped
8830,5A8F5664ce6ff3D,2026-01-03,T-Shirt,Clothing,3,330.72,shipped
8831,b8bF94eDa55C649,2025-10-24,Headphones,Electronics,1,1097.05,delivered
8832,7dfD03D3DF4EA54,2024-06-06,Data Engineering,Books,5,2616.08,created
8833,A8DDa5c221CbD6d,2026-03-14,Headphones,Electronics,4,1724.8,cancelled
8834,a8EEBA51FA0ccB7,2024-12-18,iPhone,Electronics,4,747.45,paid
8835,1Cf7D0320B3CE01,2024-09-17,SQL Guide,Books,5,993.96,cancelled
8836,b7B02bAdBA7b18d,2024-12-25,Machine Learning,Books,5,1246.26,paid
8837,ec9dd5740B4Ce61,2025-10-21,Jacket,Clothing,2,1180.41,cancelled
8838,FAE11b84DDDedcB,2024-07-02,SQL Guide,Books,2,2932.31,created
8839,f7cF1E9e4fcbF46,2025-06-27,Monitor,Electronics,2,133.09,delivered
8840,71FBD0CB01Ec4F3,2025-04-01,Laptop,Electronics,5,1904.04,delivered
8841,a8Cb89834BbD6f9,2024-09-30,Data Engineering,Books,2,875.88,delivered
8842,47D1FCF0fc44eee,2024-08-27,Keyboard,Electronics,4,154.32,delivered
8843,7DcADEd6b49D78e,2026-02-06,T-Shirt,Clothing,1,2469.28,paid
8844,Dbb7CABF1E8ddca,2024-05-27,Keyboard,Electronics,1,1882.77,cancelled
8845,F5dBdcbBED75A2c,2025-07-09,T-Shirt,Clothing,2,1640.5,cancelled
8846,Bf430Bfd32FBcae,2024-08-21,Sneakers,Clothing,2,799.65,created
8847,8847b9684bE10Cf,2026-01-13,SQL Guide,Books,4,1876.52,cancelled
8848,CAb3fFd014bAf9E,2025-09-25,Machine Learning,Books,4,2971.17,shipped
8849,dDbeDCBB7B14cfa,2025-09-24,Python Book,Books,3,414.65,shipped
8850,F2eF2E6A467AC49,2026-01-24,Machine Learning,Books,3,634.99,delivered
8851,B21f1C82D1DF43D,2025-06-03,T-Shirt,Clothing,3,606.31,cancelled
8852,EcF39D6276a265f,2025-01-19,Jacket,Clothing,4,599.1,delivered
8853,a7De6e94DdD1Add,2024-07-22,Headphones,Electronics,4,1536.67,created
8854,CBBDcAfB0eeCEd1,2025-07-26,Laptop,Electronics,4,2121.93,paid
8855,CFF1D1bEbEa3AFa,2025-12-14,T-Shirt,Clothing,5,1036.94,paid
8856,dFDdfbd7C6DC6D5,2024-06-14,Sneakers,Clothing,5,1438.31,created
8857,4Dc77C1cABFF502,2025-05-07,Machine Learning,Books,3,2876.65,created
8858,Ad9762B6614ed8f,2025-11-04,Monitor,Electronics,2,1068.79,cancelled
8859,A530D0Ab94aB093,2025-06-07,Keyboard,Electronics,4,1658.86,paid
8860,Edb8fBDcaba84eA,2025-10-09,Keyboard,Electronics,2,682.21,created
8861,7C3fC7fb143c4b2,2025-10-30,Jacket,Clothing,4,2691.84,delivered
8862,fb914A4AaDFB2fC,2025-01-28,iPhone,Electronics,5,2178.84,paid
8863,Ad6D68Ea2E5cEd0,2024-11-16,T-Shirt,Clothing,5,2193.7,created
8864,0aBDb9C3aFc51e6,2025-03-23,Python Book,Books,3,2552.34,paid
8865,eB31C7742411B85,2025-04-20,Jacket,Clothing,5,2413.5,created
8866,2Dc92e9D567dAcA,2024-07-09,Laptop,Electronics,3,858.59,paid
8867,0dc0F86eA24CE87,2024-11-05,Sneakers,Clothing,5,1016.96,paid
8868,Ff0caCF335CCf0b,2025-07-21,Machine Learning,Books,3,1624.08,cancelled
8869,E0Db98F24ccB1EB,2024-10-27,Jacket,Clothing,3,2485.38,created
8870,e5dFD7dba5d35b9,2026-04-27,T-Shirt,Clothing,2,1765.45,created
8871,0dac8bFC4DA890C,2024-07-23,Monitor,Electronics,5,1767.87,delivered
8872,5f080bE6Df10Ffa,2025-11-08,iPhone,Electronics,4,1142.07,paid
8873,C2DFCAa7DC43378,2025-07-23,Jacket,Clothing,2,2380.81,created
8874,c9D00408bEb5693,2024-12-26,Keyboard,Electronics,1,2232.28,cancelled
8875,B9A1aF51cDe02AA,2025-01-12,Python Book,Books,4,927.06,paid
8876,C750B1Dc96E20dB,2025-10-03,Python Book,Books,4,149.53,shipped
8877,FC356d1369A3fbb,2025-05-05,Python Book,Books,5,1989.2,shipped
8878,dfbdA05ABeca5Eb,2024-09-11,SQL Guide,Books,2,237.61,created
8879,bC84CBaA33a369a,2024-09-12,Jeans,Clothing,4,2991.44,created
8880,Bf5018B62cb3DdE,2025-08-21,Sneakers,Clothing,5,2050.55,delivered
8881,F2b9a2aBc1EeD91,2024-05-18,SQL Guide,Books,3,1583.01,delivered
8882,82d5ab9DEf8fe2a,2025-10-08,Sneakers,Clothing,3,1342.91,cancelled
8883,37200EA9944f9fD,2025-02-05,Sneakers,Clothing,1,1687.44,shipped
8884,EAFAaB0E2cFE261,2025-09-10,Python Book,Books,3,1498.9,delivered
8885,c65AC05e46F59a7,2025-08-29,Keyboard,Electronics,3,2887.71,delivered
8886,affc899b8455BaB,2025-04-23,Keyboard,Electronics,5,1629.14,cancelled
8887,b3Cef46C1445eeB,2026-01-22,iPhone,Electronics,4,1192.84,delivered
8888,58bDe88B5E7aceC,2025-10-12,Data Engineering,Books,1,1148.62,paid
8889,73c9A80F44c1DBc,2026-05-08,T-Shirt,Clothing,4,714.12,shipped
8890,6Ef29A02a89A620,2024-09-07,SQL Guide,Books,1,2101.77,cancelled
8891,C42cEcBdFBAE908,2024-11-27,Keyboard,Electronics,4,417.92,delivered
8892,cD5Ee9aF0Bf8DD3,2025-04-19,Headphones,Electronics,2,1709.0,cancelled
8893,ad226A6fCE74EA6,2026-05-02,T-Shirt,Clothing,4,2788.03,created
8894,73B204b03899E5A,2025-07-02,Machine Learning,Books,5,1005.0,delivered
8895,Aa4Da82cc78A87c,2024-07-21,T-Shirt,Clothing,4,2019.36,created
8896,30ccD60B8eF6cA2,2025-06-26,Jeans,Clothing,5,1585.72,shipped
8897,e13B90b8B5c197D,2025-12-18,Jeans,Clothing,4,120.65,cancelled
8898,bDa7fBCfcd0B06F,2024-06-24,Laptop,Electronics,3,2933.84,created
8899,EFDe3611e749fFB,2025-11-25,Sneakers,Clothing,2,400.28,cancelled
8900,CeFc464a7ABbD8a,2024-12-02,Data Engineering,Books,4,1840.01,paid
8901,15573aBE94f368b,2026-03-29,SQL Guide,Books,5,491.56,cancelled
8902,621fD67Ef0404cd,2025-03-07,Sneakers,Clothing,1,2755.77,shipped
8903,450d176DB0bECE5,2024-08-17,Laptop,Electronics,4,41.45,cancelled
8904,8A5768Cb24c9CdC,2025-12-17,Headphones,Electronics,4,2432.15,cancelled
8905,b49bF6eB8492dD4,2025-05-13,T-Shirt,Clothing,3,207.08,cancelled
8906,c9aFbf4C2c824c8,2024-10-22,T-Shirt,Clothing,3,1551.98,created
8907,0bFEdEe4bF5fA1c,2024-08-25,Jacket,Clothing,1,1566.0,cancelled
8908,12bAc9aAEe38Ffb,2024-09-28,Data Engineering,Books,4,2043.99,cancelled
8909,5dC01367D4483E8,2025-10-31,Jeans,Clothing,2,2548.11,created
8910,c1bd7cBbDeEbf02,2025-06-28,SQL Guide,Books,4,2649.44,cancelled
8911,7BafC7e502ae311,2026-01-21,Jacket,Clothing,1,924.82,cancelled
8912,dFEA85fED2D978D,2025-12-21,T-Shirt,Clothing,1,294.63,delivered
8913,46196FD1017aCC9,2025-03-17,Machine Learning,Books,2,1543.31,created
8914,D05E8b33cDE898F,2024-07-28,Python Book,Books,3,868.4,cancelled
8915,23BcbcAB05aa8f2,2025-04-30,Jacket,Clothing,3,271.1,cancelled
8916,cf53FE0FF6f6d0a,2024-10-06,Sneakers,Clothing,1,1155.75,cancelled
8917,3a6069B771FDcC3,2025-04-16,Python Book,Books,4,247.91,delivered
8918,C3FeC78BC97c1aD,2024-08-30,Data Engineering,Books,1,2810.74,delivered
8919,9cb1AdAdf2d4e3a,2025-12-01,Jacket,Clothing,1,1817.46,shipped
8920,4FDDb51bA34a5fA,2024-07-22,Machine Learning,Books,2,2508.73,created
8921,83F29Ad9D455bb8,2026-03-01,Keyboard,Electronics,4,1044.01,shipped
8922,15cedD3A4bCB2F8,2025-06-11,Python Book,Books,2,2373.45,paid
8923,96DcF1881f56B78,2025-08-09,Jeans,Clothing,1,2796.22,cancelled
8924,a045B35A87694Ca,2026-02-02,SQL Guide,Books,1,505.26,delivered
8925,Ef6BBbBAe1a2b44,2025-04-09,Monitor,Electronics,4,697.77,shipped
8926,64D3dc57E6B2Bf0,2025-09-02,Sneakers,Clothing,1,1774.12,created
8927,C0F91DAcCD6D441,2025-10-25,Jeans,Clothing,2,1065.79,cancelled
8928,561d77d870A5918,2024-10-30,Monitor,Electronics,5,1053.17,cancelled
8929,f0db0eacd136f1D,2025-10-14,T-Shirt,Clothing,4,2812.34,paid
8930,14C0a9e1fBBf4f4,2024-09-19,Laptop,Electronics,1,529.28,cancelled
8931,45C71829Fc4aa6d,2024-05-23,Python Book,Books,4,593.52,created
8932,dC2CcE70EA8A0fF,2026-04-11,iPhone,Electronics,5,881.14,cancelled
8933,b0CA6Cf2A72fBF6,2026-02-20,Jeans,Clothing,1,2080.64,cancelled
8934,2c3d0Dfbd58BFeF,2025-05-29,iPhone,Electronics,2,2544.57,paid
8935,b2dF7AF5f6BDeeC,2025-10-09,iPhone,Electronics,1,472.41,cancelled
8936,dFe05EB61C5AD77,2025-02-28,Keyboard,Electronics,4,575.56,paid
8937,421A277aC756Cca,2026-03-16,SQL Guide,Books,2,764.28,shipped
8938,61CA317804A726c,2025-07-12,Sneakers,Clothing,2,2652.72,cancelled
8939,1BCAAA7bC7dd5da,2025-04-08,Laptop,Electronics,1,1960.88,delivered
8940,Bc3c5Bcc9a05aC3,2024-07-09,T-Shirt,Clothing,2,1847.67,paid
8941,EAAFF1A7d4b48cb,2024-06-05,Jacket,Clothing,2,1273.03,paid
8942,11eb1B92FcAD202,2024-05-26,Jeans,Clothing,2,2136.33,delivered
8943,E5cAf159b5Ebb4c,2024-12-21,Keyboard,Electronics,5,1552.23,created
8944,AFcA034b1bb6A83,2024-11-30,iPhone,Electronics,3,1765.32,delivered
8945,b22a51DBF80A4D0,2025-04-29,T-Shirt,Clothing,5,2179.12,paid
8946,7ea30e1BE949e35,2026-03-31,SQL Guide,Books,1,1706.98,paid
8947,0A91c70A7EC25db,2025-07-15,SQL Guide,Books,1,1722.6,delivered
8948,Cd9Ae6cc624dFba,2025-10-02,Headphones,Electronics,5,2701.05,cancelled
8949,8cb89cd170eAAaE,2024-12-10,Monitor,Electronics,4,1721.05,delivered
8950,986AFa8Dda60A1e,2024-07-25,Jacket,Clothing,2,2276.91,cancelled
8951,aA74C92fBae0eee,2024-08-24,T-Shirt,Clothing,1,1656.98,delivered
8952,07f32aFFff3eC5a,2024-09-07,Headphones,Electronics,3,369.49,created
8953,dE363eefaD3Bf01,2025-02-22,Monitor,Electronics,1,2645.65,delivered
8954,dbD99DCb451A7eA,2025-05-17,Monitor,Electronics,4,1148.78,created
8955,1BEd0eF10e43d16,2025-07-09,Keyboard,Electronics,4,1488.58,created
8956,05e5C05941A1d0d,2025-10-01,SQL Guide,Books,2,1344.11,shipped
8957,cDA5b967DC65b79,2024-06-28,SQL Guide,Books,5,1701.73,shipped
8958,A4Cdb64e798ACCf,2025-10-20,iPhone,Electronics,1,164.79,paid
8959,59AbcEBBa5A3fE8,2024-08-23,Headphones,Electronics,2,910.54,created
8960,cde583e5bf7A5E2,2025-11-10,SQL Guide,Books,5,668.82,paid
8961,a3DD74BA7cd40d3,2025-10-28,Sneakers,Clothing,2,1538.94,paid
8962,8A3FaB28bdF881d,2026-03-24,Machine Learning,Books,4,481.06,paid
8963,fD01405E5C6AF61,2024-12-16,Monitor,Electronics,4,1401.72,shipped
8964,1f07A804bca3aaC,2025-05-23,Jacket,Clothing,4,2311.94,cancelled
8965,d14D76d2AEC38dA,2025-01-22,SQL Guide,Books,5,234.61,shipped
8966,Ff248E25eceE64D,2025-06-11,Headphones,Electronics,5,2128.4,paid
8967,fE97aDe1ebC4CcC,2025-09-18,SQL Guide,Books,3,164.96,delivered
8968,51fd9f527dB8193,2025-12-26,iPhone,Electronics,2,2268.26,cancelled
8969,98bd026d222CA8e,2025-09-20,Headphones,Electronics,2,70.95,paid
8970,2CADB41FfCB4101,2024-08-31,Python Book,Books,3,417.02,cancelled
8971,5FDBf56ecB0EFFb,2025-10-12,Python Book,Books,3,597.08,cancelled
8972,aFd78ebecaF1D1E,2025-11-07,Headphones,Electronics,2,865.52,delivered
8973,F7B3D78080CBE74,2025-06-29,Monitor,Electronics,3,751.95,cancelled
8974,C3Ce29AAd353F3A,2024-05-19,Python Book,Books,3,35.9,created
8975,9d2dCfA4f5EdBD2,2026-03-06,Machine Learning,Books,4,2306.39,delivered
8976,dFa75ebaF0d4eaB,2025-08-20,Jacket,Clothing,2,2439.15,paid
8977,0acBd743406c4Db,2024-12-05,Python Book,Books,1,752.37,cancelled
8978,0BdcdF68EC44eeF,2026-04-25,Sneakers,Clothing,5,1473.76,delivered
8979,E92Af5fD9DEaebE,2025-03-19,Laptop,Electronics,4,2995.74,delivered
8980,dF7C9AA96eF660E,2025-08-31,T-Shirt,Clothing,4,1537.03,cancelled
8981,cba2FE2DEbbd48B,2025-08-20,Sneakers,Clothing,2,1513.84,delivered
8982,ceEe54BcDa0BBA7,2025-10-18,Data Engineering,Books,2,2303.23,delivered
8983,89D4a842e2F0d47,2025-07-10,Monitor,Electronics,3,2127.29,paid
8984,3d9d7abd8daFD3C,2024-11-16,Headphones,Electronics,1,2331.47,delivered
8985,156Ae8e7c5d8CeA,2024-08-25,SQL Guide,Books,5,1541.78,paid
8986,967CcECc3c26C07,2026-02-08,T-Shirt,Clothing,4,2044.07,cancelled
8987,4F58fAD67ec09cE,2025-01-29,Python Book,Books,5,2204.61,created
8988,d16EeEe4b3B355B,2025-03-05,Keyboard,Electronics,5,2973.3,paid
8989,5fe2c754FF7c3fC,2024-08-08,Python Book,Books,5,219.61,created
8990,2a9BeFb88afaCCB,2025-04-18,SQL Guide,Books,1,1028.15,created
8991,6219249FE5AdcAE,2024-05-11,Laptop,Electronics,2,50.89,paid
8992,6BB40e4f9E4C5ff,2026-04-17,Jacket,Clothing,5,306.01,created
8993,192C32977D8aC74,2025-03-10,Python Book,Books,3,2893.71,created
8994,DCE4d4e5839d320,2026-04-15,Data Engineering,Books,3,2866.96,paid
8995,befAbdF3fC8d72F,2025-08-19,Python Book,Books,2,1739.17,cancelled
8996,4d6e1ADBEC5D2de,2025-12-05,T-Shirt,Clothing,4,707.94,paid
8997,32f2B4DFaeac6b2,2025-12-30,Jeans,Clothing,3,1587.22,delivered
8998,fe3B47599ee7EDD,2024-05-22,Headphones,Electronics,2,999.61,shipped
8999,72A757fe82Aca9A,2024-09-25,Keyboard,Electronics,3,1725.55,shipped
9000,54ef3c0FDD3DE92,2025-07-25,T-Shirt,Clothing,1,2409.28,shipped
9001,5adbC2E96390E4B,2025-06-06,Jeans,Clothing,1,2517.22,paid
9002,E5Bae9fA9d7b9F8,2025-07-24,Data Engineering,Books,4,701.68,shipped
9003,6C15BF2E4Bca1bb,2024-12-28,Headphones,Electronics,3,2440.83,created
9004,F179f3DCdC4BAde,2024-05-14,Headphones,Electronics,2,2241.85,shipped
9005,05d9EbbeFEDe8Ce,2025-01-09,Monitor,Electronics,5,2829.53,shipped
9006,79E9c5F43d18a59,2026-01-10,Jeans,Clothing,1,1896.66,created
9007,ceAAc54e1B0cb2B,2024-10-22,T-Shirt,Clothing,4,1066.68,delivered
9008,7adADd7CAfBBFDa,2025-02-21,Jeans,Clothing,1,1984.57,shipped
9009,35f5D0CEE8b6d5F,2025-01-11,Jacket,Clothing,1,97.49,shipped
9010,aC8c17A12db69BF,2025-05-13,Keyboard,Electronics,4,1565.31,shipped
9011,1bCD01dd9E9Bad7,2026-04-14,iPhone,Electronics,3,1257.03,created
9012,f389FA73a22Ee96,2026-03-19,Python Book,Books,4,2815.08,created
9013,8EF2EDEeBf4aa9B,2024-05-19,Data Engineering,Books,5,1658.4,paid
9014,Ee6BFa36f0afdA1,2025-02-18,Jacket,Clothing,2,726.9,delivered
9015,c471EceDcBAa6FC,2025-09-03,Data Engineering,Books,3,1449.19,created
9016,475f0a013f3d345,2026-02-20,Laptop,Electronics,5,1698.92,cancelled
9017,C09eBb5fa167b23,2026-02-23,Jacket,Clothing,5,614.51,cancelled
9018,fE6AEaFE1d9A7a6,2025-02-08,Headphones,Electronics,2,2005.22,cancelled
9019,C679DdFF631eF41,2025-02-19,T-Shirt,Clothing,4,2949.04,shipped
9020,6a2F8BcB12dff3A,2025-08-24,Sneakers,Clothing,4,2782.85,paid
9021,36eaf061fDEA95b,2024-05-30,Sneakers,Clothing,1,680.69,cancelled
9022,55C5e5De5A0a32d,2025-10-23,Jacket,Clothing,1,2112.14,cancelled
9023,ad7EF182C91DfEb,2024-11-19,Machine Learning,Books,5,2945.07,created
9024,5AE082F101dC4B8,2026-04-23,Jeans,Clothing,2,1196.92,created
9025,7e1ABeB81F894b8,2025-03-09,Jacket,Clothing,1,2193.45,paid
9026,C2dEaFCDa7FDEDF,2024-09-18,Headphones,Electronics,1,1603.5,delivered
9027,B51Aba30FD5BAfa,2025-07-31,T-Shirt,Clothing,2,653.34,delivered
9028,ccF0dAFc785Aa1e,2026-01-26,Headphones,Electronics,5,2873.59,delivered
9029,Ca5E6c52Eb5E8Cc,2025-11-27,Python Book,Books,3,1530.3,paid
9030,fc166d4eEF7AB82,2026-01-25,Headphones,Electronics,1,2745.08,shipped
9031,9dA5bd5C52D5dAd,2026-04-22,Monitor,Electronics,5,583.22,cancelled
9032,6f82C4DCeBBBad7,2026-01-26,Sneakers,Clothing,1,807.06,paid
9033,18D23CEdDa7F443,2025-09-14,Data Engineering,Books,4,2172.61,paid
9034,5d015cCaCbBE55D,2024-12-24,Jacket,Clothing,1,2028.47,paid
9035,1EAfBd578bbc4a3,2026-01-28,SQL Guide,Books,5,2347.6,shipped
9036,BE48Baffd64FC46,2024-11-27,Jacket,Clothing,5,512.07,shipped
9037,0DE3a4bC8ebbcaD,2025-06-01,Machine Learning,Books,5,2913.56,cancelled
9038,70c8E169475557a,2024-05-10,T-Shirt,Clothing,3,1880.76,cancelled
9039,53d6E89Ae3C9dA2,2024-05-29,Laptop,Electronics,5,1564.9,delivered
9040,19831C8ee5A2E23,2024-09-23,Data Engineering,Books,5,1081.05,delivered
9041,2F1b1aC4A38bB6c,2025-01-21,Machine Learning,Books,5,1121.08,created
9042,d84eAb3E16c8FEf,2024-11-01,Monitor,Electronics,3,1430.38,shipped
9043,eDd4CfC93E61fb9,2025-12-03,Keyboard,Electronics,2,1520.83,shipped
9044,2Bb236aEdD37EAf,2024-05-28,SQL Guide,Books,5,1350.66,created
9045,8f1Be99dFbc36a1,2026-02-14,Jacket,Clothing,1,991.03,created
9046,a8bbEa7F3b9f6F0,2025-10-28,Laptop,Electronics,1,535.36,paid
9047,D30b1BbC6ECAb45,2024-07-15,iPhone,Electronics,3,763.49,delivered
9048,DAC2FF99DAD75f2,2025-03-30,iPhone,Electronics,1,1663.39,shipped
9049,D0bE9DeAcC9Cb2D,2025-10-22,SQL Guide,Books,3,489.64,created
9050,a4Fd2D3Ca699d06,2025-10-20,Headphones,Electronics,3,1775.8,created
9051,74BEE8BF1d8Ff88,2025-05-05,Machine Learning,Books,5,1995.43,shipped
9052,aA0E0b61aD3bCbc,2025-07-24,Jeans,Clothing,5,454.32,created
9053,fC6eA59F01516ff,2025-06-22,Python Book,Books,2,190.77,cancelled
9054,a8b12eefE7DC8dB,2024-05-31,Data Engineering,Books,5,1813.65,created
9055,eCf48FE4B41a0fA,2024-11-14,SQL Guide,Books,3,2228.81,cancelled
9056,eaEA3FcE7f8c61C,2026-04-26,Sneakers,Clothing,1,2011.48,created
9057,43D6ee2CcFa20f5,2025-10-21,Keyboard,Electronics,3,2862.7,cancelled
9058,cce3dc52Dc509C9,2024-10-19,SQL Guide,Books,2,1453.65,paid
9059,4cf34C651C8a650,2024-08-11,Machine Learning,Books,2,862.18,paid
9060,fae6eBF93BdDE14,2025-04-22,Monitor,Electronics,1,2997.79,created
9061,78fEA65eE600e60,2024-09-23,Laptop,Electronics,2,1897.02,created
9062,AEBDEEC8b7d5Adb,2025-07-21,Machine Learning,Books,1,2071.05,cancelled
9063,733Cc13DAA8A5a8,2025-08-03,Headphones,Electronics,3,1105.62,delivered
9064,de92A78d63ef77b,2024-08-15,SQL Guide,Books,3,1775.25,shipped
9065,E29dF1Bc85AFb3c,2024-09-24,T-Shirt,Clothing,5,2240.39,shipped
9066,BDAbc3cEfe5BeD4,2025-12-02,SQL Guide,Books,3,424.9,shipped
9067,5b22EC7d806EfE3,2025-08-23,Headphones,Electronics,3,1182.5,created
9068,E15801dA5cBfC4E,2024-09-27,Python Book,Books,1,246.24,delivered
9069,F89acAEad4a601b,2025-11-14,Jeans,Clothing,1,656.34,created
9070,D2BEcb68FE3393E,2024-12-28,Jeans,Clothing,3,2602.32,paid
9071,DB34eA7eFC073FB,2026-01-11,Python Book,Books,2,1922.71,shipped
9072,cdbd086cfc1AF73,2025-04-01,Sneakers,Clothing,5,174.09,delivered
9073,EaF6C915EE8ECB8,2024-08-15,Machine Learning,Books,2,454.21,cancelled
9074,8ea7AA095FFFA87,2025-01-21,Sneakers,Clothing,1,622.98,paid
9075,e9c9ee064Ea8cB8,2025-09-07,Monitor,Electronics,1,2095.84,shipped
9076,7a0BAb3b20405B5,2024-12-06,Jacket,Clothing,4,2159.9,cancelled
9077,1CD50Fa86B21c5A,2025-08-05,Jacket,Clothing,1,1140.85,shipped
9078,0DeFfDfFBcDD97F,2025-07-09,T-Shirt,Clothing,3,37.83,paid
9079,99bEA1e6Fd5EDf4,2025-11-21,Jacket,Clothing,5,53.84,shipped
9080,8A732F05D030F3f,2025-01-16,Headphones,Electronics,4,1965.27,delivered
9081,B7F21d5ef54b7Cf,2025-04-14,Jeans,Clothing,1,1338.87,shipped
9082,eF2daA86D8A0d14,2024-10-29,Jeans,Clothing,5,28.05,cancelled
9083,b8453B0aF3E540a,2025-09-14,Jeans,Clothing,1,2164.85,shipped
9084,D43dec807f3C728,2025-04-13,Data Engineering,Books,5,185.51,paid
9085,Db38B96F61c55b5,2025-04-18,Jeans,Clothing,5,742.3,paid
9086,fadBa8Cb882Dc7E,2024-12-04,Python Book,Books,5,822.43,shipped
9087,7AEe8F92c6F26B0,2024-10-24,iPhone,Electronics,3,2734.35,cancelled
9088,e8A5a4788AED80D,2024-06-09,Python Book,Books,5,2972.78,created
9089,FEAAbbEFBa47F4A,2025-02-09,Sneakers,Clothing,3,2981.36,cancelled
9090,1D9f5a8605Bf4D5,2024-05-09,Jeans,Clothing,1,1863.85,shipped
9091,0CFD2B23bB86069,2024-09-26,Headphones,Electronics,2,1788.54,shipped
9092,9dDC207D43eA6ce,2025-01-10,T-Shirt,Clothing,4,1239.32,shipped
9093,C1BE039ACb80FED,2024-06-15,Python Book,Books,1,1033.08,delivered
9094,7e0A869881Ef6Af,2024-10-30,Data Engineering,Books,4,1922.1,shipped
9095,BceAFBfD0a7aBeF,2025-08-15,Monitor,Electronics,3,1395.24,delivered
9096,035eA40cE58d546,2025-10-28,Jeans,Clothing,3,226.89,cancelled
9097,DB4D98cA4dCed1A,2025-12-19,T-Shirt,Clothing,2,2162.94,delivered
9098,ec71eAA2C26Eaf8,2025-04-17,T-Shirt,Clothing,1,1857.77,cancelled
9099,04Fb2C8AdaDdFe9,2025-09-02,Jacket,Clothing,3,694.02,delivered
9100,80daecdaB8CCFFE,2025-05-11,Jacket,Clothing,4,655.22,created
9101,2ecfaAc8EB4c896,2024-07-22,Headphones,Electronics,2,187.99,delivered
9102,EBa2706900C3Ff4,2024-12-27,Jeans,Clothing,5,1335.75,shipped
9103,86a57c9B89ababc,2025-01-02,Keyboard,Electronics,4,2159.73,delivered
9104,eeD8A46C017017d,2026-05-06,T-Shirt,Clothing,1,2217.91,cancelled
9105,B25BEBF05BeA3EA,2025-03-19,SQL Guide,Books,2,2292.32,shipped
9106,BbE0EAb1fBfDc3D,2025-09-07,Laptop,Electronics,3,235.62,shipped
9107,313EeeCB8e340E3,2024-11-09,SQL Guide,Books,2,1452.69,cancelled
9108,cFaB3E80E06Bf8c,2025-09-18,Monitor,Electronics,1,1927.21,delivered
9109,24A600CE60A5cf3,2024-11-01,Headphones,Electronics,5,1526.5,delivered
9110,70F6eE06DBEb3C0,2025-03-25,Laptop,Electronics,2,768.64,delivered
9111,3f7aa5e2F661b3a,2025-01-08,Headphones,Electronics,4,1753.82,shipped
9112,fd3D94F6eAAC66a,2025-10-27,Data Engineering,Books,1,1336.46,delivered
9113,bC21B7Ea2035feD,2025-10-10,T-Shirt,Clothing,1,622.81,paid
9114,AcaBA9CC25D2f5A,2024-09-11,Data Engineering,Books,2,1134.61,paid
9115,f75bd0F5EbaF21D,2025-07-08,Monitor,Electronics,4,364.48,paid
9116,Ea37B4AD839dCCb,2026-03-28,SQL Guide,Books,1,2005.81,shipped
9117,7b3Eeb3eA8bCfcF,2024-05-20,Headphones,Electronics,3,2600.39,delivered
9118,216e1f4F1fA55aB,2024-05-28,Keyboard,Electronics,3,2069.72,paid
9119,9aB40A2eDaC0D9D,2025-04-27,Monitor,Electronics,1,2074.79,delivered
9120,Edb6E6Bdeae8E5d,2025-11-03,iPhone,Electronics,4,36.66,created
9121,EC577eE62cD7979,2025-12-23,Jacket,Clothing,4,2945.59,created
9122,482Ad7AA0Fc0EaF,2025-08-23,Machine Learning,Books,3,2595.92,shipped
9123,EdEA63fe84520F9,2026-03-14,Machine Learning,Books,3,2039.66,shipped
9124,e08DeFcEeAbd0e1,2025-04-11,SQL Guide,Books,1,2112.05,created
9125,db9Bc4241579dD9,2025-11-01,Sneakers,Clothing,5,805.94,delivered
9126,9EFceE08B427E2d,2024-12-27,Jacket,Clothing,5,2847.0,shipped
9127,eEfBd1CcdF94652,2025-11-06,Monitor,Electronics,5,2766.54,shipped
9128,b62FF28DfEFDFcD,2026-03-16,iPhone,Electronics,5,1744.84,shipped
9129,b6D43fAcEFDc498,2026-01-05,SQL Guide,Books,2,2692.26,paid
9130,145496Ec2C7a9Fa,2025-10-08,Headphones,Electronics,2,2161.67,created
9131,7F48cbd387dffE3,2025-10-23,Machine Learning,Books,2,1593.23,delivered
9132,fabFA62Dc5d5418,2025-11-20,Jacket,Clothing,2,1370.82,cancelled
9133,0e488ce3d80a3fE,2025-01-08,Python Book,Books,3,2726.27,paid
9134,eDC53d71CbdF00D,2025-05-30,Sneakers,Clothing,2,1372.32,shipped
9135,De95Ab541fBFFF2,2026-04-05,Machine Learning,Books,5,1604.83,delivered
9136,501B7a6B10722c7,2025-02-16,Python Book,Books,5,870.16,delivered
9137,b2aFD277943a6B0,2025-06-30,T-Shirt,Clothing,5,1015.63,created
9138,d3A93Dc2bc44C09,2025-02-14,Laptop,Electronics,1,925.66,created
9139,c4b3497FAd1Ea6B,2024-11-19,Jeans,Clothing,5,656.01,created
9140,D72C5E0DD3EeA42,2026-04-10,T-Shirt,Clothing,1,742.42,paid
9141,5AE0bc579082488,2024-11-13,Jacket,Clothing,4,2805.55,created
9142,646Fbf95cDcfEcB,2025-03-23,Sneakers,Clothing,4,837.48,delivered
9143,0956eE24AA3C4D5,2024-10-04,Sneakers,Clothing,5,1145.52,cancelled
9144,CaFa88FbBb8B16d,2024-12-13,Laptop,Electronics,3,2089.6,paid
9145,9D5AaFa339b222D,2025-07-14,Machine Learning,Books,3,2931.84,delivered
9146,D2f6F5CADFeCaDd,2025-08-10,Jeans,Clothing,4,1352.4,delivered
9147,8eeca167849001C,2025-02-26,Data Engineering,Books,1,821.97,cancelled
9148,7BA9bb7cFf608fC,2026-02-13,SQL Guide,Books,2,1697.22,cancelled
9149,C13325BF21Bc983,2025-07-24,Data Engineering,Books,3,2021.33,cancelled
9150,Cf5DED9a05cAD10,2025-07-26,SQL Guide,Books,4,593.17,created
9151,33F2Cd95B95dD4c,2024-06-22,SQL Guide,Books,3,768.84,cancelled
9152,bD50a8f91CF0D4b,2026-01-12,T-Shirt,Clothing,5,1596.61,created
9153,24ADa7eBC9F76bc,2025-03-25,Jacket,Clothing,2,1108.18,delivered
9154,5eB77AdF46eA460,2025-02-03,Jacket,Clothing,3,1089.4,delivered
9155,caBF3F807d3DBBd,2025-04-23,Jacket,Clothing,2,2715.8,shipped
9156,5B0cF2DDD743b59,2025-10-30,T-Shirt,Clothing,5,291.24,delivered
9157,C461EfD89c5cBa7,2026-03-17,iPhone,Electronics,4,103.75,delivered
9158,BD7bAa861ddBd94,2025-07-18,Jacket,Clothing,2,1391.89,delivered
9159,46C8eEa737bBCDe,2025-05-03,Laptop,Electronics,3,680.08,shipped
9160,AD7aFcc2dEcB491,2025-11-23,Sneakers,Clothing,2,1683.08,created
9161,2aAFef72c8EDdBA,2026-02-11,Laptop,Electronics,1,566.75,created
9162,BcCbBE86e39aF56,2025-03-10,Data Engineering,Books,2,116.28,created
9163,ddeA66ffdF1A8fE,2026-03-20,SQL Guide,Books,1,995.43,cancelled
9164,71C6EcBD9ce5474,2025-09-19,Monitor,Electronics,5,2632.96,shipped
9165,24532d18d1d02A2,2024-07-21,Python Book,Books,2,741.43,shipped
9166,eA3Fbe40C09CE54,2025-08-27,Python Book,Books,5,470.47,cancelled
9167,96d2De7D1fBe260,2025-09-10,Keyboard,Electronics,4,2200.41,created
9168,227CDC3cb5238be,2025-02-08,Monitor,Electronics,2,2577.95,cancelled
9169,a27656D4730d7c1,2025-10-20,Jacket,Clothing,2,527.87,delivered
9170,FEAfa0DeA6BF550,2026-03-30,SQL Guide,Books,5,126.96,shipped
9171,6AeeA8d5a9e4C36,2025-05-15,Sneakers,Clothing,4,717.5,delivered
9172,cD18Fb327B6Ea59,2025-01-16,Python Book,Books,2,2597.4,cancelled
9173,0A8F7ACbfABf9b8,2026-01-27,Monitor,Electronics,1,1942.2,cancelled
9174,5164aC7D4EE1d66,2025-05-02,Jeans,Clothing,5,2474.09,cancelled
9175,8Ec23AC2316dA22,2024-06-08,Monitor,Electronics,3,1395.84,delivered
9176,8B33eC4fB10DDE6,2026-03-22,Headphones,Electronics,1,801.22,shipped
9177,8EFaFd15cFd037C,2025-11-10,Jacket,Clothing,3,852.9,cancelled
9178,Bfd8ab22D2E43E5,2025-12-16,SQL Guide,Books,1,1181.42,delivered
9179,FCDb95fCcEdeAcc,2025-01-14,Headphones,Electronics,1,1704.51,shipped
9180,97e99fa09d7C4e2,2025-10-07,Laptop,Electronics,1,1605.11,cancelled
9181,DEA81DCB43D44Aa,2025-02-12,Data Engineering,Books,1,134.43,shipped
9182,989a3b9ea2A1938,2024-06-20,Python Book,Books,2,1460.33,created
9183,3A98c7ea5C7C01B,2025-11-10,Laptop,Electronics,3,1841.97,created
9184,071Bf056D68EFBD,2025-02-22,Keyboard,Electronics,1,1964.22,created
9185,B4d876B5fc0aEF8,2024-12-05,SQL Guide,Books,2,2754.33,cancelled
9186,cFA2bE51B5AdcED,2025-10-02,iPhone,Electronics,2,161.96,delivered
9187,bAcc1f7f8067a20,2026-03-06,Python Book,Books,5,651.93,cancelled
9188,863DF2f1c8a5a9D,2024-10-04,Data Engineering,Books,2,187.67,cancelled
9189,29E0E6da6AD57F8,2026-04-29,Headphones,Electronics,4,2135.62,shipped
9190,Badb2BAafacdABe,2026-02-23,T-Shirt,Clothing,3,2603.45,created
9191,AE8acD0bd5cBfe1,2025-08-11,Laptop,Electronics,2,1595.81,created
9192,3Fa84bFF49cceFe,2024-08-10,Machine Learning,Books,4,471.27,paid
9193,BbaA71ED2EdD6be,2025-10-31,Python Book,Books,5,2701.31,created
9194,2aDEbcebc5193f4,2024-09-28,Laptop,Electronics,3,543.26,created
9195,EbE4aFFD5A74dfB,2025-07-22,Keyboard,Electronics,5,985.86,created
9196,49BaE45Fc0c3D5b,2026-04-04,Machine Learning,Books,5,1698.19,cancelled
9197,572BB6Ddeafc87A,2024-12-31,Keyboard,Electronics,2,1845.12,paid
9198,bA63DC45553d748,2024-08-17,Keyboard,Electronics,1,2351.26,delivered
9199,2Ef7cb091dCf7a0,2025-06-16,Machine Learning,Books,1,411.72,cancelled
9200,675f8C556BbCaf2,2024-12-29,Headphones,Electronics,5,1538.08,shipped
9201,df3cfE21AB6Dca5,2024-10-22,T-Shirt,Clothing,3,2170.71,paid
9202,a6D92c8C6CdFB9f,2026-03-26,Monitor,Electronics,4,701.18,cancelled
9203,3aF3CdFAae4d4bD,2025-12-17,Headphones,Electronics,2,550.64,paid
9204,Dc888cdaEF6De8A,2024-05-14,T-Shirt,Clothing,2,1846.08,delivered
9205,daaDB2f3E0f31F2,2024-05-25,Monitor,Electronics,3,2786.33,cancelled
9206,3BDbA9403CB69e6,2026-02-24,Python Book,Books,5,1199.32,shipped
9207,A0aAbEbd54E0c13,2025-07-21,Keyboard,Electronics,2,273.66,created
9208,3E5e5Bd76CfaB6b,2026-01-16,Jacket,Clothing,1,1855.9,created
9209,FC4c1D16F59eCab,2025-05-22,Python Book,Books,3,1738.69,shipped
9210,eBeBe53E227B0Ae,2026-01-05,iPhone,Electronics,5,1453.21,created
9211,be9dfaB7dAB5BEb,2025-09-09,Python Book,Books,3,1945.53,cancelled
9212,3685FcEdE4dcba1,2025-12-01,Jeans,Clothing,4,2840.08,paid
9213,f7aF92ec6a92b0C,2025-05-29,Keyboard,Electronics,5,616.01,cancelled
9214,F5c8C0ad58B7cEc,2025-08-05,Jeans,Clothing,4,1939.97,paid
9215,7cFb46CB12DD8E8,2025-05-11,Monitor,Electronics,3,309.12,cancelled
9216,a7F2E387A66D1d0,2024-05-19,Machine Learning,Books,5,1467.0,created
9217,B8dE4B47F3B18aB,2026-01-01,Data Engineering,Books,4,1247.77,cancelled
9218,2Ad8373b5d566BE,2025-05-06,Data Engineering,Books,5,361.81,paid
9219,5964610D6DcAC72,2026-04-27,Sneakers,Clothing,4,2912.82,created
9220,C7eE0f8D3C1Ba31,2024-09-21,iPhone,Electronics,2,1238.58,shipped
9221,f5FEee8EFF6Bb47,2025-11-30,Laptop,Electronics,4,1161.48,delivered
9222,AEDb3D369b20041,2025-09-27,Jacket,Clothing,5,1953.81,created
9223,01DEc44fdD594ba,2025-07-04,Laptop,Electronics,2,2190.27,delivered
9224,9cd8f3F8774Dbff,2025-02-17,Sneakers,Clothing,2,2585.02,created
9225,CC763EBfCDFe0Fd,2025-01-03,Data Engineering,Books,4,1858.23,created
9226,E4F35B019B863a6,2026-01-24,Python Book,Books,5,1339.52,shipped
9227,F574CDF1aaEed27,2025-02-25,Headphones,Electronics,3,1818.4,created
9228,bE8EfcBcC84281d,2025-12-09,T-Shirt,Clothing,4,2010.63,shipped
9229,de33Bd85aaA6b56,2025-11-02,Jeans,Clothing,2,2419.73,created
9230,d2490dB276Ffc62,2025-01-17,Keyboard,Electronics,2,1054.96,paid
9231,2DabF80BFdEB1CD,2026-04-15,SQL Guide,Books,3,546.24,created
9232,D97c1126356Ac5F,2025-11-30,Laptop,Electronics,2,2467.6,created
9233,16EccfE746Fcab0,2026-01-18,SQL Guide,Books,2,725.37,created
9234,FF5a704ac81790D,2026-03-20,Data Engineering,Books,5,2957.52,delivered
9235,EDdb6F63676f6F9,2025-01-21,Headphones,Electronics,1,1822.75,cancelled
9236,69A6bD21ED43FB4,2025-02-07,SQL Guide,Books,1,2824.39,cancelled
9237,aEccEAb33EBA1E6,2025-07-01,T-Shirt,Clothing,3,1365.04,paid
9238,B1530d1faB9ACad,2024-06-18,Machine Learning,Books,3,1455.22,delivered
9239,A5F60beFfCc5AdB,2025-05-22,Data Engineering,Books,5,1877.99,created
9240,29Ce2C7525C6eCc,2025-05-05,Machine Learning,Books,5,883.05,delivered
9241,47323DeDa60f15a,2024-09-26,Jacket,Clothing,1,536.81,cancelled
9242,079eaadEfC0D8ac,2026-01-25,T-Shirt,Clothing,4,1674.75,created
9243,bDd4c86dcE8d76D,2026-02-06,Data Engineering,Books,3,1384.89,delivered
9244,b3BceA8bCa2cAE4,2025-03-10,iPhone,Electronics,2,420.54,created
9245,dDe59A7C5eaFA2c,2025-08-20,Laptop,Electronics,5,671.92,shipped
9246,C5aD5Fec684BEaf,2025-06-04,Data Engineering,Books,4,879.1,delivered
9247,0E6D00CCa7E9Ae6,2024-10-30,Machine Learning,Books,2,33.13,shipped
9248,bABaf5dcF1f7dc1,2024-12-04,T-Shirt,Clothing,5,2753.58,shipped
9249,A8dAa196CDe3cbc,2024-08-28,T-Shirt,Clothing,2,2513.34,shipped
9250,2EFbbE6BB5eB5bc,2025-04-30,Python Book,Books,1,339.99,created
9251,6FdE9E1f1e2dC6e,2025-03-16,T-Shirt,Clothing,5,1016.05,shipped
9252,FDCAD11b84bCC95,2024-12-06,Machine Learning,Books,2,1048.18,created
9253,0F799f5FD7Ae78E,2024-07-12,Jacket,Clothing,2,1259.14,delivered
9254,c43C91B1cB8A5Df,2025-06-02,Laptop,Electronics,2,1596.78,cancelled
9255,5443b5aBBbe1aC6,2024-08-28,T-Shirt,Clothing,2,2646.92,shipped
9256,01dF87e71888F1b,2025-07-04,Sneakers,Clothing,1,2798.49,created
9257,3e4Ef28eeE5136F,2025-11-28,Keyboard,Electronics,1,421.91,paid
9258,656677cF59026Ed,2025-04-18,Laptop,Electronics,4,417.92,shipped
9259,e9cC5504E3d2aba,2024-05-17,Jeans,Clothing,2,402.51,delivered
9260,8fBec96ACbE3C3B,2024-07-29,Jeans,Clothing,3,784.78,shipped
9261,8DcF586AE30B9b2,2025-11-12,Jeans,Clothing,5,2601.04,paid
9262,0327ADF49Be206b,2024-11-08,Keyboard,Electronics,4,2444.53,shipped
9263,867c9877f3aC8A1,2024-06-25,Headphones,Electronics,1,1140.45,paid
9264,95B5BfD01581358,2024-10-19,Machine Learning,Books,4,333.09,delivered
9265,A35504f0c4b68a0,2026-03-25,Python Book,Books,5,2577.18,created
9266,62ccA310b150d38,2025-07-27,iPhone,Electronics,2,628.63,cancelled
9267,8eC9bfcbFbbFbad,2026-02-23,Python Book,Books,3,1830.88,shipped
9268,E87A695fFBdFA48,2025-03-15,Python Book,Books,3,1613.11,cancelled
9269,D5bF57E252beAc2,2024-11-13,Python Book,Books,4,164.93,delivered
9270,f5E3fdE1ce9fa5B,2024-06-16,SQL Guide,Books,3,80.31,delivered
9271,A738A8CfedfAcf8,2024-11-10,Machine Learning,Books,1,1064.59,delivered
9272,2aa0caFE7ADd19F,2025-09-26,Machine Learning,Books,4,1475.51,created
9273,bc798DdB5b377ed,2025-03-22,Monitor,Electronics,2,2188.48,delivered
9274,6C3a864a59Cf7ff,2025-04-30,Jeans,Clothing,4,2018.42,created
9275,6747e44F1DDaaC6,2025-11-29,Jacket,Clothing,3,791.23,paid
9276,C0cF6Ec1e6c040a,2024-07-17,T-Shirt,Clothing,1,244.64,created
9277,0dFb07A06e5cE99,2024-11-21,Sneakers,Clothing,4,345.77,paid
9278,F60DBEdDaCBaA1d,2025-09-27,Sneakers,Clothing,1,115.3,delivered
9279,d9eDf4e740edF68,2026-04-06,SQL Guide,Books,5,1270.25,shipped
9280,e2165eE228bbFc5,2025-06-27,Jeans,Clothing,5,2034.06,delivered
9281,fbb0E7BAdDFF33c,2025-01-29,Jacket,Clothing,1,2179.38,shipped
9282,D298b827ba9aECF,2025-02-27,Jacket,Clothing,5,2072.29,created
9283,BEC088D5AEa5A30,2025-01-13,Jacket,Clothing,5,1759.88,cancelled
9284,461465B0b21c7Ae,2026-03-22,Keyboard,Electronics,2,1684.0,paid
9285,932e7ebC1ffFCF0,2025-05-05,T-Shirt,Clothing,4,724.19,paid
9286,e962DE9fA1A01bE,2024-06-26,T-Shirt,Clothing,1,1197.69,created
9287,cB0Bc2F62030dD6,2025-05-23,iPhone,Electronics,2,921.66,cancelled
9288,E7d524AA8F7f9BC,2025-01-22,Keyboard,Electronics,4,1678.35,created
9289,aA70a36dbbDc360,2025-10-27,iPhone,Electronics,1,617.84,created
9290,EBcFaebeB8FcD72,2024-07-08,Monitor,Electronics,5,1003.75,shipped
9291,b7fB9CDAfacbc52,2024-06-21,Laptop,Electronics,4,361.85,created
9292,D3b920A50Cc4ABE,2024-11-22,Jacket,Clothing,5,2956.01,cancelled
9293,E4902E8faf504dd,2025-01-31,Machine Learning,Books,3,2055.11,created
9294,89697b1cFaabdfE,2024-10-07,Keyboard,Electronics,4,2144.52,paid
9295,7B54aF5b5d7CfDb,2024-10-15,Python Book,Books,5,110.58,created
9296,4adA0cf03F71226,2025-07-25,Laptop,Electronics,3,88.56,paid
9297,f6aA0674e6ABe3A,2026-02-12,SQL Guide,Books,5,2148.87,paid
9298,C75F0FeEbDA0da6,2024-06-27,Keyboard,Electronics,1,107.38,cancelled
9299,B2B207D0BEa64e1,2024-06-19,Laptop,Electronics,3,2982.93,created
9300,23BdB5dBBEf4bDC,2026-02-28,Keyboard,Electronics,2,806.16,shipped
9301,81Fb27Ee81bFCE1,2024-05-11,Laptop,Electronics,3,2744.16,created
9302,3B38846Eec1Fd5B,2025-07-24,Monitor,Electronics,2,725.33,paid
9303,A2D03c95EE153d4,2026-04-26,Headphones,Electronics,2,1705.73,cancelled
9304,6655c8AF90fFaaa,2025-09-01,Machine Learning,Books,2,1045.1,paid
9305,C34eD6875A6a8Af,2025-01-13,iPhone,Electronics,1,2616.86,cancelled
9306,6673F41A1BBCe8e,2025-11-10,T-Shirt,Clothing,4,604.48,shipped
9307,DCAd89d1CCFb8eB,2025-01-23,Laptop,Electronics,1,195.05,shipped
9308,b3c934EaaCa9Ea8,2025-05-27,Jeans,Clothing,3,2222.76,created
9309,3A1cA309d2Bd4ad,2025-11-02,Laptop,Electronics,2,1997.86,paid
9310,32c1bfb266Ba83D,2024-10-26,Headphones,Electronics,4,18.6,paid
9311,64B166Ba1F27eFF,2024-05-22,Jeans,Clothing,3,2038.65,delivered
9312,a1bE15bE0767B4A,2024-12-15,iPhone,Electronics,2,2905.58,delivered
9313,f5Ac3F3da4Bf2bF,2025-06-06,iPhone,Electronics,1,1304.9,shipped
9314,EE6bAb50eDe4310,2024-10-09,Sneakers,Clothing,2,565.21,delivered
9315,7D3cF6ceDCEcdf3,2024-12-13,SQL Guide,Books,4,2505.83,cancelled
9316,ecBefaac9fC7A1a,2025-09-13,SQL Guide,Books,1,1854.03,paid
9317,26B1c2Eb6DC8F67,2026-03-17,iPhone,Electronics,5,2900.4,delivered
9318,99b6bbf4FFE236B,2024-08-16,Jacket,Clothing,1,85.24,cancelled
9319,fF0E6f4EbF8962F,2026-03-08,Jacket,Clothing,1,957.84,created
9320,de89ab55de793B0,2024-12-31,Keyboard,Electronics,1,2038.41,cancelled
9321,94D4702E8cD8bc2,2025-06-22,Keyboard,Electronics,3,2817.43,cancelled
9322,57056E6B0B5ACb6,2025-06-06,Jeans,Clothing,5,1704.45,cancelled
9323,abB491Afa3911dC,2024-06-04,Sneakers,Clothing,1,2759.04,cancelled
9324,43D4fCAcFF7C95F,2026-02-20,SQL Guide,Books,4,2605.45,created
9325,26bB91cbBD0fb71,2025-08-15,Sneakers,Clothing,5,1593.87,delivered
9326,d776ba4B2AF9AC3,2025-03-16,Monitor,Electronics,4,1794.69,shipped
9327,e6d9fae7deFf6db,2025-05-19,Sneakers,Clothing,3,1727.81,shipped
9328,Cd5eDEE831cBfBF,2025-07-27,iPhone,Electronics,5,433.97,shipped
9329,b1A9de004cB57Ec,2024-06-09,Monitor,Electronics,2,134.24,delivered
9330,8Fe265dDfAEAffb,2025-05-07,Keyboard,Electronics,2,2679.84,delivered
9331,df8eB0a4e3b0ceC,2024-07-04,Monitor,Electronics,1,2683.64,delivered
9332,d9C0Fba14297c4C,2025-05-17,T-Shirt,Clothing,2,1579.17,paid
9333,5bFdbaDcD11fCe3,2025-11-06,Machine Learning,Books,2,2837.08,created
9334,0b8EaA2BAdAc4eF,2025-12-12,Python Book,Books,4,2670.19,shipped
9335,6dF1b48A7a116C7,2025-06-05,Jeans,Clothing,5,2247.64,paid
9336,9E66E6b42eFA1CD,2025-09-05,Laptop,Electronics,2,1037.12,shipped
9337,f17CeeF264EAcaD,2026-03-23,Sneakers,Clothing,1,2497.65,delivered
9338,e821f93DCA3d72F,2025-01-11,Python Book,Books,1,846.37,paid
9339,c8D88Ffd46bC1fd,2024-08-04,Jeans,Clothing,2,1751.38,created
9340,60ffdcfE58BcfF4,2025-06-18,iPhone,Electronics,3,616.57,delivered
9341,5B45c86179E5b7A,2025-06-16,Data Engineering,Books,1,2832.85,shipped
9342,bCfC72eC7FA10E2,2025-01-16,Monitor,Electronics,1,484.09,created
9343,5AbacECe6AfACfB,2025-04-12,Machine Learning,Books,4,2053.13,cancelled
9344,7d0FB7a8850F5b5,2024-07-18,Keyboard,Electronics,2,193.79,shipped
9345,Dfd7FfaCF47BCF1,2025-10-21,Jacket,Clothing,5,1974.54,delivered
9346,a3d1afEAabd3BEC,2026-04-14,Data Engineering,Books,5,2006.16,cancelled
9347,C24aF5AAF887e7E,2025-07-20,Jacket,Clothing,4,1970.37,shipped
9348,fCBb1DD5dF88FDE,2024-05-25,SQL Guide,Books,3,2734.42,delivered
9349,b5e3eaE429D8D7C,2025-08-01,Jacket,Clothing,2,2023.61,paid
9350,FE9BE03bc0B283b,2026-03-27,Jacket,Clothing,1,880.19,delivered
9351,37bACC8CA2fc12d,2024-10-24,T-Shirt,Clothing,3,1128.03,created
9352,ECEf9CE7814b8bB,2025-09-29,T-Shirt,Clothing,2,2033.03,created
9353,b4eBb5E713969f0,2024-08-11,Data Engineering,Books,5,1033.92,delivered
9354,4eA4D239c069C86,2025-12-17,iPhone,Electronics,2,140.34,shipped
9355,f73DAad13FeEFcB,2024-07-20,Machine Learning,Books,2,1184.43,shipped
9356,0D7e6fAE7e67F38,2026-03-18,Keyboard,Electronics,1,2803.91,cancelled
9357,3A1602DE6d9e75A,2025-08-20,Machine Learning,Books,5,29.45,delivered
9358,34009EFCeAf02ff,2024-09-11,Jacket,Clothing,4,2303.8,delivered
9359,B1BEe6aAdD246D7,2025-07-06,T-Shirt,Clothing,4,745.07,created
9360,c45CDB75adFfceD,2026-03-16,Jacket,Clothing,1,1540.29,shipped
9361,B33fE878CcDaD3E,2026-01-11,SQL Guide,Books,1,2211.84,delivered
9362,00295AfB3d7BbFB,2025-04-11,Laptop,Electronics,5,2875.87,created
9363,B1f14e95Bdd70ef,2025-11-07,Jeans,Clothing,3,1191.73,cancelled
9364,1DF4CEb7adbfBBe,2025-07-29,Sneakers,Clothing,5,1403.65,shipped
9365,34dD0cf747A49Bd,2024-05-15,T-Shirt,Clothing,3,288.07,paid
9366,b0745f1fB7F860b,2024-11-26,Machine Learning,Books,4,839.48,delivered
9367,a2EfF056b9c0B00,2025-02-20,Jeans,Clothing,3,524.55,delivered
9368,4F2D295318e8a39,2024-11-17,iPhone,Electronics,5,266.49,created
9369,5E0bBEaAdA7C3D5,2024-07-19,Jeans,Clothing,2,876.0,shipped
9370,13E01E071D231f9,2025-09-17,Headphones,Electronics,4,1486.36,cancelled
9371,7CacbFeFB4CBE8f,2026-02-28,T-Shirt,Clothing,5,1498.99,cancelled
9372,82f530D9c0aB1db,2025-09-27,SQL Guide,Books,4,649.16,delivered
9373,8BdF3BEa7B9C0d8,2026-01-14,Laptop,Electronics,5,331.07,created
9374,6269e1E18A7DfFF,2025-10-07,Sneakers,Clothing,3,1556.87,created
9375,3BdD1E938B7D0Da,2024-05-16,Headphones,Electronics,3,2717.73,delivered
9376,4FAe1eB96b1CE4b,2025-07-03,SQL Guide,Books,4,2571.66,cancelled
9377,a6D5f0cF58074Dc,2025-10-11,Jeans,Clothing,3,2367.83,cancelled
9378,FDdeBA7cCCD8669,2024-10-30,Python Book,Books,5,2124.94,shipped
9379,8D47BaEae9E117c,2024-12-08,Sneakers,Clothing,2,478.3,delivered
9380,4CDcCC8B7B4755e,2025-03-19,Sneakers,Clothing,2,2325.48,shipped
9381,86551db92EA807d,2024-07-31,Jacket,Clothing,3,1092.14,cancelled
9382,f6cf5fa02CCdA6f,2025-12-23,Keyboard,Electronics,4,831.08,delivered
9383,cbe7bbb181a0Fec,2026-02-21,Data Engineering,Books,3,392.89,paid
9384,978A09D7fC04DaC,2024-10-05,Sneakers,Clothing,5,985.42,paid
9385,B2C7Dd6690bFAA4,2025-04-19,Keyboard,Electronics,3,718.12,created
9386,c7C1B27554Ec04B,2025-10-12,Data Engineering,Books,2,2113.71,shipped
9387,EEBc0cCa420eb9D,2026-05-08,Python Book,Books,1,59.72,paid
9388,4Cb8Bd6D90fB2dD,2025-05-19,Sneakers,Clothing,4,2256.01,shipped
9389,f6169D379E91bA5,2024-06-12,Python Book,Books,5,1492.26,created
9390,c79bA3c4daA5fe6,2024-10-03,Laptop,Electronics,3,2638.69,delivered
9391,63FCfd0EC049cb3,2025-12-09,Machine Learning,Books,3,1232.58,shipped
9392,279aBCBdBBE8eFd,2025-05-07,Jeans,Clothing,4,1407.22,shipped
9393,f5ae9EfE27eBf8C,2025-07-27,Laptop,Electronics,5,2912.2,shipped
9394,B4757d0e3CEfdC2,2026-04-21,Machine Learning,Books,2,1942.86,shipped
9395,fD1fEFEd9FBB1C6,2025-06-18,Jacket,Clothing,4,615.19,cancelled
9396,F83E88Fc47eB69A,2026-02-17,SQL Guide,Books,1,901.18,cancelled
9397,e34ec681fAa4CCB,2024-09-21,Data Engineering,Books,5,33.03,paid
9398,2a3087929dcB2ee,2025-01-02,Jeans,Clothing,5,1773.36,cancelled
9399,1FBCAfBa57DB4E6,2026-01-26,SQL Guide,Books,3,2099.26,cancelled
9400,42EeAb5FBCefFAF,2025-09-01,SQL Guide,Books,2,1961.18,shipped
9401,b8d9F1347D8aa19,2024-09-09,Python Book,Books,5,847.81,cancelled
9402,E53dE7dF32E3F98,2024-07-15,Python Book,Books,2,563.28,created
9403,7aa1Ac1DaD8f93D,2025-11-11,T-Shirt,Clothing,3,1845.92,created
9404,7C0a3ae4ba07aE8,2025-01-30,Data Engineering,Books,1,725.53,created
9405,BAFfFBc7A49418A,2026-05-05,Machine Learning,Books,2,1395.08,shipped
9406,AA40e4ba4cA62cC,2025-02-19,SQL Guide,Books,2,70.95,cancelled
9407,B9cdEe90995Ebd8,2026-05-05,Keyboard,Electronics,4,35.25,paid
9408,FE7288ebCf1dAfD,2025-08-11,Sneakers,Clothing,2,1668.98,cancelled
9409,ff3f7D4d28eCED2,2025-08-09,Python Book,Books,2,2372.0,created
9410,cb9aBcF8af99A88,2025-04-04,iPhone,Electronics,2,2121.26,delivered
9411,1fc19ECd95652Be,2025-01-29,SQL Guide,Books,1,2224.02,delivered
9412,05b0d9Da389B567,2025-05-14,Python Book,Books,2,1800.37,cancelled
9413,d2d3CB4DB42e62A,2025-01-15,Python Book,Books,1,2820.3,created
9414,4DeD696f6afec76,2025-05-01,Monitor,Electronics,4,2839.63,delivered
9415,DB7d1584BcBAEb9,2024-10-11,Python Book,Books,5,1800.71,shipped
9416,f411b73E8D6E3eb,2025-11-19,iPhone,Electronics,2,751.79,cancelled
9417,bC4Dd096AF073eA,2024-11-30,Headphones,Electronics,3,2506.45,created
9418,85Adc0Ac5BADd95,2026-02-10,Keyboard,Electronics,4,1122.96,paid
9419,EDfDB9F6fCBe2d6,2024-07-07,Sneakers,Clothing,5,1779.09,cancelled
9420,6Af8De0a3D4adE0,2025-12-31,Machine Learning,Books,5,2811.54,created
9421,70bb2B87EBC8cb0,2025-09-04,Python Book,Books,2,1376.77,delivered
9422,0cabB2948EAEbA7,2025-12-19,Machine Learning,Books,1,397.99,created
9423,C82bCc4A2fCB496,2024-10-06,Jeans,Clothing,5,1542.36,cancelled
9424,b1dFeAD14ebF104,2025-03-07,Sneakers,Clothing,2,2186.44,shipped
9425,2EB0dF172AE7830,2024-11-17,iPhone,Electronics,1,1212.1,shipped
9426,bf3F96fA2d88ac2,2025-08-07,Sneakers,Clothing,1,1674.59,delivered
9427,F85DFdb4d1C90bD,2024-11-17,T-Shirt,Clothing,1,566.07,delivered
9428,B62C95b7f54Beb5,2025-05-03,T-Shirt,Clothing,5,644.9,created
9429,19BaFBBD9562560,2024-09-10,Jacket,Clothing,2,2254.47,created
9430,fC7136607B07aD6,2025-04-05,Jeans,Clothing,2,1147.87,created
9431,Ab5dcA5caAec548,2026-01-05,Data Engineering,Books,2,1378.39,paid
9432,C04d4E9ce20a817,2024-08-05,Keyboard,Electronics,2,1413.66,paid
9433,ceFfc7D6171d487,2026-04-19,Machine Learning,Books,3,67.39,created
9434,0Cb59A60daBD38a,2025-02-11,Jacket,Clothing,2,2425.24,created
9435,DB3eCC3DbeCED7B,2026-03-29,Laptop,Electronics,1,1203.46,delivered
9436,e34642EedeaaA77,2025-02-27,Jacket,Clothing,4,2063.8,cancelled
9437,52d00e185662F3a,2024-07-15,iPhone,Electronics,4,2370.33,created
9438,EDdb9bCcbfB56ED,2024-09-08,Monitor,Electronics,1,1124.83,cancelled
9439,eedfc7cCab11e72,2025-07-03,Machine Learning,Books,3,1365.63,delivered
9440,B78912Fc9aDC0AE,2025-03-27,Headphones,Electronics,4,730.96,delivered
9441,Bbf62A9DfcCfdAc,2025-06-03,Data Engineering,Books,4,1929.39,delivered
9442,4e0fD3Bd1e65369,2025-03-23,Data Engineering,Books,5,974.35,created
9443,eab9e3a14A5a37c,2024-11-24,Machine Learning,Books,3,2681.56,cancelled
9444,8Eb44F27bda8D08,2026-02-27,SQL Guide,Books,4,386.61,delivered
9445,E188AedFdDA4d65,2024-05-26,T-Shirt,Clothing,2,44.29,paid
9446,6A5E9F072f87F3e,2025-12-08,T-Shirt,Clothing,1,888.05,created
9447,2C04AEd27f18cc1,2025-09-06,Sneakers,Clothing,2,1914.49,paid
9448,19439daacF4D53f,2025-05-19,SQL Guide,Books,4,278.14,shipped
9449,75290FF9A533eda,2024-06-24,SQL Guide,Books,5,1297.44,created
9450,0af7C7CDDaD34f7,2024-06-06,Data Engineering,Books,4,2567.08,paid
9451,BE3fdD031D34a4E,2025-01-15,SQL Guide,Books,2,1730.08,created
9452,e6c89c9d0DAae1C,2025-12-15,Keyboard,Electronics,5,2207.24,delivered
9453,63b1fffC2F082DB,2025-12-01,Python Book,Books,2,2650.36,shipped
9454,73ab1Ae86bA2db7,2024-05-27,Headphones,Electronics,5,2569.88,shipped
9455,3dfCb289fB45C75,2025-10-28,Headphones,Electronics,5,2052.47,paid
9456,eeAd4DBFb96FA05,2024-08-15,Sneakers,Clothing,4,1433.06,shipped
9457,e27B32Fd58DebA1,2025-02-13,Python Book,Books,1,2584.69,delivered
9458,9Bb705f12dC5F6A,2025-10-24,Headphones,Electronics,1,1566.64,cancelled
9459,b1F1983682EB69f,2024-05-22,Machine Learning,Books,4,2062.66,created
9460,858CB7b8fd4736a,2026-03-28,T-Shirt,Clothing,3,2882.36,delivered
9461,8aABce1ec372968,2024-12-09,Data Engineering,Books,3,2606.66,paid
9462,83Ec38890EABcDc,2024-10-19,Python Book,Books,3,1671.15,created
9463,38BaBe84df79CE1,2025-05-24,Data Engineering,Books,4,2476.07,cancelled
9464,Dd41f05DFBBecAD,2025-02-15,Sneakers,Clothing,4,2429.16,cancelled
9465,cAcaFa94caD123A,2025-11-13,Machine Learning,Books,2,1609.69,delivered
9466,610faaC35ae5bED,2025-02-02,SQL Guide,Books,5,749.04,cancelled
9467,defbDec1C0Da042,2024-12-21,Machine Learning,Books,5,846.71,cancelled
9468,fAFfD07B8AaeCeF,2025-08-07,Jeans,Clothing,4,877.08,cancelled
9469,7B474694afFAEef,2025-08-22,T-Shirt,Clothing,1,1821.45,shipped
9470,B1963cC4d2f415d,2025-07-21,SQL Guide,Books,4,169.97,created
9471,C7cC663da01AE3c,2025-01-04,Jacket,Clothing,2,1019.94,delivered
9472,7150DD27aA7E53f,2024-09-16,T-Shirt,Clothing,4,1540.54,shipped
9473,C5fEa2dBA68D8e3,2026-03-03,Jeans,Clothing,4,1705.72,created
9474,9FfB3397c98fEe2,2024-08-29,Machine Learning,Books,2,1310.37,cancelled
9475,615cEEEea094F1e,2025-09-11,Machine Learning,Books,3,2169.82,created
9476,E7bF270B42CfEc6,2024-05-31,Sneakers,Clothing,2,174.19,shipped
9477,4923152285eFd9e,2024-10-06,Headphones,Electronics,4,360.32,delivered
9478,9E6Ba71796A6cad,2025-11-01,Laptop,Electronics,1,2980.12,shipped
9479,dcDd2F3a5A8dd9d,2026-04-25,Python Book,Books,4,2638.3,created
9480,6D2bf5BDC19b868,2025-09-06,Data Engineering,Books,4,719.49,cancelled
9481,cAca7Db4dbe198f,2025-05-02,Jeans,Clothing,4,1139.74,shipped
9482,c4C0caE23C12C7f,2024-05-09,Sneakers,Clothing,1,2616.25,shipped
9483,4f18326E5688B33,2025-01-01,Jacket,Clothing,4,639.1,cancelled
9484,feCaBeDc2d18bC4,2026-02-22,SQL Guide,Books,3,1034.65,paid
9485,6de5cEB3b52ADdE,2025-03-13,Jeans,Clothing,5,1312.95,delivered
9486,c9fa7Da4d4EC1Ff,2024-06-14,Keyboard,Electronics,4,1472.35,created
9487,aB7831E1aE2163E,2025-07-01,Laptop,Electronics,2,2979.16,created
9488,3087a4ABF0EB0ce,2024-05-23,Data Engineering,Books,4,1994.32,cancelled
9489,DeCdc1961F2AcE4,2025-04-24,Machine Learning,Books,5,1791.98,delivered
9490,c1BF2E8e1A8b40C,2025-11-01,Python Book,Books,3,1907.4,paid
9491,CA9BAd416D5Ac0a,2026-02-23,T-Shirt,Clothing,3,2255.43,cancelled
9492,989dfFE5bdC0Fe9,2026-01-09,Jacket,Clothing,1,1403.28,delivered
9493,FE16420aebDe9c3,2024-11-05,Headphones,Electronics,4,734.89,created
9494,6aFb07fB3ceD861,2025-05-13,T-Shirt,Clothing,1,1914.8,created
9495,bDeA18D9f0bB740,2026-04-18,Python Book,Books,1,1450.16,cancelled
9496,FdCC4ddB2fA2d22,2025-08-15,Sneakers,Clothing,1,2407.63,shipped
9497,a1e3Ab5B1D6F55e,2025-06-20,T-Shirt,Clothing,3,1255.02,delivered
9498,38ff2cFe7D8F4FA,2025-10-07,SQL Guide,Books,5,2086.45,delivered
9499,Ae5DAbEcbFd36dc,2025-06-21,Headphones,Electronics,4,1815.66,cancelled
9500,F24308ef6Ef5777,2025-07-10,Jacket,Clothing,3,1718.77,created
9501,d14b113F58Ce2bA,2024-10-05,Jeans,Clothing,5,63.74,shipped
9502,fd34CdC0c53fB50,2024-12-05,SQL Guide,Books,5,795.86,delivered
9503,90DDe4DFBC3c20a,2025-03-22,SQL Guide,Books,3,1197.29,created
9504,837Eb97bEFb626B,2025-03-24,Jacket,Clothing,2,894.02,cancelled
9505,6F2edefeABEc0Bd,2024-09-30,Jacket,Clothing,1,913.94,paid
9506,62fCf7fe2c1eAB9,2025-05-30,Laptop,Electronics,1,2978.92,delivered
9507,7CC6d30d8C31867,2025-06-07,Jeans,Clothing,1,2240.09,cancelled
9508,BAAd80708b6C5Db,2025-03-02,SQL Guide,Books,4,1013.38,created
9509,D49137eDcDaD986,2025-08-13,Monitor,Electronics,5,2815.52,shipped
9510,812c18C87938D86,2025-08-09,T-Shirt,Clothing,2,983.72,delivered
9511,d50f87816C0b5Fd,2025-10-05,Jeans,Clothing,3,1486.03,cancelled
9512,93a5bFf60CbbaBE,2025-09-12,Data Engineering,Books,1,2105.38,cancelled
9513,f03DF8bb4554CAe,2025-12-24,SQL Guide,Books,1,563.51,paid
9514,e28A5EbfEaea4f3,2024-11-27,T-Shirt,Clothing,1,1819.09,created
9515,C42BF5EdB929CF6,2024-08-31,Data Engineering,Books,4,2491.61,paid
9516,5c4DaafCbdd02aF,2024-09-15,T-Shirt,Clothing,1,545.02,cancelled
9517,0feecF1d0E55f81,2025-04-10,Data Engineering,Books,3,2406.44,delivered
9518,8FCeD8CBDe4d3fe,2025-03-16,Laptop,Electronics,5,984.12,cancelled
9519,E5c8ADab111429e,2024-09-01,Keyboard,Electronics,3,2692.13,cancelled
9520,b76Acbe92d4fd5d,2024-09-12,Data Engineering,Books,1,1071.86,paid
9521,F13496a55A9A3bD,2024-12-07,Data Engineering,Books,3,1475.9,delivered
9522,8529E36C79Fe099,2024-07-24,SQL Guide,Books,1,2530.89,cancelled
9523,cd40edFD6d9BeCd,2024-08-10,Machine Learning,Books,3,2100.93,cancelled
9524,6b67e0Db88eb0Fc,2025-08-22,Jacket,Clothing,1,2102.88,shipped
9525,bFC18fD92be926b,2025-06-29,iPhone,Electronics,5,2542.73,created
9526,868bb5EBaCf809D,2025-07-30,Laptop,Electronics,5,1677.45,shipped
9527,a1229BE7Ead4B74,2025-09-27,SQL Guide,Books,1,2585.91,delivered
9528,f37D20dE4Ab1B2e,2025-12-10,SQL Guide,Books,3,2288.63,cancelled
9529,EbaaD81DA1581E8,2025-10-21,Keyboard,Electronics,1,1175.7,cancelled
9530,D9752Bd3CEe31db,2024-09-18,Headphones,Electronics,3,1715.32,created
9531,F70D0a7fD5Ed98A,2024-11-13,SQL Guide,Books,1,995.06,paid
9532,fE6AEaFE1d9A7a6,2024-10-15,Headphones,Electronics,4,963.98,created
9533,4f90b2E1fBb76f7,2025-03-01,Keyboard,Electronics,5,38.99,delivered
9534,7EFF03e2A8f61C3,2026-01-24,Machine Learning,Books,2,1468.5,shipped
9535,eB1EC0273aec277,2025-11-15,Monitor,Electronics,4,2456.26,cancelled
9536,EEd0d2d3547Ef16,2025-03-02,Machine Learning,Books,4,2380.26,created
9537,57062bCCBdD79cB,2025-02-28,T-Shirt,Clothing,1,828.07,created
9538,F7cd0fF5Dfd2f3E,2026-01-07,Sneakers,Clothing,4,45.53,delivered
9539,3965Ac5da5fa08A,2026-03-23,Sneakers,Clothing,5,2430.6,shipped
9540,8AfbAFAcaF6b5f5,2025-07-26,Sneakers,Clothing,1,2429.12,delivered
9541,BF8dcACFeE2ce00,2024-12-16,Jeans,Clothing,3,1187.43,cancelled
9542,3964D5C4f0CD3c7,2026-01-24,SQL Guide,Books,3,1833.93,shipped
9543,3faDE00D2bEb4fC,2024-09-14,SQL Guide,Books,5,409.87,created
9544,b8f9aF410D655fd,2024-12-03,Keyboard,Electronics,4,257.97,cancelled
9545,0238bF7B494C486,2025-02-26,Laptop,Electronics,3,1394.57,shipped
9546,d386BBbdd473148,2025-08-14,Data Engineering,Books,5,1711.53,delivered
9547,CfDD6cAfBECa7Db,2024-12-29,SQL Guide,Books,4,2362.0,shipped
9548,DB54448ead6bB0D,2025-08-04,Machine Learning,Books,3,164.61,paid
9549,F2C5c6ae1abC0A7,2024-10-07,Jeans,Clothing,5,561.09,delivered
9550,2ed597865AA0cD5,2024-07-31,Python Book,Books,2,1091.96,created
9551,1adA51Fb53236CC,2026-02-01,T-Shirt,Clothing,5,2589.75,paid
9552,8014acd68EFCaaa,2025-08-01,Machine Learning,Books,3,2704.92,created
9553,923C8Ae1C7cC92D,2025-04-21,Headphones,Electronics,5,2646.63,paid
9554,edD8cdEEFB67869,2025-04-06,Monitor,Electronics,4,1401.8,created
9555,7b2b65Dd98ecb03,2026-05-04,Sneakers,Clothing,1,2994.07,delivered
9556,714CEDE8A7F1BC0,2025-03-10,Jeans,Clothing,4,2192.37,delivered
9557,F3F9fC85048614c,2024-07-25,Data Engineering,Books,2,2406.28,delivered
9558,E34Cb75cC6EbFE1,2025-04-27,Python Book,Books,3,2144.2,created
9559,60dee8b12b8cdAe,2026-02-16,Sneakers,Clothing,4,231.38,paid
9560,Ff0aCF0D19AFc5f,2024-06-08,iPhone,Electronics,5,1320.24,paid
9561,aBFAabd228fb18F,2025-07-16,Laptop,Electronics,5,1945.92,created
9562,3Ff17Db5cfEF9E8,2026-03-16,Python Book,Books,5,1155.26,cancelled
9563,a66DabCD74Ca7aa,2024-07-01,Headphones,Electronics,3,1555.67,paid
9564,54159f0a6AbCceA,2025-11-23,Python Book,Books,1,2135.34,paid
9565,1a157Bd60d9E71c,2026-01-07,Machine Learning,Books,1,2695.12,delivered
9566,aeFee192c649dae,2024-11-16,T-Shirt,Clothing,3,542.56,paid
9567,c6B3EfFd36D3A4D,2026-04-27,Sneakers,Clothing,2,785.96,paid
9568,FAF7B6da41cf1e8,2026-01-28,Headphones,Electronics,2,1075.72,paid
9569,Ee0BBAfC8FCaf23,2025-05-09,T-Shirt,Clothing,5,61.47,shipped
9570,8d85c8fFdd760D5,2026-01-21,Sneakers,Clothing,4,1354.45,shipped
9571,0388dcabFd8F173,2025-06-03,T-Shirt,Clothing,3,651.79,paid
9572,FEe6BC7f09D1aA3,2024-11-03,Headphones,Electronics,3,1151.05,shipped
9573,fA6C6d41D9E59fa,2026-01-18,Monitor,Electronics,1,1765.72,shipped
9574,B2d76Bd8E05B3Ec,2025-05-26,iPhone,Electronics,3,2336.1,cancelled
9575,44E6CBBb223dc53,2025-04-12,T-Shirt,Clothing,3,2763.26,delivered
9576,ebd6D271faA241C,2025-04-23,T-Shirt,Clothing,3,1393.59,cancelled
9577,C8Ce78afAaf7740,2025-01-02,Sneakers,Clothing,1,2601.55,delivered
9578,94f825aeA256921,2024-11-10,Sneakers,Clothing,1,2537.19,paid
9579,1368Cc92b16f792,2025-03-19,Monitor,Electronics,4,1713.98,shipped
9580,AfdBD9A9689F4e2,2024-09-27,Python Book,Books,3,869.33,shipped
9581,5AB4ae6e3f9FE88,2025-04-19,Keyboard,Electronics,3,744.55,cancelled
9582,2a05b1ecAcB5E6D,2025-08-20,Laptop,Electronics,4,443.53,cancelled
9583,f1e7BeaE5C7EEf5,2025-07-01,Laptop,Electronics,5,183.25,paid
9584,162a0A6BfD5747A,2025-11-08,Machine Learning,Books,3,1336.21,delivered
9585,f8a39cdC7338Ea4,2025-03-22,Keyboard,Electronics,5,231.04,cancelled
9586,BCEa3a6c7B9D5AE,2025-07-20,Sneakers,Clothing,2,1181.61,cancelled
9587,Abbf0aD5bAdafeC,2026-03-22,T-Shirt,Clothing,3,283.72,cancelled
9588,Fc7A4b0BCB028fF,2024-12-26,Headphones,Electronics,1,2574.51,cancelled
9589,Ad0774eC8fCf15c,2024-11-17,iPhone,Electronics,5,1028.92,delivered
9590,CD76F27F64AB4BF,2025-10-13,SQL Guide,Books,3,145.57,delivered
9591,EbFDe7EcB0Fbfb8,2025-03-15,Monitor,Electronics,4,468.06,cancelled
9592,Bef42Eb90dF11A5,2025-12-14,iPhone,Electronics,2,1709.7,paid
9593,fB2fAF8a44b689C,2024-09-29,Keyboard,Electronics,5,725.83,paid
9594,128eB1232fa8c92,2026-04-15,Monitor,Electronics,2,315.79,delivered
9595,caA4e1f39340d69,2024-05-19,Machine Learning,Books,1,880.34,created
9596,afacfb7Fb40ac6d,2024-05-22,SQL Guide,Books,5,1895.58,shipped
9597,FfbEd6fb8B914B5,2026-04-17,Laptop,Electronics,5,472.36,paid
9598,A4e2fda7a03EebF,2025-03-19,Python Book,Books,3,1653.08,paid
9599,E322008cB06A9a1,2024-12-31,Keyboard,Electronics,1,283.25,shipped
9600,a78FE2c0CAb9Ba4,2026-04-25,Jacket,Clothing,4,2306.47,shipped
9601,3AAbce2eAe918E0,2026-02-25,Headphones,Electronics,4,2565.57,paid
9602,AFC7Eb31528ab1F,2026-01-21,iPhone,Electronics,3,2666.3,delivered
9603,05D2F6d6D8D7aBD,2025-01-29,Jeans,Clothing,1,1139.95,cancelled
9604,1e1a291c6Bf17e4,2025-11-27,Monitor,Electronics,3,1092.59,paid
9605,EEC2CeEa18260Ec,2025-05-28,Jeans,Clothing,1,919.23,paid
9606,50e5c53cECE7045,2026-02-21,Sneakers,Clothing,1,1919.28,shipped
9607,f87bA8BcefF2bdd,2025-03-16,Data Engineering,Books,5,106.09,created
9608,fD642e797Cc4Aff,2026-05-01,Monitor,Electronics,4,1953.3,delivered
9609,bb43DdA38eA7Db3,2026-04-03,iPhone,Electronics,1,1502.53,delivered
9610,037fb6CCd180F2d,2026-04-28,Keyboard,Electronics,1,2795.15,shipped
9611,fD43783fFD1d0A5,2025-09-02,Headphones,Electronics,2,2801.06,created
9612,6EC2CfdeFF5d0Ed,2026-03-21,Sneakers,Clothing,5,1350.77,cancelled
9613,1CBED9595eDebC9,2024-10-28,SQL Guide,Books,3,2404.88,created
9614,5A4F92ba57650bC,2025-08-09,Sneakers,Clothing,1,1897.13,paid
9615,b2cA43EAEFDA904,2024-09-20,T-Shirt,Clothing,4,97.5,delivered
9616,EE286bb5CB0eDA1,2024-11-04,Monitor,Electronics,5,1389.03,shipped
9617,d69dbcC78ffF95e,2026-02-07,Machine Learning,Books,4,1557.05,delivered
9618,bFcCFfA9aa04eAB,2025-01-02,Jacket,Clothing,4,2961.53,cancelled
9619,4da39874EEF71b5,2025-02-07,Laptop,Electronics,4,621.42,delivered
9620,dE333EBD7937AcF,2024-12-19,Machine Learning,Books,3,51.74,paid
9621,9FDb3E54B6ef97c,2025-11-11,Jeans,Clothing,4,2091.45,shipped
9622,28AbFF5ffcBF05b,2025-09-16,SQL Guide,Books,4,2556.36,created
9623,f8aE8fCADc0f8FE,2025-11-03,Data Engineering,Books,4,1804.25,delivered
9624,BEae1ab1A0ca0d9,2026-05-06,Keyboard,Electronics,1,1842.99,paid
9625,fFda41F0a78aAC7,2026-02-11,Python Book,Books,5,543.64,cancelled
9626,5C4A4D62C0b7eAE,2024-11-09,Keyboard,Electronics,2,2504.57,created
9627,2b0fD7FF1A9f38b,2026-04-16,Keyboard,Electronics,2,1695.72,created
9628,ec644E0B4efc1Ef,2024-10-21,Machine Learning,Books,4,1179.81,created
9629,FcE2ebBFcC2dA64,2024-05-19,Python Book,Books,3,410.55,cancelled
9630,46C0eccC4FBaaBF,2025-03-10,SQL Guide,Books,5,2806.17,paid
9631,A6da2E5b52DFEbB,2026-03-16,Jacket,Clothing,3,157.65,created
9632,5D65C65DAceeAeF,2025-07-03,Python Book,Books,3,1777.26,paid
9633,42c87C6a5ad640F,2025-10-30,Monitor,Electronics,1,1259.87,shipped
9634,c20ee7a1079bCb3,2024-06-12,Headphones,Electronics,4,110.21,shipped
9635,2ABDaCCC6e023a8,2025-08-17,SQL Guide,Books,3,867.86,delivered
9636,Aa2cECb57FEd7AC,2024-06-28,Jeans,Clothing,5,2220.02,paid
9637,7BccaDBf16B0b51,2026-02-01,Laptop,Electronics,4,2958.79,cancelled
9638,871BCEaBB7E1c00,2025-06-02,T-Shirt,Clothing,4,1323.17,delivered
9639,b46DAaeF35caeD8,2024-09-15,Keyboard,Electronics,4,2083.62,cancelled
9640,8D7CaFf4EACfAEe,2025-06-23,Data Engineering,Books,2,386.73,cancelled
9641,fbCdC3Ab9ACCF8B,2024-11-30,Monitor,Electronics,2,1268.61,cancelled
9642,2c7fabe4Fe0f2f3,2026-04-16,Keyboard,Electronics,1,1376.69,created
9643,ac5Adcee1f52F3d,2024-08-18,Sneakers,Clothing,2,2412.65,created
9644,86D97e725baCB13,2025-07-28,Sneakers,Clothing,4,1441.89,shipped
9645,7aeD163Ed0E954E,2025-11-21,Python Book,Books,1,2732.78,shipped
9646,c8139A59bE25cF5,2026-03-03,Machine Learning,Books,5,1851.81,delivered
9647,cb16228DdfFEe2A,2025-06-26,T-Shirt,Clothing,2,2293.17,paid
9648,E3a7ee3aaadb8cb,2024-05-20,T-Shirt,Clothing,5,1786.22,delivered
9649,07ed598541eaD3c,2025-09-10,Headphones,Electronics,1,2200.17,shipped
9650,6Ac4d73b1BD0044,2025-02-28,Sneakers,Clothing,4,120.24,cancelled
9651,90E802Ee57ddDab,2024-09-18,T-Shirt,Clothing,2,2033.96,shipped
9652,C7Ca21f54d3Eaaf,2024-07-25,Data Engineering,Books,1,872.49,shipped
9653,C4Fe1AdDD274397,2025-02-06,SQL Guide,Books,4,1868.16,created
9654,F795dDFe2CB9BC2,2024-10-03,T-Shirt,Clothing,4,2522.52,cancelled
9655,4C62dF3a0eBec88,2024-10-05,Machine Learning,Books,5,2253.35,paid
9656,bE130Ff5E4f3c9c,2024-06-01,Monitor,Electronics,4,2631.95,delivered
9657,eA484a9C9E3a0f8,2025-12-12,Machine Learning,Books,1,118.98,delivered
9658,E1Ef3dA549D0E0E,2025-09-05,Headphones,Electronics,1,1035.86,created
9659,5b12Ccf98defcDA,2024-05-12,iPhone,Electronics,3,1419.96,delivered
9660,b94F7723e3f40D4,2025-08-31,Data Engineering,Books,3,1199.53,shipped
9661,1D44Dfacf61c644,2025-10-30,Jeans,Clothing,5,691.63,shipped
9662,01a27A796B5f9df,2024-07-23,Machine Learning,Books,5,1214.73,created
9663,B8ee10eBB2A46F7,2025-03-10,Monitor,Electronics,1,310.94,paid
9664,BE7D67F1ea1eB8c,2025-09-13,Machine Learning,Books,3,2781.99,delivered
9665,60CD6FFC02c8D2B,2024-11-01,Python Book,Books,5,229.15,shipped
9666,FEED5c2a98Fd8BF,2025-12-18,Machine Learning,Books,1,697.57,delivered
9667,B2c6dEaD066D2a5,2024-10-26,Data Engineering,Books,3,1936.25,delivered
9668,62edB13c3aD9F20,2025-05-01,Sneakers,Clothing,4,2470.94,delivered
9669,1f4b5Fc7af8de14,2025-11-12,T-Shirt,Clothing,4,1368.7,created
9670,F36cceF244cbcAD,2025-10-23,Machine Learning,Books,4,1022.31,created
9671,f4cBe7dACBDfcAD,2025-04-22,Jacket,Clothing,4,2944.85,paid
9672,0d1FC8d7E3390D2,2024-06-28,Jacket,Clothing,2,1411.5,cancelled
9673,acAe14d7AB0db08,2024-06-15,Python Book,Books,5,2929.59,cancelled
9674,87D6AbdE4544490,2025-09-13,Machine Learning,Books,1,160.83,paid
9675,1C37537b0DC3e5b,2024-05-14,Jacket,Clothing,4,855.1,cancelled
9676,C6252724bbFe4E2,2025-05-03,SQL Guide,Books,3,1206.85,shipped
9677,92C8Af0EF43De1e,2025-10-12,SQL Guide,Books,1,1827.71,created
9678,2cDCb9A9e9Da6aE,2024-06-10,Headphones,Electronics,4,2554.53,created
9679,72bd2AF78E6ff91,2024-08-30,SQL Guide,Books,1,1933.53,cancelled
9680,ca43c9312beFCCb,2024-08-26,Python Book,Books,5,2673.12,delivered
9681,6F7f8b9820203eF,2026-03-02,Jacket,Clothing,1,386.76,shipped
9682,3d2099fD5c105ba,2025-07-10,Headphones,Electronics,1,1889.11,created
9683,2efF5E2dCccaA07,2025-02-01,Machine Learning,Books,5,2169.13,created
9684,E509614dE3E7f9D,2024-10-03,Jeans,Clothing,1,776.13,paid
9685,Cc51d8adb75Cdc8,2024-06-24,SQL Guide,Books,5,1959.2,cancelled
9686,38BbCfa184a1ac3,2024-08-23,SQL Guide,Books,2,2236.77,cancelled
9687,89F2dF4C1BDC1C5,2026-03-06,Sneakers,Clothing,1,2455.43,cancelled
9688,aC2a13efdDcc61A,2024-12-30,Jacket,Clothing,1,1222.35,cancelled
9689,F7DEebd018Ef3e7,2024-10-01,T-Shirt,Clothing,1,1856.97,created
9690,9aAeADcd1426015,2025-02-05,iPhone,Electronics,3,1846.73,shipped
9691,eC5C59ae6a8e2a5,2025-03-26,T-Shirt,Clothing,2,2692.08,cancelled
9692,625E8C34DBBD6f7,2026-04-15,Python Book,Books,1,1799.78,created
9693,EbdE949A2Fab74c,2025-07-09,Laptop,Electronics,5,2373.05,cancelled
9694,AB47C885f03A45E,2024-10-18,Jacket,Clothing,2,949.03,created
9695,9E31Df2F0fCB79D,2024-12-30,Jacket,Clothing,3,2272.9,delivered
9696,54B1aA99e7e6d61,2024-11-07,Python Book,Books,2,2559.13,delivered
9697,7baDbB807ccAbB5,2024-10-13,Jeans,Clothing,1,1367.2,paid
9698,1A8eECeCABd2Ca9,2025-11-16,Machine Learning,Books,3,149.13,shipped
9699,bdc3C958a1F5cD4,2025-11-19,Machine Learning,Books,2,864.05,paid
9700,A84D0bcB4E19B8F,2025-07-04,Python Book,Books,3,543.06,paid
9701,Cd1E088fe290dA6,2025-08-09,Laptop,Electronics,5,1592.89,shipped
9702,cB4a73A4FD8C90b,2025-07-07,Data Engineering,Books,2,1634.94,paid
9703,D5cDBF8b7Abf650,2025-04-19,Machine Learning,Books,5,543.94,cancelled
9704,d4f1C2395f1f37d,2025-04-11,Monitor,Electronics,2,2486.61,cancelled
9705,2aCbbdbfb24C159,2025-05-25,SQL Guide,Books,4,58.45,paid
9706,CeB1c4d7D786bCa,2024-05-19,Jacket,Clothing,1,2429.2,shipped
9707,E4dB5E4aA4a49cc,2025-08-19,Jeans,Clothing,1,67.52,created
9708,A93662d1de407Fd,2026-04-01,Monitor,Electronics,3,1408.38,shipped
9709,B1e762fCe562f5b,2025-08-06,Headphones,Electronics,4,1218.47,created
9710,Beb9F3Da3DAaa9d,2025-10-07,Monitor,Electronics,5,2155.61,shipped
9711,C3EeB3EEe89aaF6,2025-08-01,Data Engineering,Books,4,2665.94,cancelled
9712,Fea9e36e3ca19BB,2025-04-27,T-Shirt,Clothing,3,1349.23,delivered
9713,cFd63c1eF0faEd5,2025-06-20,Machine Learning,Books,3,797.61,shipped
9714,Cd01b4bEC8B2eA3,2024-09-08,iPhone,Electronics,5,1794.35,cancelled
9715,ec1a244f897d9eF,2026-03-07,Headphones,Electronics,4,2805.87,paid
9716,0E68dc8BBAB921e,2025-04-26,Python Book,Books,4,2866.09,cancelled
9717,534bBbf880D2A0b,2024-08-05,Sneakers,Clothing,1,2698.82,paid
9718,BfEeaE20A87bfaC,2024-05-27,SQL Guide,Books,2,2456.22,delivered
9719,17Ab9AEA362cdB2,2025-09-25,Laptop,Electronics,2,1239.11,paid
9720,f7b46a42B7cEc51,2025-09-26,Sneakers,Clothing,1,704.39,delivered
9721,f194F5fB4ff573c,2024-11-18,Jeans,Clothing,5,2369.55,created
9722,0a43Db33EB0f98a,2025-12-30,Machine Learning,Books,1,1459.24,delivered
9723,C5fFB4c5ab31a67,2025-09-26,Jeans,Clothing,1,2431.53,paid
9724,AE933cd8CC4cdfF,2025-11-09,Machine Learning,Books,2,2170.79,cancelled
9725,32F2bC6ab7cad6C,2024-05-11,Sneakers,Clothing,2,2771.72,shipped
9726,494952EbB37EeC5,2024-07-26,Machine Learning,Books,2,2225.9,delivered
9727,FBC5c2f3Bab9eee,2026-02-09,Monitor,Electronics,4,809.27,delivered
9728,dB96C8De13BfD90,2025-08-12,iPhone,Electronics,2,1524.68,delivered
9729,AD4BeDEBfF244E1,2024-09-10,iPhone,Electronics,1,1931.09,shipped
9730,1ce67f91f207dAf,2025-12-09,Machine Learning,Books,2,798.76,shipped
9731,59d3Cd65f10138E,2025-11-27,Machine Learning,Books,3,2054.55,created
9732,eBf7F45BF70fE2D,2024-09-07,Jacket,Clothing,1,898.49,cancelled
9733,d806fFD3D3ba84B,2025-08-09,Jeans,Clothing,3,2279.13,paid
9734,Fd03d045D6ca744,2024-07-09,Jeans,Clothing,3,2683.83,cancelled
9735,1Aa0fAc7eccbcCA,2025-10-13,SQL Guide,Books,1,2582.36,paid
9736,DeD153c9AD0Ccb0,2025-07-08,Sneakers,Clothing,2,2449.62,shipped
9737,a3bAfE5FC75A9ce,2025-03-12,Keyboard,Electronics,4,2584.25,cancelled
9738,ac015c59BCBf384,2024-07-14,iPhone,Electronics,4,498.16,shipped
9739,60469ebccA16FcE,2025-08-25,SQL Guide,Books,5,1286.63,paid
9740,D13EB16c94aecc3,2025-03-07,Jacket,Clothing,1,2564.61,paid
9741,e8De4e51e1cB2b7,2025-01-11,Sneakers,Clothing,5,2747.14,paid
9742,45d84c3346E5063,2026-02-19,Jeans,Clothing,2,2433.69,shipped
9743,2f3b5da7Edf946f,2025-10-16,SQL Guide,Books,5,1112.15,cancelled
9744,1bE5E83CD5bE87f,2024-12-13,iPhone,Electronics,2,2272.09,paid
9745,27a2aC45De9695d,2024-11-14,Headphones,Electronics,3,1361.22,created
9746,A2724d2a24A084b,2024-10-31,Sneakers,Clothing,5,2674.39,delivered
9747,050843bbF68F41b,2025-05-07,SQL Guide,Books,2,251.2,delivered
9748,6F9F9AAD6D7c54F,2025-06-07,Sneakers,Clothing,3,135.59,delivered
9749,2C3cecF26952498,2024-10-22,Sneakers,Clothing,5,2893.77,paid
9750,2fD2c89BC9FE3fe,2025-01-26,iPhone,Electronics,5,1148.31,cancelled
9751,33Fc3F5C76AA863,2025-03-28,Sneakers,Clothing,5,1105.98,shipped
9752,aeF2abD91ea83B0,2024-12-30,Headphones,Electronics,3,2740.36,delivered
9753,93Bf914eA13e328,2024-09-25,Machine Learning,Books,2,2775.33,delivered
9754,A63d794fdBC6f9a,2024-05-24,Jeans,Clothing,4,154.53,paid
9755,6FbE5fF6aaC2968,2025-07-24,Machine Learning,Books,5,1074.11,created
9756,aF57EDfdCE9d75a,2025-04-17,Sneakers,Clothing,5,1596.99,created
9757,B79BC5D48Ea8fa1,2026-01-06,iPhone,Electronics,4,2154.92,shipped
9758,20FB27C5ECdbe47,2024-06-05,Data Engineering,Books,3,2409.12,shipped
9759,ddcbcd7c72A97cE,2025-08-05,iPhone,Electronics,5,2712.01,paid
9760,935117BcBC72A31,2025-07-25,T-Shirt,Clothing,3,1039.08,paid
9761,C6afD8DE1A87ABd,2024-12-02,Machine Learning,Books,5,1102.46,created
9762,B5c172f7EC9bFBc,2025-07-29,T-Shirt,Clothing,3,1266.2,delivered
9763,1F4efF1Aafe0491,2026-01-01,Python Book,Books,5,208.48,shipped
9764,fBD0512f7ceF2aD,2024-09-07,Sneakers,Clothing,3,700.46,delivered
9765,Bd51d4A1E2efCfA,2025-06-09,Python Book,Books,2,271.21,cancelled
9766,Aa3aEfeAfc4B77c,2024-11-25,Jeans,Clothing,5,2993.98,created
9767,A2563e8deaCB054,2026-04-16,Machine Learning,Books,5,2321.66,delivered
9768,8aB19bbC366b719,2025-01-04,Jeans,Clothing,2,1761.61,created
9769,CDa7d6279e70B3e,2025-05-24,Jeans,Clothing,1,2737.88,delivered
9770,B4DF9d1Cbf04764,2026-02-03,Headphones,Electronics,1,2719.51,created
9771,da3FAEEbc879b0e,2025-10-27,Sneakers,Clothing,5,1906.92,created
9772,620F9Bf6D260a73,2026-01-10,T-Shirt,Clothing,2,1693.8,delivered
9773,5D0aB8AbFc967FD,2025-08-21,Python Book,Books,2,2219.38,paid
9774,Fd6bfC58eCD2AeB,2024-12-31,Keyboard,Electronics,4,1027.16,cancelled
9775,22FdFcA0Fa3FA1b,2026-04-05,Jeans,Clothing,2,365.25,cancelled
9776,2efcacBDabDC01B,2024-06-05,Keyboard,Electronics,2,1247.03,cancelled
9777,751abEF5D0Ba41D,2025-03-14,iPhone,Electronics,1,2727.34,delivered
9778,2C8D2D8801dfD05,2026-03-22,Python Book,Books,2,1237.71,created
9779,01fEfbAb6c6D6f7,2025-06-01,Python Book,Books,2,310.23,delivered
9780,D4b7CCB876771E5,2024-06-12,Jeans,Clothing,4,2715.59,shipped
9781,596BAcF10ef4726,2024-10-03,Data Engineering,Books,4,353.58,shipped
9782,b4E458e15AbCE9d,2024-07-07,Laptop,Electronics,2,284.98,created
9783,bb1875bE456e3cb,2024-05-31,Sneakers,Clothing,2,1310.9,delivered
9784,b8cDBdD5F948B13,2026-04-14,Data Engineering,Books,4,2081.93,delivered
9785,cCC7dbaC2e839dD,2024-09-10,iPhone,Electronics,1,501.9,cancelled
9786,4CAf99f8Eef22f1,2025-03-14,Jeans,Clothing,4,1174.8,created
9787,A0c935C1AeA552C,2026-04-17,Sneakers,Clothing,4,575.93,delivered
9788,D05da9746bC3b92,2024-09-21,Jacket,Clothing,5,2822.31,delivered
9789,3F8981c8b66141D,2026-03-19,T-Shirt,Clothing,2,2900.83,delivered
9790,8Ccf474aDba4a1C,2024-12-08,Keyboard,Electronics,1,707.88,shipped
9791,6548d7bFF5ac05A,2026-02-23,Jacket,Clothing,1,1780.28,delivered
9792,b2BEcF8CDb2EC0C,2025-07-23,Headphones,Electronics,2,812.22,paid
9793,1CAE0eE62D4cb99,2024-10-21,Python Book,Books,1,1557.54,paid
9794,0d53E68Ad3d5E51,2025-04-15,Machine Learning,Books,2,835.97,cancelled
9795,Ffc1adbcfd46c48,2025-10-08,Jacket,Clothing,2,1936.67,cancelled
9796,8d1dDefDbE0eBeb,2024-06-14,Headphones,Electronics,2,2734.51,shipped
9797,FADa48FBd13c670,2025-10-16,Headphones,Electronics,1,678.88,created
9798,Ac10064Ae6A209c,2025-05-21,Data Engineering,Books,2,783.71,shipped
9799,Bb83c90beF48fE1,2024-08-08,Machine Learning,Books,4,934.31,created
9800,6C48AD5d0Bb2caD,2025-02-23,iPhone,Electronics,2,89.37,created
9801,3fF234044c3cDBF,2025-03-31,T-Shirt,Clothing,5,1527.08,shipped
9802,Bd7A5ADAF8bc693,2025-05-02,Jacket,Clothing,1,305.1,created
9803,ab5b4681DD1aaf5,2025-05-28,Monitor,Electronics,1,2778.35,delivered
9804,5Dc54D5aE0Df3B4,2024-09-20,T-Shirt,Clothing,1,581.61,cancelled
9805,cb62B4AeECDdBCb,2026-03-03,iPhone,Electronics,5,1712.32,paid
9806,2dDad8f0fb7C13D,2024-07-30,Sneakers,Clothing,3,1176.01,delivered
9807,Fc154cc43e4a3b6,2025-08-01,Jeans,Clothing,4,384.7,paid
9808,4ABefBcba918bDd,2026-03-21,Machine Learning,Books,3,763.94,created
9809,bB66616818d66B7,2025-11-04,Data Engineering,Books,1,1208.91,paid
9810,06FCF1a4F0de06f,2025-07-10,SQL Guide,Books,3,596.65,shipped
9811,D447ef9E4f0D9Cc,2024-07-19,Python Book,Books,1,622.28,paid
9812,C503fE4D7f3E5db,2025-12-20,T-Shirt,Clothing,2,2107.44,cancelled
9813,6d708B1B7a3aFE7,2024-11-05,SQL Guide,Books,3,924.51,shipped
9814,27e2FDC5EA67Afc,2025-12-07,SQL Guide,Books,4,2269.49,delivered
9815,A0eCeFA1Cc8Bbed,2026-04-22,Jacket,Clothing,2,567.7,created
9816,4E4bFbfbD9A2773,2025-06-30,iPhone,Electronics,3,2368.4,created
9817,defa03584fC9fB9,2025-02-10,Sneakers,Clothing,2,1788.07,shipped
9818,1A1F4EdFCFb2c2B,2025-06-12,Python Book,Books,2,2728.9,shipped
9819,dBE547ee791B90E,2025-09-12,SQL Guide,Books,4,512.95,created
9820,3F057A92bed9A4b,2025-01-10,Data Engineering,Books,1,199.17,cancelled
9821,F60D9a90dccb9BD,2025-11-06,iPhone,Electronics,2,2474.64,cancelled
9822,C02be980caC38B3,2025-07-24,iPhone,Electronics,5,1405.94,created
9823,79502Dd6ab1e116,2026-03-09,SQL Guide,Books,3,968.14,shipped
9824,2B9c61aCec53Aec,2026-02-20,T-Shirt,Clothing,3,2162.69,delivered
9825,AeeFf4D8Cc5ada7,2025-06-27,SQL Guide,Books,2,2304.98,paid
9826,DF8BAD8471DB2b8,2026-04-08,Machine Learning,Books,1,124.15,paid
9827,f1dc899824B3d47,2024-10-26,T-Shirt,Clothing,5,1996.8,cancelled
9828,63a4D581E628b01,2025-11-17,Headphones,Electronics,1,170.07,paid
9829,8e6e3B79cCcddC4,2025-05-14,Monitor,Electronics,4,2245.7,shipped
9830,FbBaa9718f3DE9F,2025-07-05,T-Shirt,Clothing,1,491.49,shipped
9831,a0ddEc6Ecbe0088,2024-12-02,SQL Guide,Books,4,1307.45,shipped
9832,842BB1DaEc233B0,2025-08-30,T-Shirt,Clothing,3,1378.97,shipped
9833,52Fb44aFEe55dce,2024-08-12,Headphones,Electronics,3,2580.44,paid
9834,Bff8Be78a9C324f,2025-04-11,Laptop,Electronics,4,1033.25,shipped
9835,2f0e3dE3aaE5F10,2024-08-28,Data Engineering,Books,2,1840.91,delivered
9836,Ec903cE7A5bDd40,2024-05-08,Sneakers,Clothing,3,138.08,created
9837,a1Bc2aa5F7a9d09,2025-04-08,Jacket,Clothing,2,2552.89,paid
9838,fdad2d1D8f15AEA,2024-12-17,Data Engineering,Books,5,1416.41,created
9839,8f5C8C6B3Db0573,2024-10-28,Jeans,Clothing,3,2104.32,created
9840,BaFadF3c79966F2,2024-05-18,Sneakers,Clothing,3,1736.41,paid
9841,A8a4A6D9ce05876,2024-11-11,Jacket,Clothing,4,2731.52,paid
9842,F0E4D63e0a7186b,2025-10-24,Keyboard,Electronics,2,2055.78,paid
9843,55C9fE396Ac3ba7,2024-09-06,Headphones,Electronics,4,2432.97,delivered
9844,9deB368B369a8e0,2026-02-20,Python Book,Books,4,2798.52,cancelled
9845,4dB03bc119e6893,2024-09-04,Laptop,Electronics,2,1532.75,created
9846,7Af54e06AC8EcBd,2024-10-25,Python Book,Books,3,981.3,shipped
9847,AcA139dE00aFFC2,2024-08-06,T-Shirt,Clothing,3,149.9,shipped
9848,cDDdeb0Ec7C8e56,2026-01-23,SQL Guide,Books,4,2049.64,cancelled
9849,63cf7CeEE6db8Cb,2025-02-05,Python Book,Books,3,2005.57,delivered
9850,2d3AfcC89Fc7A5D,2025-05-07,Machine Learning,Books,4,680.48,cancelled
9851,782d84cb78c8F0A,2025-07-19,Sneakers,Clothing,5,2394.14,cancelled
9852,CC9A829D5463c1f,2025-08-11,T-Shirt,Clothing,5,94.83,shipped
9853,D92C21e59aC3b26,2024-10-27,Keyboard,Electronics,1,612.99,delivered
9854,E85739f62aBfBca,2026-02-05,SQL Guide,Books,4,28.26,cancelled
9855,5aBBFE69daf4f08,2025-12-13,Laptop,Electronics,2,1374.32,delivered
9856,8F1838a29Ce10C1,2025-12-24,T-Shirt,Clothing,2,1835.96,shipped
9857,745D6077C2f1feE,2026-01-26,Machine Learning,Books,5,16.32,delivered
9858,8c333dd02a2f0Be,2024-07-14,Python Book,Books,3,365.11,created
9859,eeb7A85B32Db1cD,2025-08-13,Python Book,Books,1,132.52,created
9860,13fe9D4aCF33DDf,2025-05-29,iPhone,Electronics,2,366.36,shipped
9861,7edb6a1D8e9db7A,2025-01-18,Machine Learning,Books,1,2443.42,created
9862,b0146690B7ae38D,2026-02-10,Python Book,Books,5,1486.52,cancelled
9863,3Bbf9bCD29Bf77B,2024-07-13,Jacket,Clothing,4,2322.66,delivered
9864,CB945BAd00B8A7c,2025-12-13,Machine Learning,Books,1,1304.54,shipped
9865,dBdb4b13Cf790eC,2025-01-01,Machine Learning,Books,2,1119.51,cancelled
9866,abDee5d3669c3E2,2024-11-12,Sneakers,Clothing,5,2024.58,shipped
9867,ED8fFcC75D81E5c,2024-10-04,Sneakers,Clothing,2,1103.4,cancelled
9868,AFEBDa2EEfFCB73,2025-11-21,Jacket,Clothing,4,2273.25,paid
9869,c7bd1eDD96CFc6a,2025-05-20,Headphones,Electronics,5,2116.12,paid
9870,7D0CF9D33A3eb35,2024-05-26,Sneakers,Clothing,5,1684.82,shipped
9871,E0988e0Bb679aF0,2024-09-05,Sneakers,Clothing,3,2854.05,cancelled
9872,7C0fE15bBD318fD,2026-01-31,Keyboard,Electronics,1,2126.22,created
9873,DD82Ee47D86C7Ad,2024-09-19,Data Engineering,Books,3,897.86,paid
9874,c3ACfdaca1fBdaF,2025-11-16,Python Book,Books,3,947.35,delivered
9875,DcCDF3BbaCBdAEb,2025-01-28,Laptop,Electronics,3,2084.23,cancelled
9876,9aa1b81Ec5B6fD0,2024-11-11,Jeans,Clothing,3,1943.35,delivered
9877,7f6fe8ed08ed28F,2026-05-06,Monitor,Electronics,1,11.38,delivered
9878,A829c0467F8af3f,2024-09-14,Machine Learning,Books,1,974.2,paid
9879,C91A2C60dFDBB2D,2025-07-13,Laptop,Electronics,2,565.82,paid
9880,6c00E7B6CD8d245,2025-06-20,Python Book,Books,2,173.28,created
9881,9C44aB337a58dAA,2025-04-24,Data Engineering,Books,2,1731.01,paid
9882,3D4BFfbfBF151cb,2026-04-17,T-Shirt,Clothing,5,2416.41,created
9883,F4ad670aE8AcB95,2026-01-26,SQL Guide,Books,1,2192.6,delivered
9884,f677a88AA9d88d6,2025-02-20,Jeans,Clothing,4,2764.09,delivered
9885,d2E486C6AF06cD1,2026-03-25,Python Book,Books,2,1692.88,paid
9886,bd99e610b5fAbAe,2024-10-31,Python Book,Books,1,782.05,paid
9887,1AFc5Fdd7691e2f,2024-11-12,Machine Learning,Books,5,2080.9,delivered
9888,FB4a204e2C5666D,2025-10-14,SQL Guide,Books,2,1181.54,paid
9889,F2B9a420C8c2fe3,2024-11-09,Data Engineering,Books,4,1578.83,shipped
9890,fF886eaeDaEF687,2025-04-07,Jacket,Clothing,1,2587.01,delivered
9891,459eEC3Dbb1cDEC,2025-02-15,Laptop,Electronics,5,1941.21,paid
9892,E9F03D76fD75dcD,2024-07-27,Jeans,Clothing,1,252.99,shipped
9893,9bB43cd1bddca16,2025-12-19,Jeans,Clothing,5,97.96,shipped
9894,0f185B255e4E17e,2024-06-22,Machine Learning,Books,5,2937.76,delivered
9895,c7fE1A5beA0b45f,2024-10-13,Data Engineering,Books,3,1201.62,created
9896,851e4c80E26ADdd,2024-07-18,Python Book,Books,2,215.28,cancelled
9897,f5a5E1f11e27ba3,2025-05-04,Machine Learning,Books,4,1054.26,created
9898,85544Fa3E2FbBff,2026-01-28,Laptop,Electronics,5,272.0,created
9899,2c4ABf694aDa24f,2024-11-07,Data Engineering,Books,4,2052.27,cancelled
9900,1ec0A427623BCDf,2024-09-13,Python Book,Books,3,685.35,cancelled
9901,df58b7De32dAaba,2025-01-13,Monitor,Electronics,1,354.94,delivered
9902,2CAf4d3f54BfFAE,2026-02-21,Monitor,Electronics,2,1653.87,shipped
9903,Bb7b7c7f874e51c,2024-05-29,Python Book,Books,3,2751.78,delivered
9904,7800658C0E36Fae,2024-12-30,Keyboard,Electronics,2,2918.31,created
9905,01D5DB952eA33F4,2025-03-08,Laptop,Electronics,3,1500.61,delivered
9906,CD05D11a11B75F4,2026-03-28,Laptop,Electronics,5,2414.16,shipped
9907,83bBD82a7cad5e9,2025-05-18,Keyboard,Electronics,5,1189.08,created
9908,2aa9bBEFF46e914,2025-04-16,Jacket,Clothing,4,2501.73,cancelled
9909,9aDdAA5d6cED9ba,2024-11-11,Headphones,Electronics,5,2787.4,cancelled
9910,f63485Af879E70C,2025-09-22,Sneakers,Clothing,5,1060.42,created
9911,c0beEcFAEFD4A7D,2024-09-27,Monitor,Electronics,3,1823.48,shipped
9912,0Aa4Da32540EAce,2025-02-26,Python Book,Books,3,2440.83,created
9913,baDcA667FADcBe2,2025-11-30,Python Book,Books,2,798.08,created
9914,6BA7d3a9F22B1DC,2024-07-07,Monitor,Electronics,3,1708.52,created
9915,6e5C83De43FbDF2,2025-04-05,Monitor,Electronics,1,2352.88,cancelled
9916,1aCeC0f24894E29,2025-03-20,Monitor,Electronics,2,2546.76,delivered
9917,f0AeCE6bcf3c40A,2025-02-27,Headphones,Electronics,2,1239.63,cancelled
9918,e052FCa20C433aC,2024-05-19,Keyboard,Electronics,2,2081.04,shipped
9919,4Ec5Aa4B4d4b03f,2024-09-15,T-Shirt,Clothing,2,191.77,cancelled
9920,Cf4F5fFedE2d5eE,2026-01-26,Jeans,Clothing,1,277.97,created
9921,39BBb4fEbdB7b63,2024-09-23,Data Engineering,Books,4,1909.83,shipped
9922,A6C700Fc784B5b4,2024-06-22,Laptop,Electronics,4,226.51,delivered
9923,1bafE43E4C987E5,2024-06-18,Jacket,Clothing,2,2026.06,created
9924,52E4A48AbBFAdCd,2025-04-09,Headphones,Electronics,2,436.18,cancelled
9925,BD8133F93f413f4,2026-04-16,Jeans,Clothing,5,2006.48,shipped
9926,8C21bFF8Ac0810C,2026-04-03,Monitor,Electronics,5,69.49,shipped
9927,AB21CC681FbF10F,2024-11-29,Python Book,Books,4,517.44,shipped
9928,4e4e800C4c397fa,2024-07-07,Data Engineering,Books,4,655.54,shipped
9929,EDA9e76a8108B1a,2025-02-08,Monitor,Electronics,5,1826.01,shipped
9930,2b9b1E603E1DE7C,2024-10-22,Laptop,Electronics,3,2272.15,delivered
9931,aBa2b360995bdEd,2025-12-20,Headphones,Electronics,1,2479.64,shipped
9932,cEA3aCd54EeE01b,2024-12-09,Keyboard,Electronics,4,1813.51,created
9933,970fDF7DBD467Bd,2025-04-28,SQL Guide,Books,1,1218.0,cancelled
9934,4E3bfB7e7Fb86D6,2026-01-10,Jacket,Clothing,5,488.92,paid
9935,6DFbCEBcdFA26Ae,2025-11-12,T-Shirt,Clothing,2,2422.18,cancelled
9936,0d7e3E4Fe37838e,2024-08-30,Jacket,Clothing,1,2919.19,cancelled
9937,da14BDFCD0Bb2F0,2025-05-08,SQL Guide,Books,4,928.92,delivered
9938,E9d94DE1f359cAa,2026-03-27,Python Book,Books,4,2366.68,cancelled
9939,Ac85054070731dF,2024-08-22,SQL Guide,Books,3,2775.53,created
9940,ceE1D3DbDAf6531,2025-10-27,Machine Learning,Books,2,28.24,delivered
9941,7f2DDBFe0e17cCB,2025-05-10,Python Book,Books,3,468.79,created
9942,c3CC09c9eEA6D02,2024-09-26,SQL Guide,Books,2,82.95,paid
9943,0BcD9fA6F3dcB4A,2024-06-02,Data Engineering,Books,3,1772.29,cancelled
9944,FabcD54bBE625ac,2024-07-13,Monitor,Electronics,5,2777.74,cancelled
9945,0Ed29930DAb980f,2026-04-07,T-Shirt,Clothing,4,1033.65,paid
9946,AfcF347EAfbC5a3,2025-08-27,iPhone,Electronics,2,2156.67,delivered
9947,E5A54FcCA33C429,2026-01-18,T-Shirt,Clothing,5,1377.87,paid
9948,C67C7D3a1d18bBf,2025-07-24,iPhone,Electronics,1,2932.17,paid
9949,7DcCf8a6FAcDB43,2024-12-30,Jeans,Clothing,2,694.0,paid
9950,7f521BE649Bff19,2025-03-06,SQL Guide,Books,1,839.74,cancelled
9951,aeCeADecE252A4B,2026-02-12,Headphones,Electronics,3,2584.94,cancelled
9952,8ffda862C2BF459,2024-05-23,Data Engineering,Books,3,789.83,paid
9953,84cDb6e903052Dc,2026-03-10,iPhone,Electronics,5,911.9,paid
9954,bACD662a20b8cEF,2025-05-09,T-Shirt,Clothing,5,93.44,paid
9955,C1CE86fbcCc0d26,2025-03-14,Jeans,Clothing,1,510.49,shipped
9956,cD19Ceb7F98126F,2025-07-21,Data Engineering,Books,2,2841.85,shipped
9957,542795C7eDD41EE,2024-11-07,Python Book,Books,4,1923.66,paid
9958,9Fa9Fc81D85ffDf,2024-05-18,Headphones,Electronics,2,2125.75,delivered
9959,3EEbC9F98F2fa44,2025-04-17,Monitor,Electronics,1,2560.01,created
9960,0dbbAC4BEC35BA0,2025-02-16,Keyboard,Electronics,2,926.43,delivered
9961,5e5E40C930cd678,2025-10-27,Monitor,Electronics,4,233.85,shipped
9962,978D6da5a3acdCB,2025-02-18,Data Engineering,Books,5,2669.74,shipped
9963,67dC9dcB32AF8Ab,2024-10-19,Headphones,Electronics,5,373.73,delivered
9964,D4fa46fdF3C28bF,2026-01-17,iPhone,Electronics,5,1681.11,created
9965,2C8dF2a19FD1Ecb,2025-07-03,Machine Learning,Books,5,2317.42,delivered
9966,D7D0E8beF8B83e3,2025-12-28,Jeans,Clothing,4,144.25,delivered
9967,44c67f89e50c9dc,2026-03-06,Data Engineering,Books,1,1892.21,created
9968,6f84FFBD6affeF0,2026-02-16,iPhone,Electronics,3,2055.69,shipped
9969,AB3748Aa200f0FD,2025-09-20,Keyboard,Electronics,4,2731.62,paid
9970,dbEE0D9F8fD2269,2024-09-24,Keyboard,Electronics,2,1639.22,created
9971,7fADA0c480d4eD2,2024-05-16,Python Book,Books,4,2851.87,delivered
9972,1C0bf6aeB4F70d3,2024-08-01,T-Shirt,Clothing,5,1687.86,paid
9973,6cD846802e0de3f,2025-01-31,Data Engineering,Books,1,2378.0,cancelled
9974,eB3B92e2A6eAF2e,2025-01-29,Monitor,Electronics,1,1456.74,paid
9975,93fEdaB943cF130,2025-12-14,Python Book,Books,2,1024.99,shipped
9976,216CDd559d9CEBF,2025-04-21,Jeans,Clothing,4,389.23,paid
9977,3bbcfE0D4F9fBb0,2025-04-03,iPhone,Electronics,4,1694.27,shipped
9978,21B1DBf2667a8b1,2025-01-22,SQL Guide,Books,4,1070.0,cancelled
9979,dF775D733baD8c5,2025-11-18,Keyboard,Electronics,1,2822.26,shipped
9980,bff59a5cd2E2B84,2024-05-12,Keyboard,Electronics,2,895.37,created
9981,77eCc753925e2ea,2025-04-10,Jeans,Clothing,1,1012.1,delivered
9982,D83ecD1df91Ed0C,2025-05-13,Sneakers,Clothing,1,795.49,created
9983,EC59Fe36cce3Acb,2024-08-13,Headphones,Electronics,4,2421.12,paid
9984,Ea16E249F13f689,2025-07-25,Data Engineering,Books,5,1330.31,delivered
9985,Ea2B71eEdFAa4ad,2025-02-09,iPhone,Electronics,4,2771.41,cancelled
9986,ed31924baeecEBE,2026-02-12,Python Book,Books,3,1437.64,paid
9987,AFFDe6ae5156A37,2025-03-02,Machine Learning,Books,1,2178.37,delivered
9988,FFb32a16e74cB9D,2024-10-19,iPhone,Electronics,2,1279.37,created
9989,0B6Bd9aBDa098Ea,2024-05-18,Machine Learning,Books,5,2145.37,shipped
9990,70e1fbc2e9a8BDB,2024-11-05,Keyboard,Electronics,1,345.95,delivered
9991,a8F2Ee9EAb9c05b,2025-03-22,Jeans,Clothing,5,1748.7,paid
9992,992ECC7016918ed,2025-07-09,Headphones,Electronics,3,929.28,shipped
9993,2612872C63f880d,2025-12-30,Keyboard,Electronics,3,587.31,paid
9994,CC2f9AB802535D8,2024-05-23,iPhone,Electronics,1,1777.47,delivered
9995,E3758Cf4dB8fE75,2026-03-08,Keyboard,Electronics,3,1834.63,paid
9996,97AdaF8b7bE2dEC,2026-04-21,Data Engineering,Books,1,1706.2,created
9997,eff0Ad2BaBd1b77,2025-06-03,Python Book,Books,1,1584.89,created
9998,Cf51F97be939bAE,2025-04-22,Laptop,Electronics,4,385.02,cancelled
9999,cfBbb9A14DDf73c,2026-04-25,Keyboard,Electronics,3,2895.59,shipped
10000,EAFd178539Ef4BD,2024-10-20,Python Book,Books,4,57.73,created
